ride_id,rideable_type,started_at,ended_at,start_station_name,start_station_id,end_station_name,end_station_id,start_lat,start_lng,end_lat,end_lng,member_casual
R90400001,classic_bike,2026-08-17 00:15:31,2026-08-17 00:22:51,Broadway and W 41 St,6732.19,W 33 St & 7 Ave,6594.06,40.7553,-73.9868,40.7502,-73.9908,member
R90400002,classic_bike,2026-08-17 00:43:25,2026-08-17 00:49:44,W 20 St & 11 Ave,5160.04,8 Ave & W 31 St,6359.12,40.7465,-74.0077,40.7505,-73.9947,casual
R90400003,electric_bike,2026-08-17 01:25:14,2026-08-17 01:34:24,1 Ave & E 68 St,6056.19,E 47 St & Park Ave,6462.07,40.7651,-73.9582,40.7550,-73.9750,member
R90400004,classic_bike,2026-08-17 02:44:00,2026-08-17 03:06:04,Lafayette St & E 8 St,5906.08,Broadway & Battery Pl,6881.14,40.7302,-73.9911,40.7045,-74.0136,member
R90400005,classic_bike,2026-08-17 04:13:52,2026-08-17 04:37:27,W 33 St & 7 Ave,6594.06,West St & Chambers St,6917.09,40.7502,-73.9908,40.7175,-74.0132,casual
R90400006,electric_bike,2026-08-17 04:21:51,2026-08-17 04:31:39,University Pl & E 14 St,5183.03,E 7 St & Avenue A,5428.06,40.7349,-73.9922,40.7263,-73.9838,casual
R90400009,electric_bike,2026-08-17 05:05:52,2026-08-17 05:14:13,W 26 St & 8 Ave,6253.07,Christopher St & Greenwich St,6202.07,40.7472,-73.9973,40.7329,-74.0071,casual
R90400007,electric_bike,2026-08-17 05:29:38,2026-08-17 05:41:53,E 7 St & Avenue A,5428.06,W 17 St & 8 Ave,5891.11,40.7263,-73.9838,40.7418,-74.0015,casual
R90400011,classic_bike,2026-08-17 05:37:26,2026-08-17 05:47:02,W 33 St & 7 Ave,6594.06,Pershing  Square North,6711.03,40.7502,-73.9908,40.7518,-73.9778,casual
R90400008,classic_bike,2026-08-17 05:51:50,2026-08-17 05:59:48,W 20 St & 11 Ave,5160.04,W 17 St & 8 Ave,5891.11,40.7465,-74.0077,40.7418,-74.0015,casual
R90400010,electric_bike,2026-08-17 05:52:17,2026-08-17 06:01:00,W 26 St & 8 Ave,6253.07,Broadway & W 41 St,6732.19,40.7472,-73.9973,40.7553,-73.9868,member
R90400017,electric_bike,2026-08-17 06:02:05,2026-08-17 06:13:15,W 21 St & 6 Ave,6173.11,Pershing Square North,6711.03,40.7417,-73.9942,40.7518,-73.9778,member
R90400030,classic_bike,2026-08-17 06:05:07,2026-08-17 06:19:16,Lexington Ave & E 63 St,5734.15,Pershing Square North,6711.03,40.7642,-73.9660,40.7518,-73.9778,member
R90400029,classic_bike,2026-08-17 06:05:39,2026-08-17 06:16:50,Lexington Ave & E 63 St,5734.15,W 41 St & 8 Ave,254,40.7642,-73.9660,40.7562,-73.9901,member
R90400019,classic_bike,2026-08-17 06:07:47,2026-08-17 06:15:25,Lexington Ave & E 63 St,5734.15,1 Ave & E 68 St,6056.19,40.7642,-73.9660,40.7651,-73.9582,casual
R90400025,classic_bike,2026-08-17 06:08:25,2026-08-17 06:20:53,w 26 st & 8 ave,6253.07,Pershing Square North,6711.03,40.7472,-73.9973,40.7518,-73.9778,member
R90400014,classic_bike,2026-08-17 06:12:41,2026-08-17 06:24:07,University Pl & E 14 St,5183.03,W 33 St & 7 Ave,6594.06,40.7349,-73.9922,40.7502,-73.9908,casual
R90400023,classic_bike,2026-08-17 06:12:44,2026-08-17 06:40:18,Christopher St & Greenwich St,6202.07,Pershing Square North,6711.03,40.7329,-74.0071,40.7518,-73.9778,member
R90400013,electric_bike,2026-08-17 06:24:14,2026-08-17 06:34:50,Christopher St & Greenwich St,6202.07,Vesey Pl & River Terrace,6741.09,40.7329,-74.0071,40.7153,-74.0163,casual
R90400027,classic_bike,2026-08-17 06:29:53,2026-08-17 06:50:14,E 17 St & Broadway,5307.10,W 41 St & 8 Ave,6419.19,40.7371,-73.9902,40.7562,-73.9901,member
R90400026,classic_bike,2026-08-17 06:35:02,2026-08-17 06:44:19,Vesey Pl & River Terrace,6741.09,South End Ave & Liberty St,259,40.7153,-74.0163,40.7112,-74.0158,member
R90400015,classic_bike,2026-08-17 06:40:33,2026-08-17 06:50:55,Broadway & W 41 St,6732.19,E 43 St & Vanderbilt Ave,6741.16,40.7553,-73.9868,40.7530,-73.9774,member
R90400018,electric_bike,2026-08-17 06:43:22,2026-08-17 06:57:42,1 Ave & E 68 St,6056.19,W 41 St & 8 Ave,6419.19,40.7651,-73.9582,40.7562,-73.9901,member
R90400022,classic_bike,2026-08-17 06:44:55,2026-08-17 06:49:51,University Pl & E 14 St,5183.03,W 21 St & 6 Ave,6173.11,40.7349,-73.9922,40.7417,-73.9942,member
R90400021,classic_bike,2026-08-17 06:45:13,2026-08-17 07:05:04,Lafayette St & E 8 St,5906.08,W 41 St & 8 Ave,6419.19,40.7302,-73.9911,40.7562,-73.9901,member
R90400012,classic_bike,2026-08-17 06:47:32,2026-08-17 06:58:03,E 17 St & Broadway,5307.10,8 ave & w 31 st,475,40.7371,-73.9902,40.7505,-73.9947,member
R90400028,electric_bike,2026-08-17 06:47:37,2026-08-17 07:05:44,E 75 St & 3 Ave,6186.15,Pershing Square North ,6711.03,40.7714,-73.9573,40.7518,-73.9778,casual
R90400016,classic_bike,2026-08-17 06:50:38,2026-08-17 06:55:59,University Pl & E 14 St,5183.03,Broadway & E 14 St ,6115.16,40.7349,-73.9922,40.7345,-73.9906,casual
R90400020,classic_bike,2026-08-17 06:55:03,2026-08-17 07:16:48,E 7 St & Avenue A,5428.06,W 41 St & 8 Ave ,254,40.7263,-73.9838,40.7562,-73.9901,member
R90400024,electric_bike,2026-08-17 06:56:03,2026-08-17 07:04:52,Pershing Square North,6711.03,6 Ave & W 33 St,5431.02,40.7518,-73.9778,40.7490,-73.9880,member
R90400067,electric_bike,2026-08-17 07:01:05,2026-08-17 07:18:29,Broadway  & E 14 St,6115.16,Vesey Pl & River Terrace,6741.09,40.7345,-73.9906,40.7153,-74.0163,member
R90400079,classic_bike,2026-08-17 07:06:05,2026-08-17 07:20:59,Christopher St & Greenwich St,6202.07,West St & Chambers St,6917.09,40.7329,-74.0071,40.7175,-74.0132,member
R90400071,classic_bike,2026-08-17 07:09:41,2026-08-17 07:13:22,W 45 St & 6 Ave,6785.05,E 43 St & Vanderbilt Ave,6741.16,40.7566,-73.9826,40.7530,-73.9774,casual
R90400032,classic_bike,2026-08-17 07:11:31,2026-08-17 07:18:53,E 43 St & Vanderbilt Ave,6741.16,6 Ave & W 33 St,5431.02,40.7530,-73.9774,40.7490,-73.9880,member
R90400072,electric_bike,2026-08-17 07:11:45,2026-08-17 07:21:02,Christopher St & Greenwich St,6202.07,University Pl & E 14 St,5183.03,40.7329,-74.0071,40.7349,-73.9922,casual
R90400075,classic_bike,2026-08-17 07:13:56,2026-08-17 07:40:11,E 7 St & Avenue A ,5428.06,Broadway & Battery Pl,6881.14,40.7263,-73.9838,40.7045,-74.0136,member
R90400069,classic_bike,2026-08-17 07:14:21,2026-08-17 07:34:13,E 7 St & Avenue A,5428.06,W 45 St & 6 Ave,6785.05,40.7263,-73.9838,40.7566,-73.9826,member
R90400053,classic_bike,2026-08-17 07:14:28,2026-08-17 07:29:59,South End Ave & Liberty St,6060.05,Cleveland Pl & Spring St,6679.12,40.7112,-74.0158,40.7220,-73.9973,casual
R90400060,classic_bike,2026-08-17 07:16:35,2026-08-17 07:31:01,E 72 St & York Ave,6000.10,W 45 St & 6 Ave,6785.05,40.7660,-73.9535,40.7566,-73.9826,member
R90400082,classic_bike,2026-08-17 07:16:50,2026-08-17 07:38:42,E 75 St & 3 Ave,526,W 41 St & 8 Ave,6419.19,40.7714,-73.9573,40.7562,-73.9901,member
R90400059,classic_bike,2026-08-17 07:17:23,2026-08-17 07:30:18,1 Ave & E 68 St,6056.19,E 43 St & Vanderbilt Ave ,6741.16,40.7651,-73.9582,40.7530,-73.9774,member
R90400031,classic_bike,2026-08-17 07:18:10,2026-08-17 07:35:35,Lafayette St & E 8 St,5906.08,west st & chambers st,6917.09,40.7302,-73.9911,40.7175,-74.0132,member
R90400061,electric_bike,2026-08-17 07:18:27,2026-08-17 07:28:26,E 17 St & Broadway,5307.10,Broadway & W 41 St,6732.19,40.7371,-73.9902,40.7553,-73.9868,member
R90400041,classic_bike,2026-08-17 07:18:32,2026-08-17 07:25:51,broadway & w 41 st,6732.19,W 33 St & 7 Ave,6594.06,40.7553,-73.9868,40.7502,-73.9908,member
R90400081,classic_bike,2026-08-17 07:18:38,2026-08-17 07:32:23,Lexington Ave & E 63 St,5734.15,W 41 St & 8 Ave,6419.19,40.7642,-73.9660,40.7562,-73.9901,member
R90400050,classic_bike,2026-08-17 07:19:30,2026-08-17 07:32:41,University Pl & E 14 St,5183.03,W 33 St & 7 Ave,6594.06,40.7349,-73.9922,40.7502,-73.9908,member
R90400080,classic_bike,2026-08-17 07:20:48,2026-08-17 07:32:55,Lexington Ave & E 63 St,5734.15,Pershing Square North,301,40.7642,-73.9660,40.7518,-73.9778,casual
R90400076,classic_bike,2026-08-17 07:21:29,2026-08-17 07:31:54,Lexington Ave & E 63 St,595,E 43 St & Vanderbilt Ave,6741.16,40.7642,-73.9660,40.7530,-73.9774,member
R90400049,classic_bike,2026-08-17 07:22:12,2026-08-17 07:37:16,Christopher St & Greenwich St,6202.07,Vesey Pl & River Terrace,6741.09,40.7329,-74.0071,40.7153,-74.0163,member
R90400052,classic_bike,2026-08-17 07:24:15,2026-08-17 07:34:16,University Pl & E 14 St,5183.03,Cleveland Pl & Spring St,6679.12,40.7349,-73.9922,40.7220,-73.9973,member
R90400048,classic_bike,2026-08-17 07:24:29,2026-08-17 07:39:38,E 17 St & Broadway,5307.10,W 41 St & 8 Ave,6419.19,40.7371,-73.9902,40.7562,-73.9901,member
R90400068,classic_bike,2026-08-17 07:25:08,2026-08-17 07:35:42,w 21 st & 6 ave,6173.11,Pershing Square North,6711.03,40.7417,-73.9942,40.7518,-73.9778,member
R90400078,classic_bike,2026-08-17 07:25:16,2026-08-17 07:49:24,E 7 St & Avenue A,5428.06,W 41 St & 8 Ave,6419.19,40.7263,-73.9838,40.7562,-73.9901,member
R90400058,electric_bike,2026-08-17 07:26:56,2026-08-17 07:43:06,Christopher St & Greenwich St,6202.07,Pershing Square North,6711.03,40.7329,-74.0071,40.7518,-73.9778,member
R90400054,classic_bike,2026-08-17 07:27:12,2026-08-17 07:53:22,W 21 St & 6 Ave,406,1 Ave & E 68 St,6056.19,40.7417,-73.9942,40.7651,-73.9582,casual
R90400056,classic_bike,2026-08-17 07:27:26,2026-08-17 07:46:57,Broadway & E 14 St,6115.16,Broadway & W 41 St,6732.19,40.7345,-73.9906,40.7553,-73.9868,casual
R90400055,classic_bike,2026-08-17 07:27:50,2026-08-17 07:32:11,8 Ave & W 31 St,6359.12,W 33 St & 7 Ave,6594.06,40.7505,-73.9947,40.7502,-73.9908,member
R90400036,classic_bike,2026-08-17 07:28:15,2026-08-17 07:38:28,Broadway & W 41 St,241,E 47 St & Park Ave,415,40.7553,-73.9868,40.7550,-73.9750,casual
R90400039,electric_bike,2026-08-17 07:28:59,2026-08-17 07:40:16,Broadway & E 14 St,6115.16,W 41 St & 8 Ave,6419.19,40.7345,-73.9906,40.7562,-73.9901,member
R90400066,classic_bike,2026-08-17 07:30:13,2026-08-17 07:08:13,Lexington Ave & E 63 St,5734.15,Pershing Square North,301,40.7642,-73.9660,40.7518,-73.9778,member
R90400047,classic_bike,2026-08-17 07:32:32,2026-08-17 07:42:22,Lexington Ave & E 63 St,5734.15,E 43 St & Vanderbilt Ave,6741.16,40.7642,-73.9660,40.7530,-73.9774,casual
R90400051,classic_bike,2026-08-17 07:32:39,2026-08-17 07:47:14,Broadway & W 41 St,6732.19,w 21 st & 6 ave,6173.11,40.7553,-73.9868,40.7417,-73.9942,member
R90400038,classic_bike,2026-08-17 07:32:43,2026-08-17 07:43:33,Lexington Ave & E 63 St,5734.15,E 43 St & Vanderbilt Ave,6741.16,40.7642,-73.9660,40.7530,-73.9774,member
R90400038,classic_bike,2026-08-17 07:32:43,2026-08-17 07:43:33,Lexington Ave & E 63 St,5734.15,E 43 St & Vanderbilt Ave,6741.16,40.7642,-73.9660,40.7530,-73.9774,member
R90400046,classic_bike,2026-08-17 07:34:09,2026-08-17 07:48:27,W 20 St & 11 Ave,5160.04,Broadway & W 41 St,6732.19,40.7465,-74.0077,40.7553,-73.9868,member
R90400065,electric_bike,2026-08-17 07:41:24,2026-08-17 07:54:49,Lafayette St & E 8 St,5906.08,W 41 St & 8 Ave,6419.19,40.7302,-73.9911,40.7562,-73.9901,casual
R90400064,classic_bike,2026-08-17 07:42:42,2026-08-17 07:55:55,University Pl & E 14 St,5183.03,Cleveland Pl & Spring St,6679.12,40.7349,-73.9922,40.7220,-73.9973,member
R90400040,classic_bike,2026-08-17 07:43:00,2026-08-17 08:03:15,Broadway & E 14 St,6115.16,Vesey Pl & River Terrace,6741.09,40.7345,-73.9906,40.7153,-74.0163,casual
R90400044,classic_bike,2026-08-17 07:43:19,2026-08-17 07:59:47,Broadway & E 14 St,6115.16,Vesey Pl & River Terrace,6741.09,40.7345,-73.9906,40.7153,-74.0163,member
R90400077,classic_bike,2026-08-17 07:43:55,2026-08-17 07:52:53,Pershing Square North,6711.03,W 41 St & 8 Ave,6419.19,40.7518,-73.9778,40.7562,-73.9901,member
R90400034,electric_bike,2026-08-17 07:44:26,2026-08-17 07:50:01,W 26 St & 8 Ave,6253.07,W 33 St & 7 Ave,6594.06,40.7472,-73.9973,40.7502,-73.9908,member
R90400042,classic_bike,2026-08-17 07:45:29,2026-08-17 08:03:26,Christopher St & Greenwich St,6202.07,W 33 St & 7 Ave ,6594.06,40.7329,-74.0071,40.7502,-73.9908,member
R90400045,classic_bike,2026-08-17 07:47:00,2026-08-17 08:00:55,1 Ave & E 68 St,6056.19,E 43 St & Vanderbilt Ave,6741.16,40.7651,-73.9582,40.7530,-73.9774,member
R90400062,electric_bike,2026-08-17 07:47:40,2026-08-17 08:04:17,W 20 St & 11 Ave,5160.04,E 47 St & Park Ave,6462.07,40.7465,-74.0077,40.7550,-73.9750,member
R90400073,classic_bike,2026-08-17 07:49:31,2026-08-17 08:05:37,Broadway & E 14 St,6115.16,e 43 st & vanderbilt ave,6741.16,40.7345,-73.9906,40.7530,-73.9774,member
R90400057,electric_bike,2026-08-17 07:49:46,2026-08-17 07:59:40,Cleveland Pl & Spring St,6679.12,south end ave & liberty st,259,40.7220,-73.9973,40.7112,-74.0158,member
R90400035,electric_bike,2026-08-17 07:50:42,2026-08-17 07:58:11,W 33 St & 7 Ave,6594.06,pershing square north,6711.03,40.7502,-73.9908,40.7518,-73.9778,casual
R90400033,electric_bike,2026-08-17 07:52:31,2026-08-17 07:57:32,E 75 St & 3 Ave,526,1 Ave & E 68 St ,6056.19,40.7714,-73.9573,40.7651,-73.9582,member
R90400070,classic_bike,2026-08-17 07:54:40,2026-08-17 08:04:53,W 26 St & 8 Ave,6253.07,Pershing Square North,6711.03,40.7472,-73.9973,40.7518,-73.9778,member
R90400074,classic_bike,2026-08-17 07:55:12,2026-08-17 08:05:05,W 21 St & 6 Ave,6173.11,W 33 St & 7 Ave,6594.06,40.7417,-73.9942,40.7502,-73.9908,member
R90400037,classic_bike,2026-08-17 07:57:42,2026-08-17 08:23:41,E 75 St & 3 Ave,6186.15,W 33 St & 7 Ave,6594.06,40.7714,-73.9573,40.7502,-73.9908,casual
R90400063,classic_bike,2026-08-17 07:59:10,2026-08-17 08:11:20,W 20 St & 11 Ave,5160.04,W 41 St & 8 Ave,6419.19,40.7465,-74.0077,40.7562,-73.9901,member
R90400043,classic_bike,2026-08-17 07:59:43,2026-08-17 08:27:07,E 7 St & Avenue A,5428.06,South End Ave & Liberty St,6060.05,40.7263,-73.9838,40.7112,-74.0158,member
R90400097,classic_bike,2026-08-17 08:02:30,2026-08-17 08:15:03,lexington ave & e 63 st,5734.15,Pershing Square North,301,40.7642,-73.9660,40.7518,-73.9778,casual
R90400132,electric_bike,2026-08-17 08:03:36,2026-08-17 08:12:09,pershing square north,6711.03,6 Ave & W 33 St,5431.02,40.7518,-73.9778,40.7490,-73.9880,member
R90400124,classic_bike,2026-08-17 08:03:45,2026-08-17 08:14:16,Lexington Ave & E 63 St,5734.15,W 45 St & 6 Ave,6785.05,40.7642,-73.9660,40.7566,-73.9826,member
R90400130,classic_bike,2026-08-17 08:07:18,2026-08-17 08:19:54,Lexington Ave & E 63 St,5734.15,E 43 St & Vanderbilt Ave,6741.16,40.7642,-73.9660,40.7530,-73.9774,member
R90400087,electric_bike,2026-08-17 08:07:42,2026-08-17 08:13:23,Lafayette St & E 8 St,5906.08,Cleveland Pl & Spring St,6679.12,40.7302,-73.9911,40.7220,-73.9973,member
R90400137,classic_bike,2026-08-17 08:08:17,2026-08-17 08:15:19,Lafayette St & E 8 St,5906.08,University Pl & E 14 St,5183.03,40.7302,-73.9911,40.7349,-73.9922,member
R90400123,electric_bike,2026-08-17 08:08:43,2026-08-17 08:21:29,Christopher St & Greenwich St,6202.07,Vesey Pl & River Terrace,6741.09,40.7329,-74.0071,40.7153,-74.0163,member
R90400111,classic_bike,2026-08-17 08:09:03,2026-08-17 08:26:35,Broadway & E 14 St,6115.16,Vesey Pl & River Terrace,6741.09,40.7345,-73.9906,40.7153,-74.0163,casual
R90400120,classic_bike,2026-08-17 08:09:37,2026-08-17 08:25:30,Broadway & E 14 St,6115.16,Broadway & W 41 St,6732.19,40.7345,-73.9906,40.7553,-73.9868,casual
R90400096,electric_bike,2026-08-17 08:09:52,2026-08-17 08:15:10,Carmine St & 6 Ave,6650.03,Christopher St & Greenwich St,6202.07,40.7303,-74.0022,40.7329,-74.0071,member
R90400092,classic_bike,2026-08-17 08:11:36,2026-08-17 08:28:13,E 7 St & Avenue A,5428.06,South End Ave & Liberty St,6060.05,40.7263,-73.9838,40.7112,-74.0158,member
R90400122,classic_bike,2026-08-17 08:11:44,2026-08-17 08:27:31,University Pl & E 14 St,5183.03,W 33 St & 7 Ave,6594.06,40.7349,-73.9922,40.7502,-73.9908,member
R90400093,classic_bike,2026-08-17 08:11:51,2026-08-17 08:24:51,1 Ave & E 68 St,6056.19,E 47 St & Park Ave,6462.07,40.7651,-73.9582,40.7550,-73.9750,casual
R90400121,classic_bike,2026-08-17 08:13:33,2026-08-17 08:18:38,W 45 St & 6 Ave,6785.05,E 43 St & Vanderbilt Ave,6741.16,40.7566,-73.9826,40.7530,-73.9774,member
R90400134,electric_bike,2026-08-17 08:13:59,2026-08-17 08:24:09,University Pl & E 14 St,382,Pershing Square North,6711.03,40.7349,-73.9922,40.7518,-73.9778,casual
R90400091,electric_bike,2026-08-17 08:14:26,2026-08-17 08:20:10,Lafayette St & E 8 St,5906.08,Cleveland Pl & Spring St,6679.12,40.7302,-73.9911,40.7220,-73.9973,member
R90400110,electric_bike,2026-08-17 08:15:58,2026-08-17 08:26:32,e 43 st & vanderbilt ave,6741.16,Lexington Ave & E 63 St,5734.15,40.7530,-73.9774,40.7642,-73.9660,member
R90400094,electric_bike,2026-08-17 08:17:29,2026-08-17 08:32:54,Christopher St & Greenwich St,6202.07,W 41 St & 8 Ave,6419.19,40.7329,-74.0071,40.7562,-73.9901,member
R90400116,electric_bike,2026-08-17 08:18:25,2026-08-17 08:30:02,Lexington Ave & E 63 St,5734.15,W 41 St & 8 Ave,6419.19,40.7642,-73.9660,40.7562,-73.9901,member
R90400105,classic_bike,2026-08-17 08:18:30,2026-08-17 08:24:17,Broadway & E 14 St,6115.16,Lafayette St & E 8 St,5906.08,40.7345,-73.9906,40.7302,-73.9911,member
R90400102,classic_bike,2026-08-17 08:18:53,2026-08-17 08:25:15,University Pl & E 14 St,5183.03,W 21 St & 6 Ave,6173.11,40.7349,-73.9922,40.7417,-73.9942,member
R90400085,electric_bike,2026-08-17 08:22:45,2026-08-17 08:37:43,Lafayette St & E 8 St,5906.08,W 41 St & 8 Ave,6419.19,40.7302,-73.9911,40.7562,-73.9901,member
R90400083,electric_bike,2026-08-17 08:22:56,2026-08-17 08:42:34,Christopher St & Greenwich St,6202.07,Pershing Square North,6711.03,40.7329,-74.0071,40.7518,-73.9778,casual
R90400108,electric_bike,2026-08-17 08:23:18,2026-08-17 08:31:47,E 47 St & Park Ave,6462.07,W 41 St & 8 Ave,6419.19,40.7550,-73.9750,40.7562,-73.9901,member
R90400114,classic_bike,2026-08-17 08:25:43,2026-08-17 08:40:47,Lafayette St & E 8 St,5906.08,W 33 St & 7 Ave,6594.06,40.7302,-73.9911,40.7502,-73.9908,member
R90400133,classic_bike,2026-08-17 08:26:44,2026-08-17 08:28:11,University Pl & E 14 St,5183.03,University Pl & E 14 St,5183.03,40.7349,-73.9922,40.7349,-73.9922,member
R90400107,classic_bike,2026-08-17 08:28:56,2026-08-17 08:30:35,Broadway & E 14 St,6115.16,University Pl & E 14 St,5183.03,40.7345,-73.9906,40.7349,-73.9922,member
R90400115,docked_bike,2026-08-17 08:29:00,2026-08-17 08:40:51,Lexington Ave & E 63 St,5734.15,E 43 St & Vanderbilt Ave,6741.16,40.7642,-73.9660,40.7530,-73.9774,member
R90400131,classic_bike,2026-08-17 08:29:06,2026-08-17 08:37:22,E 7 St & Avenue A,5428.06,Lafayette St & E 8 St,5906.08,40.7263,-73.9838,40.7302,-73.9911,casual
R90400089,classic_bike,2026-08-17 08:29:50,2026-08-17 08:46:35,E 72 St & York Ave,6000.10,Pershing Square North,6711.03,40.7660,-73.9535,40.7518,-73.9778,member
R90400098,classic_bike,2026-08-17 08:30:18,2026-08-17 08:38:13,Lafayette St & E 8 St,5906.08,Cleveland Pl & Spring St,6679.12,40.7302,-73.9911,40.7220,-73.9973,member
R90400136,classic_bike,2026-08-17 08:30:52,2026-08-17 08:45:51,Broadway & E 14 St,6115.16,e 43 st & vanderbilt ave,6741.16,40.7345,-73.9906,40.7530,-73.9774,casual
R90400118,electric_bike,2026-08-17 08:32:15,2026-08-17 08:44:01,Lexington Ave & E 63 St,5734.15,W 45 St and 6 Ave,6785.05,40.7642,-73.9660,40.7566,-73.9826,member
R90400100,classic_bike,2026-08-17 08:34:19,2026-08-17 08:46:29,Christopher St & Greenwich St,6202.07,West St & Chambers St,6917.09,40.7329,-74.0071,40.7175,-74.0132,member
R90400099,electric_bike,2026-08-17 08:35:13,2026-08-17 08:57:21,E 17 St & Broadway,5307.10,Broadway & Battery Pl,6881.14,40.7371,-73.9902,40.7045,-74.0136,member
R90400112,classic_bike,2026-08-17 08:39:33,2026-08-17 08:44:41,W 45 St & 6 Ave,6785.05,Pershing Square North,6711.03,40.7566,-73.9826,40.7518,-73.9778,member
R90400090,electric_bike,2026-08-17 08:40:38,2026-08-17 08:46:52,South End Ave & Liberty St,259,Vesey Pl & River Terrace,6741.09,40.7112,-74.0158,40.7153,-74.0163,casual
R90400086,classic_bike,2026-08-17 08:41:08,2026-08-17 09:13:46,8  Ave & W 31 St,6359.12,Broadway & Battery Pl,6881.14,40.7505,-73.9947,40.7045,-74.0136,member
R90400103,electric_bike,2026-08-17 08:41:34,2026-08-17 08:53:27,W 21 St & 6 Ave,6173.11,Pershing Square North,6711.03,40.7417,-73.9942,40.7518,-73.9778,member
R90400128,classic_bike,2026-08-17 08:41:37,2026-08-17 08:58:20,Lafayette St & E 8 St,5906.08,west st & chambers st,6917.09,40.7302,-73.9911,40.7175,-74.0132,member
R90400106,classic_bike,2026-08-17 08:42:08,2026-08-17 08:59:51,E 7 St & Avenue A,5428.06,6 Ave & W 33 St,5431.02,40.7263,-73.9838,40.7490,-73.9880,member
R90400127,classic_bike,2026-08-17 08:42:15,2026-08-17 09:05:20,Lexington Ave & E 63 St,5734.15,6 Ave & W 33 St,5431.02,40.7642,-73.9660,40.7490,-73.9880,member
R90400088,electric_bike,2026-08-17 08:46:38,2026-08-17 09:02:21,1 Ave & E 68 St,371,W 41 St & 8 Ave,6419.19,40.7651,-73.9582,40.7562,-73.9901,member
R90400135,classic_bike,2026-08-17 08:46:52,2026-08-17 09:09:58,E 7 St & Avenue A,5428.06,E 47 St & Park Ave,6462.07,40.7263,-73.9838,40.7550,-73.9750,member
R90400104,classic_bike,2026-08-17 08:47:03,2026-08-17 08:51:58,E 43 St & Vanderbilt Ave,6741.16,Pershing Square North,6711.03,40.7530,-73.9774,40.7518,-73.9778,member
R90400084,classic_bike,2026-08-17 08:47:46,2026-08-17 09:01:41,E 72 St & York Ave,6000.10,E 47 St & Park Ave,6462.07,40.7660,-73.9535,40.7550,-73.9750,member
R90400109,classic_bike,2026-08-17 08:49:11,2026-08-17 08:51:33,6 Ave & W 33 St,5431.02,W 33 St & 7 Ave,6594.06,40.7490,-73.9880,40.7502,-73.9908,casual
R90400117,classic_bike,2026-08-17 08:50:27,2026-08-17 09:00:00,E 17 St & Broadway,5307.10,6 Ave & W 33 St,532,40.7371,-73.9902,40.7490,-73.9880,member
R90400119,electric_bike,2026-08-17 08:50:51,2026-08-17 09:02:14,W 17 St & 8 Ave,5891.11,Pershing Square North,6711.03,40.7418,-74.0015,40.7518,-73.9778,member
R90400101,electric_bike,2026-08-17 08:52:26,2026-08-17 09:06:08,E 17 St & Broadway,5307.10,Pershing Square North,6711.03,40.7371,-73.9902,40.7518,-73.9778,member
R90400126,classic_bike,2026-08-17 08:55:53,2026-08-17 09:07:08,lexington ave & e 63 st,5734.15,E 75 St & 3 Ave,6186.15,40.7642,-73.9660,40.7714,-73.9573,member
R90400125,classic_bike,2026-08-17 08:55:55,2026-08-17 09:01:15,University Pl & E 14 St,5183.03,Lafayette St & E 8 St,5906.08,40.7349,-73.9922,40.7302,-73.9911,member
R90400129,classic_bike,2026-08-17 08:56:22,2026-08-17 09:00:52,Broadway & E 14 St,6115.16,University Pl & E 14 St,382,40.7345,-73.9906,40.7349,-73.9922,member
R90400113,classic_bike,2026-08-17 08:56:43,2026-08-17 09:08:50,Pershing Square North,6711.03,W 26 St & 8 Ave,6253.07,40.7518,-73.9778,40.7472,-73.9973,casual
R90400095,classic_bike,2026-08-17 08:59:44,2026-08-17 09:14:58,Christopher St & Greenwich St ,6202.07,W 33 St & 7 Ave,6594.06,40.7329,-74.0071,40.7502,-73.9908,member
R90400151,electric_bike,2026-08-17 09:02:58,2026-08-17 09:09:36,W 20 St & 11 Ave,5160.04,W 33 St & 7 Ave,6594.06,40.7465,-74.0077,40.7502,-73.9908,casual
R90400169,classic_bike,2026-08-17 09:03:12,2026-08-17 09:18:27,University Pl & E 14 St,5183.03,Pershing Square North,6711.03,40.7349,-73.9922,40.7518,-73.9778,casual
R90400156,classic_bike,2026-08-17 09:04:02,2026-08-17 09:09:05,w 26 st & 8 ave,6253.07,W 33 St & 7 Ave,6594.06,40.7472,-73.9973,40.7502,-73.9908,member
R90400148,classic_bike,2026-08-17 09:05:01,2026-08-17 09:18:36,W 20 St & 11 Ave,5160.04,Broadway & W 41 St,6732.19,40.7465,-74.0077,40.7553,-73.9868,member
R90400182,electric_bike,2026-08-17 09:07:22,2026-08-17 09:25:22,1 Ave & E 68 St,6056.19,Broadway & W 41 St,6732.19,40.7651,-73.9582,40.7553,-73.9868,member
R90400143,classic_bike,2026-08-17 09:07:41,2026-08-17 09:12:42,W 45 St & 6 Ave,6785.05,w 41 st & 8 ave,6419.19,40.7566,-73.9826,40.7562,-73.9901,casual
R90400172,electric_bike,2026-08-17 09:10:33,2026-08-17 09:26:20,E 7 St & Avenue A ,5428.06,South End Ave & Liberty St,6060.05,40.7263,-73.9838,40.7112,-74.0158,member
R90400159,electric_bike,2026-08-17 09:14:20,2026-08-17 09:27:44,Lexington Ave & E 63 St,5734.15,W 41 St & 8 Ave,6419.19,40.7642,-73.9660,40.7562,-73.9901,member
R90400181,electric_bike,2026-08-17 09:16:36,2026-08-17 09:26:25,E 17 St & Broadway,5307.10,Cleveland Pl & Spring St,6679.12,40.7371,-73.9902,40.7220,-73.9973,member
R90400162,classic_bike,2026-08-17 09:17:16,2026-08-17 09:23:34,Broadway and E 14 St,6115.16,Lafayette St & E 8 St,5906.08,40.7345,-73.9906,40.7302,-73.9911,member
R90400153,classic_bike,2026-08-17 09:18:00,2026-08-17 09:33:33,E 72 St & York Ave,6000.10,Pershing Square North,6711.03,40.7660,-73.9535,40.7518,-73.9778,member
R90400144,docked_bike,2026-08-17 09:18:14,2026-08-17 09:24:19,W 21 St & 6 Ave,6173.11,W 33 St & 7 Ave,6594.06,40.7417,-73.9942,40.7502,-73.9908,member
R90400176,electric_bike,2026-08-17 09:21:35,2026-08-17 09:37:34,University Pl & E 14 St,5183.03,West St & Chambers St,6917.09,40.7349,-73.9922,40.7175,-74.0132,member
R90400154,classic_bike,2026-08-17 09:22:30,2026-08-17 09:37:25,1 Ave & E 68 St,6056.19,E 43 St & Vanderbilt Ave,6741.16,40.7651,-73.9582,40.7530,-73.9774,member
R90400141,classic_bike,2026-08-17 09:22:34,2026-08-17 09:37:14,University Pl & E 14 St,5183.03,Cleveland Pl & Spring St,6679.12,40.7349,-73.9922,40.7220,-73.9973,casual
R90400173,classic_bike,2026-08-17 09:22:48,2026-08-17 09:53:33,West St & Chambers St,6917.09,E 43 St & Vanderbilt Ave,6741.16,40.7175,-74.0132,40.7530,-73.9774,member
R90400165,classic_bike,2026-08-17 09:23:52,2026-08-17 09:31:16,E 47 St and Park Ave,6462.07,Broadway & W 41 St,6732.19,40.7550,-73.9750,40.7553,-73.9868,member
R90400155,classic_bike,2026-08-17 09:24:51,2026-08-17 09:35:14,Christopher St and Greenwich St,6202.07,9 Ave & W 22 St,6088.11,40.7329,-74.0071,40.7455,-74.0019,casual
R90400139,classic_bike,2026-08-17 09:26:04,2026-08-17 09:38:21,West St & Chambers St,6917.09,broadway & battery pl,6881.14,40.7175,-74.0132,40.7045,-74.0136,member
R90400139,classic_bike,2026-08-17 09:26:04,2026-08-17 09:38:21,West St & Chambers St,6917.09,broadway & battery pl,6881.14,40.7175,-74.0132,40.7045,-74.0136,member
R90400174,classic_bike,2026-08-17 09:26:15,2026-08-17 09:47:13,Broadway & E 14 St ,6115.16,Vesey Pl & River Terrace,6741.09,40.7345,-73.9906,40.7153,-74.0163,member
R90400164,classic_bike,2026-08-17 09:28:13,2026-08-17 09:41:30,University Pl & E 14 St,5183.03,Pershing Square North,6711.03,40.7349,-73.9922,40.7518,-73.9778,member
R90400170,classic_bike,2026-08-17 09:28:46,2026-08-17 09:38:55,Lafayette St & E 8 St,5906.08,West St & Chambers St,6917.09,40.7302,-73.9911,40.7175,-74.0132,member
R90400177,classic_bike,2026-08-17 09:29:08,2026-08-17 09:38:02,w 26 st & 8 ave,6253.07,W 33 St & 7 Ave,6594.06,40.7472,-73.9973,40.7502,-73.9908,member
R90400167,classic_bike,2026-08-17 09:29:40,2026-08-17 09:47:32,Christopher St & Greenwich St,6202.07,W 33 St & 7 Ave,455,40.7329,-74.0071,40.7502,-73.9908,casual
R90400183,classic_bike,2026-08-17 09:29:59,2026-08-17 09:37:41,E 43 St & Vanderbilt Ave,6741.16,W 45 St & 6 Ave,6785.05,40.7530,-73.9774,40.7566,-73.9826,casual
R90400147,classic_bike,2026-08-17 09:30:59,2026-08-17 09:49:14,e 7 st & avenue a,5428.06,8 Ave & W 31 St,475,40.7263,-73.9838,40.7505,-73.9947,member
R90400166,classic_bike,2026-08-17 09:33:37,2026-08-17 09:40:28,Broadway & W 41 St,6732.19,W 33 St & 7 Ave,6594.06,40.7553,-73.9868,40.7502,-73.9908,member
R90400160,classic_bike,2026-08-17 09:34:36,2026-08-17 09:56:33,W 20 St & 11 Ave,5160.04,E 47 St & Park Ave,6462.07,40.7465,-74.0077,40.7550,-73.9750,casual
R90400180,classic_bike,2026-08-17 09:36:06,2026-08-17 09:47:34,W 33 St & 7 Ave,455,W 45 St & 6 Ave,6785.05,40.7502,-73.9908,40.7566,-73.9826,casual
R90400158,classic_bike,2026-08-17 09:39:26,2026-08-17 09:56:28,Lexington Ave & E 63 St,5734.15,W 41 St & 8 Ave,254,40.7642,-73.9660,40.7562,-73.9901,member
R90400150,electric_bike,2026-08-17 09:39:40,2026-08-17 09:56:14,E 7 St & Avenue A,5428.06,Broadway & W 41 St,6732.19,40.7263,-73.9838,40.7553,-73.9868,member
R90400178,classic_bike,2026-08-17 09:41:16,2026-08-17 09:56:43,E 7 St & Avenue A,5428.06,W 17 St & 8 Ave,5891.11,40.7263,-73.9838,40.7418,-74.0015,member
R90400168,electric_bike,2026-08-17 09:42:04,2026-08-17 09:57:28,Christopher St & Greenwich St,6202.07,Broadway & Battery Pl,6881.14,40.7329,-74.0071,40.7045,-74.0136,member
R90400146,classic_bike,2026-08-17 09:45:21,2026-08-17 09:58:28,broadway & e 14 st,6115.16,W 45 St & 6 Ave,6785.05,40.7345,-73.9906,40.7566,-73.9826,member
R90400140,electric_bike,2026-08-17 09:45:24,2026-08-17 10:01:04,University Pl & E 14 St,5183.03,west st & chambers st,6917.09,40.7349,-73.9922,40.7175,-74.0132,member
R90400149,classic_bike,2026-08-17 09:46:02,2026-08-17 09:55:42,E 17 St & Broadway,5307.10,6 Ave & W 33 St ,5431.02,40.7371,-73.9902,40.7490,-73.9880,member
R90400171,classic_bike,2026-08-17 09:46:59,2026-08-17 10:14:46,1 Ave & E 68 St,6056.19,6 Ave & W 33 St,5431.02,40.7651,-73.9582,40.7490,-73.9880,member
R90400142,electric_bike,2026-08-17 09:48:51,2026-08-17 09:58:05,E 17 St & Broadway,5307.10,Broadway & W 41 St,6732.19,40.7371,-73.9902,40.7553,-73.9868,casual
R90400138,classic_bike,2026-08-17 09:49:04,2026-08-17 10:01:57,1 Ave & E 68 St,6056.19,E 47 St & Park Ave ,6462.07,40.7651,-73.9582,40.7550,-73.9750,member
R90400161,electric_bike,2026-08-17 09:49:06,2026-08-17 10:02:47,Christopher St & Greenwich St,6202.07,W 26 St & 8 Ave,6253.07,40.7329,-74.0071,40.7472,-73.9973,casual
R90400152,electric_bike,2026-08-17 09:49:13,2026-08-17 10:07:31,University Pl & E 14 St,5183.03,Vesey Pl & River Terrace,6741.09,40.7349,-73.9922,40.7153,-74.0163,member
R90400157,classic_bike,2026-08-17 09:51:18,2026-08-17 10:05:56,W  20 St & 11 Ave,5160.04,W 41 St & 8 Ave,6419.19,40.7465,-74.0077,40.7562,-73.9901,member
R90400145,electric_bike,2026-08-17 09:54:08,2026-08-17 10:06:31,E 17 St & Broadway,5307.10,8 Ave & W 31 St,6359.12,40.7371,-73.9902,40.7505,-73.9947,member
R90400179,electric_bike,2026-08-17 09:56:05,2026-08-17 10:06:08,W 41 St & 8 Ave,6419.19,W 33 St & 7 Ave,455,40.7562,-73.9901,40.7502,-73.9908,member
R90400175,docked_bike,2026-08-17 09:56:29,2026-08-17 09:59:52,Vesey Pl & River Terrace,6741.09,West St & Chambers St,6917.09,40.7153,-74.0163,40.7175,-74.0132,member
R90400163,classic_bike,2026-08-17 09:56:39,2026-08-17 10:10:05,W 21 St & 6 Ave,6173.11,Pershing Square North,6711.03,40.7417,-73.9942,40.7518,-73.9778,member
R90400195,electric_bike,2026-08-17 10:00:07,2026-08-17 10:09:44,Broadway & E 14 St,6115.16,8 Ave & W 31 St,6359.12,40.7345,-73.9906,40.7505,-73.9947,member
R90400194,electric_bike,2026-08-17 10:00:42,2026-08-17 10:07:07,Lexington Ave & E 63 St,5734.15,E 43 St & Vanderbilt Ave,6741.16,40.7642,-73.9660,40.7530,-73.9774,member
R90400192,classic_bike,2026-08-17 10:08:55,2026-08-17 10:16:17,Broadway & W 41 St,6732.19,W 33 St & 7 Ave,6594.06,40.7553,-73.9868,40.7502,-73.9908,member
R90400191,classic_bike,2026-08-17 10:10:15,2026-08-17 10:14:56,E 7 St & Avenue A,5428.06,Lafayette St & E 8 St,5906.08,40.7263,-73.9838,40.7302,-73.9911,member
R90400190,classic_bike,2026-08-17 10:14:30,2026-08-17 10:19:07,1 Ave & E 68 St,6056.19,Lexington Ave & E 63 St,5734.15,40.7651,-73.9582,40.7642,-73.9660,member
R90400193,classic_bike,2026-08-17 10:19:26,2026-08-17 10:24:36,W 45 St & 6 Ave,366,E 43 St & Vanderbilt Ave,6741.16,40.7566,-73.9826,40.7530,-73.9774,member
R90400187,electric_bike,2026-08-17 10:23:54,2026-08-17 10:33:48,Lexington Ave & E 63 St,5734.15,W 41 St & 8 Ave,6419.19,40.7642,-73.9660,40.7562,-73.9901,casual
R90400189,electric_bike,2026-08-17 10:31:38,2026-08-17 10:50:33,Vesey Pl & River Terrace,6741.09,University Pl & E 14 St,5183.03,40.7153,-74.0163,40.7349,-73.9922,member
R90400188,classic_bike,2026-08-17 10:32:21,2026-08-17 10:37:43,W 41 St & 8 Ave,6419.19,W 33 St & 7 Ave,6594.06,40.7562,-73.9901,40.7502,-73.9908,member
R90400196,classic_bike,2026-08-17 10:44:41,2026-08-17 10:47:33,Pershing Square North,6711.03,E 43 St & Vanderbilt Ave,6741.16,40.7518,-73.9778,40.7530,-73.9774,casual
R90400185,classic_bike,2026-08-17 10:46:14,2026-08-17 10:56:01,E 43 St & Vanderbilt Ave,6741.16,6 Ave & W 33 St,5431.02,40.7530,-73.9774,40.7490,-73.9880,member
R90400186,electric_bike,2026-08-17 10:46:55,2026-08-17 10:51:27,1 Ave & E 68 St,6056.19,Lexington Ave & E 63 St,5734.15,40.7651,-73.9582,40.7642,-73.9660,member
R90400184,classic_bike,2026-08-17 10:58:01,2026-08-17 11:06:24,W 17 St & 8 Ave,5891.11,6 Ave & W 33 St,5431.02,40.7418,-74.0015,40.7490,-73.9880,member
R90400211,classic_bike,2026-08-17 11:00:16,2026-08-17 11:05:02,W 26 St & 8 Ave,6253.07,6 Ave & W 33 St,5431.02,40.7472,-73.9973,40.7490,-73.9880,member
R90400197,classic_bike,2026-08-17 11:01:23,2026-08-17 11:21:05,E 17 St & Broadway,5307.10,West St & Chambers St,6917.09,40.7371,-73.9902,40.7175,-74.0132,member
R90400208,electric_bike,2026-08-17 11:07:55,2026-08-17 11:21:39,West St & Chambers St,6917.09,University Pl & E 14 St,5183.03,40.7175,-74.0132,40.7349,-73.9922,member
R90400205,classic_bike,2026-08-17 11:11:36,2026-08-17 11:19:53,Lafayette St & E 8 St,5906.08,E 7 St & Avenue A,5428.06,40.7302,-73.9911,40.7263,-73.9838,member
R90400198,classic_bike,2026-08-17 11:13:05,2026-08-17 11:20:13,E 75 St & 3 Ave,6186.15,E  72 St & York Ave,6000.10,40.7714,-73.9573,40.7660,-73.9535,member
R90400209,electric_bike,2026-08-17 11:13:48,2026-08-17 11:22:07,w 17 st & 8 ave,5891.11,University Pl & E 14 St,5183.03,40.7418,-74.0015,40.7349,-73.9922,member
R90400203,docked_bike,2026-08-17 11:13:54,2026-08-17 11:21:36,W 26 St & 8 Ave,6253.07,W 21 St & 6 Ave,6173.11,40.7472,-73.9973,40.7417,-73.9942,casual
R90400200,classic_bike,2026-08-17 11:20:03,2026-08-17 11:33:49,Pershing Square North,6711.03,W 21 St & 6 Ave,6173.11,40.7518,-73.9778,40.7417,-73.9942,member
R90400210,classic_bike,2026-08-17 11:23:02,2026-08-17 11:44:02,E 75 St & 3 Ave ,6186.15,W 45 St & 6 Ave,6785.05,40.7714,-73.9573,40.7566,-73.9826,member
R90400204,classic_bike,2026-08-17 11:28:28,2026-08-17 11:40:48,Cleveland Pl & Spring St,6679.12,University Pl & E 14 St ,382,40.7220,-73.9973,40.7349,-73.9922,member
R90400201,electric_bike,2026-08-17 11:30:17,2026-08-17 11:33:09,University Pl & E 14 St,5183.03,Lafayette St & E 8 St,5906.08,40.7349,-73.9922,40.7302,-73.9911,member
R90400206,classic_bike,2026-08-17 11:36:07,2026-08-17 11:39:15,Broadway & W 41 St,6732.19,W 41 St & 8 Ave,6419.19,40.7553,-73.9868,40.7562,-73.9901,member
R90400207,classic_bike,2026-08-17 11:36:41,2026-08-17 11:41:11,Lafayette St & E 8 St,5906.08,Carmine St & 6 Ave,6650.03,40.7302,-73.9911,40.7303,-74.0022,member
R90400202,electric_bike,2026-08-17 11:41:09,2026-08-17 11:45:31,6 Ave & W 33 St,5431.02,W 45 St & 6 Ave,6785.05,40.7490,-73.9880,40.7566,-73.9826,member
R90400199,classic_bike,2026-08-17 11:56:24,2026-08-17 12:13:33,Christopher St & Greenwich St,6202.07,w 33 st & 7 ave,6594.06,40.7329,-74.0071,40.7502,-73.9908,member
R90400221,electric_bike,2026-08-17 12:06:03,2026-08-17 12:16:06,Christopher St & Greenwich St,6202.07,Cleveland Pl & Spring St,6679.12,40.7329,-74.0071,40.7220,-73.9973,member
R90400223,classic_bike,2026-08-17 12:10:05,2026-08-17 12:25:06,Broadway & E 14 St ,6115.16,W 41 St & 8 Ave,6419.19,40.7345,-73.9906,40.7562,-73.9901,casual
R90400216,electric_bike,2026-08-17 12:12:59,2026-08-17 12:41:59,West St & Chambers St,6917.09,E 43 St & Vanderbilt Ave,590,40.7175,-74.0132,40.7530,-73.9774,member
R90400225,classic_bike,2026-08-17 12:13:12,2026-08-17 12:23:00,W 41 St & 8 Ave,6419.19,E 47 St & Park Ave,6462.07,40.7562,-73.9901,40.7550,-73.9750,casual
R90400225,classic_bike,2026-08-17 12:13:12,2026-08-17 12:23:00,W 41 St & 8 Ave,6419.19,E 47 St & Park Ave,6462.07,40.7562,-73.9901,40.7550,-73.9750,casual
R90400213,electric_bike,2026-08-17 12:13:15,2026-08-17 12:32:23,W 21 St & 6 Ave,6173.11,South End Ave & Liberty St,6060.05,40.7417,-73.9942,40.7112,-74.0158,member
R90400218,classic_bike,2026-08-17 12:13:43,2026-08-17 12:30:17,W 45 St & 6 Ave,366,Lexington Ave & E 63 St ,5734.15,40.7566,-73.9826,40.7642,-73.9660,casual
R90400227,classic_bike,2026-08-17 12:14:58,2026-08-17 12:21:45,W 33 St & 7 Ave,6594.06,W 21 St & 6 Ave,6173.11,40.7502,-73.9908,40.7417,-73.9942,member
R90400219,classic_bike,2026-08-17 12:15:30,2026-08-17 12:24:07,W 21 St & 6 Ave,6173.11,University Pl & E 14 St,382,40.7417,-73.9942,40.7349,-73.9922,member
R90400230,classic_bike,2026-08-17 12:16:40,2026-08-17 12:20:22,Broadway & W 41 St,6732.19,W 45 St & 6 Ave,6785.05,40.7553,-73.9868,40.7566,-73.9826,member
R90400232,classic_bike,2026-08-17 12:18:16,2026-08-17 12:30:12,Cleveland Pl & Spring St,6679.12,University Pl & E 14 St,5183.03,40.7220,-73.9973,40.7349,-73.9922,member
R90400229,classic_bike,2026-08-17 12:24:12,2026-08-17 12:35:35,W 41 St & 8 Ave,6419.19,W 20 St & 11 Ave,207,40.7562,-73.9901,40.7465,-74.0077,casual
R90400226,electric_bike,2026-08-17 12:27:24,2026-08-17 12:34:25,W 33 St & 7 Ave,6594.06,E 47 St & Park Ave,6462.07,40.7502,-73.9908,40.7550,-73.9750,member
R90400222,classic_bike,2026-08-17 12:29:11,2026-08-17 12:37:56,West St & Chambers St,6917.09,Broadway & Battery Pl,519,40.7175,-74.0132,40.7045,-74.0136,member
R90400215,electric_bike,2026-08-17 12:34:33,2026-08-17 12:39:41,E 7 St & Avenue A,5428.06,Lafayette St & E 8 St,5906.08,40.7263,-73.9838,40.7302,-73.9911,member
R90400220,classic_bike,2026-08-17 12:41:01,2026-08-17 13:04:25,Broadway & Battery Pl,6881.14,E  7 St & Avenue A,5428.06,40.7045,-74.0136,40.7263,-73.9838,member
R90400217,classic_bike,2026-08-17 12:44:15,2026-08-17 12:55:31,lafayette st & e 8 st,5906.08,W 21 St & 6 Ave,6173.11,40.7302,-73.9911,40.7417,-73.9942,member
R90400214,classic_bike,2026-08-17 12:44:58,2026-08-17 12:55:25,Carmine St and 6 Ave,6650.03,Cleveland Pl & Spring St,6679.12,40.7303,-74.0022,40.7220,-73.9973,casual
R90400231,classic_bike,2026-08-17 12:47:12,2026-08-17 13:02:54,Christopher St & Greenwich St,6202.07,Broadway & E 14 St,6115.16,40.7329,-74.0071,40.7345,-73.9906,casual
R90400224,classic_bike,2026-08-17 12:47:22,2026-08-17 12:57:48,W 21 St & 6 Ave,6173.11,Broadway & W 41 St,6732.19,40.7417,-73.9942,40.7553,-73.9868,member
R90400228,classic_bike,2026-08-17 12:52:42,2026-08-17 12:59:03,9 Ave & W 22 St,6088.11,8 Ave & W 31 St,6359.12,40.7455,-74.0019,40.7505,-73.9947,member
R90400212,classic_bike,2026-08-17 12:54:10,2026-08-17 12:59:53,Cleveland Pl & Spring St,6679.12,Carmine St & 6 Ave,6650.03,40.7220,-73.9973,40.7303,-74.0022,member
R90400243,classic_bike,2026-08-17 13:12:01,2026-08-17 13:17:33,W 21 St & 6 Ave,6173.11,W 26 St & 8 Ave,439,40.7417,-73.9942,40.7472,-73.9973,member
R90400235,electric_bike,2026-08-17 13:14:10,2026-08-17 13:29:28,Christopher St & Greenwich St,6202.07,Pershing Square North ,6711.03,40.7329,-74.0071,40.7518,-73.9778,member
R90400239,classic_bike,2026-08-17 13:14:30,2026-08-17 13:24:48,University Pl & E 14 St,5183.03,Carmine St & 6 Ave,6650.03,40.7349,-73.9922,40.7303,-74.0022,member
R90400233,classic_bike,2026-08-17 13:15:30,2026-08-17 13:19:04,W 41 St & 8 Ave,6419.19,8 Ave & W 31 St,6359.12,40.7562,-73.9901,40.7505,-73.9947,casual
R90400240,classic_bike,2026-08-17 13:26:03,2026-08-17 13:38:34,E 72 St & York Ave,6000.10,E 47 St & Park Ave,415,40.7660,-73.9535,40.7550,-73.9750,casual
R90400238,classic_bike,2026-08-17 13:40:27,2026-08-17 13:53:57,E 17 St & Broadway,5307.10,Broadway & W 41 St,6732.19,40.7371,-73.9902,40.7553,-73.9868,member
R90400234,electric_bike,2026-08-17 13:44:07,2026-08-17 13:54:35,Pershing Square North,6711.03,W 26 St & 8 Ave,6253.07,40.7518,-73.9778,40.7472,-73.9973,member
R90400244,classic_bike,2026-08-17 13:44:20,2026-08-17 13:54:38,Pershing Square North,6711.03,6 Ave & W 33 St,5431.02,40.7518,-73.9778,40.7490,-73.9880,member
R90400241,classic_bike,2026-08-17 13:45:14,2026-08-17 13:50:00,W 26 St & 8 Ave,6253.07,W 33 St & 7 Ave,6594.06,40.7472,-73.9973,40.7502,-73.9908,casual
R90400237,electric_bike,2026-08-17 13:49:47,2026-08-17 14:02:36,8 Ave & W 31 St,6359.12,e 17 st & broadway,5307.10,40.7505,-73.9947,40.7371,-73.9902,member
R90400236,electric_bike,2026-08-17 13:52:29,2026-08-17 13:55:28,W 45 St & 6 Ave,366,W 41 St & 8 Ave,6419.19,40.7566,-73.9826,40.7562,-73.9901,member
R90400242,electric_bike,2026-08-17 13:57:34,2026-08-17 14:08:23,W 41 St & 8 Ave,6419.19,E 47 St & Park Ave,6462.07,40.7562,-73.9901,40.7550,-73.9750,member
R90400247,electric_bike,2026-08-17 14:05:39,2026-08-17 14:07:02,University Pl & E 14 St,5183.03,University Pl & E 14 St,5183.03,40.7349,-73.9922,40.7349,-73.9922,member
R90400253,classic_bike,2026-08-17 14:05:50,2026-08-17 14:27:03,West St & Chambers St,6917.09,W 21 St & 6 Ave,6173.11,40.7175,-74.0132,40.7417,-73.9942,member
R90400249,electric_bike,2026-08-17 14:06:36,2026-08-17 14:16:19,9 Ave & W 22 St,6088.11,Broadway & E 14 St,6115.16,40.7455,-74.0019,40.7345,-73.9906,casual
R90400252,classic_bike,2026-08-17 14:07:53,2026-08-17 14:15:51,W 20 St & 11 Ave,5160.04,Christopher St & Greenwich St,6202.07,40.7465,-74.0077,40.7329,-74.0071,member
R90400255,electric_bike,2026-08-17 14:13:10,2026-08-17 14:20:35,W 26 St & 8 Ave,6253.07,W 21 St & 6 Ave,6173.11,40.7472,-73.9973,40.7417,-73.9942,member
R90400256,classic_bike,2026-08-17 14:16:17,2026-08-17 14:21:58,Carmine St & 6 Ave,6650.03,Christopher St & Greenwich St,6202.07,40.7303,-74.0022,40.7329,-74.0071,member
R90400245,electric_bike,2026-08-17 14:21:11,2026-08-17 14:39:20,E 43 St & Vanderbilt Ave,6741.16,E 72 St & York Ave,6000.10,40.7530,-73.9774,40.7660,-73.9535,member
R90400250,classic_bike,2026-08-17 14:24:27,2026-08-17 14:38:06,Carmine St & 6 Ave,6650.03,9 Ave & W 22 St,6088.11,40.7303,-74.0022,40.7455,-74.0019,member
R90400251,classic_bike,2026-08-17 14:26:44,2026-08-17 14:35:35,W 20 St & 11 Ave,5160.04,w 17 st & 8 ave,5891.11,40.7465,-74.0077,40.7418,-74.0015,member
R90400254,electric_bike,2026-08-17 14:28:38,,Lafayette St & E 8 St,5906.08,,,40.7302,-73.9911,,,member
R90400257,classic_bike,2026-08-17 14:42:41,2026-08-17 14:49:36,Pershing Square North,6711.03,W 33 St & 7 Ave,6594.06,40.7518,-73.9778,40.7502,-73.9908,casual
R90400248,classic_bike,2026-08-17 14:47:29,2026-08-17 14:59:04,University Pl and E 14 St,5183.03,w 17 st & 8 ave,5891.11,40.7349,-73.9922,40.7418,-74.0015,member
R90400246,classic_bike,2026-08-17 14:48:45,2026-08-17 14:55:47,9 Ave & W 22 St,6088.11,8 Ave & W 31 St,6359.12,40.7455,-74.0019,40.7505,-73.9947,member
R90400262,electric_bike,2026-08-17 15:02:38,2026-08-17 15:07:46,Broadway & E 14 St,514,Lafayette St & E 8 St,5906.08,40.7345,-73.9906,40.7302,-73.9911,member
R90400269,electric_bike,2026-08-17 15:03:54,2026-08-17 15:06:48,Broadway & E 14 St,6115.16,Lafayette St & E 8 St,5906.08,40.7345,-73.9906,40.7302,-73.9911,member
R90400273,electric_bike,2026-08-17 15:08:31,2026-08-17 15:14:19,W 17 St & 8 Ave,5891.11,9 Ave & W 22 St,6088.11,40.7418,-74.0015,40.7455,-74.0019,member
R90400258,classic_bike,2026-08-17 15:21:15,2026-08-17 15:28:20,Broadway & E 14 St,6115.16,Christopher St & Greenwich St,6202.07,40.7345,-73.9906,40.7329,-74.0071,member
R90400259,electric_bike,2026-08-17 15:21:16,2026-08-17 15:28:27,Lafayette St & E 8 St,5906.08,W 21 St & 6 Ave ,6173.11,40.7302,-73.9911,40.7417,-73.9942,member
R90400263,classic_bike,2026-08-17 15:23:11,2026-08-17 15:32:55,E  75 St & 3 Ave,6186.15,Lexington Ave & E 63 St,5734.15,40.7714,-73.9573,40.7642,-73.9660,member
R90400265,classic_bike,2026-08-17 15:25:50,2026-08-17 15:32:10,Lafayette St & E 8 St,5906.08,Carmine St & 6 Ave ,6650.03,40.7302,-73.9911,40.7303,-74.0022,casual
R90400271,electric_bike,2026-08-17 15:28:40,2026-08-17 15:32:46,South End Ave & Liberty St,6060.05,West St & Chambers St,6917.09,40.7112,-74.0158,40.7175,-74.0132,member
R90400268,classic_bike,2026-08-17 15:35:45,2026-08-17 15:44:16,Broadway & E 14 St,6115.16,Lafayette St & E 8 St,5906.08,40.7345,-73.9906,40.7302,-73.9911,member
R90400266,electric_bike,2026-08-17 15:41:28,2026-08-17 15:55:55,W 33 St & 7 Ave,6594.06,Christopher St & Greenwich St,6202.07,40.7502,-73.9908,40.7329,-74.0071,member
R90400267,classic_bike,2026-08-17 15:43:55,2026-08-17 15:55:24,W 26 St & 8 Ave,6253.07,Christopher St & Greenwich St,6202.07,40.7472,-73.9973,40.7329,-74.0071,casual
R90400272,classic_bike,2026-08-17 15:45:25,2026-08-17 16:00:33,Broadway & W 41 St,6732.19,W 20 St & 11 Ave,5160.04,40.7553,-73.9868,40.7465,-74.0077,casual
R90400272,classic_bike,2026-08-17 15:45:25,2026-08-17 16:00:33,Broadway & W 41 St,6732.19,W 20 St & 11 Ave,5160.04,40.7553,-73.9868,40.7465,-74.0077,casual
R90400270,classic_bike,2026-08-17 15:46:58,2026-08-17 15:59:01,E 47 St & Park Ave,415,w 41 st & 8 ave,6419.19,40.7550,-73.9750,40.7562,-73.9901,member
R90400264,classic_bike,2026-08-17 15:51:47,2026-08-17 15:58:56,Broadway & E 14 St,6115.16,Lafayette St & E 8 St ,5906.08,40.7345,-73.9906,40.7302,-73.9911,member
R90400260,classic_bike,2026-08-17 15:52:11,2026-08-17 16:00:31,8 Ave & W 31 St,6359.12,W 21 St & 6 Ave,6173.11,40.7505,-73.9947,40.7417,-73.9942,casual
R90400261,classic_bike,2026-08-17 15:56:31,2026-08-17 16:03:13,W 45 St & 6 Ave,6785.05,Broadway & W 41 St,6732.19,40.7566,-73.9826,40.7553,-73.9868,member
R90400277,classic_bike,2026-08-17 16:06:02,2026-08-17 16:12:33,W 45 St & 6 Ave,6785.05,E 43 St & Vanderbilt Ave,6741.16,40.7566,-73.9826,40.7530,-73.9774,member
R90400306,classic_bike,2026-08-17 16:06:35,2026-08-17 16:26:56,E 47 St & Park Ave,6462.07,Lafayette St & E 8 St,5906.08,40.7550,-73.9750,40.7302,-73.9911,casual
R90400279,classic_bike,2026-08-17 16:07:04,2026-08-17 16:23:09,9 Ave & W 22 St,6088.11,Broadway & E 14 St,6115.16,40.7455,-74.0019,40.7345,-73.9906,member
R90400293,classic_bike,2026-08-17 16:07:09,2026-08-17 16:21:19,W 41 St & 8 Ave,6419.19,W 20 St & 11 Ave,5160.04,40.7562,-73.9901,40.7465,-74.0077,member
R90400294,classic_bike,2026-08-17 16:07:21,2026-08-17 16:31:31,Broadway & Battery Pl,6881.14,E 7 St & Avenue A,5428.06,40.7045,-74.0136,40.7263,-73.9838,member
R90400302,classic_bike,2026-08-17 16:09:20,2026-08-17 16:19:28,9 Ave & W 22 St,6088.11,Carmine St & 6 Ave,6650.03,40.7455,-74.0019,40.7303,-74.0022,member
R90400298,classic_bike,2026-08-17 16:10:22,2026-08-17 16:18:28,6 Ave & W 33 St,5431.02,W 26 St & 8 Ave,6253.07,40.7490,-73.9880,40.7472,-73.9973,casual
R90400284,classic_bike,2026-08-17 16:10:33,,6 Ave & W 33 St,5431.02,,,40.7490,-73.9880,,,casual
R90400274,classic_bike,2026-08-17 16:11:50,2026-08-17 16:19:18,8 Ave & W 31 St,6359.12,W 21 St & 6 Ave,6173.11,40.7505,-73.9947,40.7417,-73.9942,member
R90400291,classic_bike,2026-08-17 16:13:09,2026-08-17 16:25:44,E 43 St & Vanderbilt Ave,590,1 Ave & E 68 St,6056.19,40.7530,-73.9774,40.7651,-73.9582,casual
R90400281,electric_bike,2026-08-17 16:15:24,2026-08-17 16:26:53,Broadway & W 41 St,6732.19,W 21 St & 6 Ave,406,40.7553,-73.9868,40.7417,-73.9942,member
R90400308,classic_bike,2026-08-17 16:16:28,2026-08-17 16:29:33,8 Ave and W 31 St,6359.12,Lexington Ave & E 63 St,5734.15,40.7505,-73.9947,40.7642,-73.9660,member
R90400286,electric_bike,2026-08-17 16:21:44,2026-08-17 16:40:08,Broadway & W 41 St,6732.19,E 7 St & Avenue A,5428.06,40.7553,-73.9868,40.7263,-73.9838,casual
R90400285,electric_bike,2026-08-17 16:23:12,2026-08-17 16:29:45,E 7 St & Avenue A,5428.06,Lafayette St & E 8 St,5906.08,40.7263,-73.9838,40.7302,-73.9911,member
R90400280,electric_bike,2026-08-17 16:23:23,2026-08-17 16:28:31,6 Ave & W 33 St,5431.02,E 43 St & Vanderbilt Ave,6741.16,40.7490,-73.9880,40.7530,-73.9774,member
R90400296,classic_bike,2026-08-17 16:26:46,2026-08-17 16:40:59,Cleveland Pl & Spring St,6679.12,South End Ave & Liberty St ,259,40.7220,-73.9973,40.7112,-74.0158,member
R90400276,classic_bike,2026-08-17 16:26:58,2026-08-17 16:42:12,E 7 St & Avenue A,578,W 17 St & 8 Ave,5891.11,40.7263,-73.9838,40.7418,-74.0015,member
R90400305,classic_bike,2026-08-17 16:27:46,2026-08-17 16:35:33,E 7 St & Avenue A,5428.06,Lafayette St & E 8 St,5906.08,40.7263,-73.9838,40.7302,-73.9911,member
R90400289,electric_bike,2026-08-17 16:27:49,2026-08-17 16:39:38,W 33 St & 7 Ave,6594.06,Christopher St & Greenwich St,6202.07,40.7502,-73.9908,40.7329,-74.0071,casual
R90400300,electric_bike,2026-08-17 16:28:06,2026-08-17 16:34:37,W 45 St & 6 Ave,6785.05,W 33 St & 7 Ave,6594.06,40.7566,-73.9826,40.7502,-73.9908,member
R90400299,electric_bike,2026-08-17 16:32:02,2026-08-17 16:46:48,1 Ave & E 68 St,6056.19,E 43 St & Vanderbilt Ave,6741.16,40.7651,-73.9582,40.7530,-73.9774,casual
R90400310,electric_bike,2026-08-17 16:36:13,2026-08-17 16:46:25,Pershing Square North,6711.03,W 21 St & 6 Ave,6173.11,40.7518,-73.9778,40.7417,-73.9942,member
R90400288,electric_bike,2026-08-17 16:38:59,2026-08-17 16:48:03,Broadway & Battery Pl,6881.14,South End Ave & Liberty St,6060.05,40.7045,-74.0136,40.7112,-74.0158,member
R90400307,electric_bike,2026-08-17 16:39:12,2026-08-17 16:51:26,8 Ave & W 31 St,6359.12,Broadway and E 14 St,6115.16,40.7505,-73.9947,40.7345,-73.9906,casual
R90400283,classic_bike,2026-08-17 16:39:51,2026-08-17 16:52:03,W  21 St & 6 Ave,6173.11,University Pl & E 14 St,5183.03,40.7417,-73.9942,40.7349,-73.9922,casual
R90400290,classic_bike,2026-08-17 16:42:35,2026-08-17 16:43:43,University Pl & E 14 St,5183.03,Broadway  & E 14 St,6115.16,40.7349,-73.9922,40.7345,-73.9906,member
R90400275,electric_bike,2026-08-17 16:43:27,2026-08-17 16:49:09,Carmine St & 6 Ave,6650.03,Lafayette St & E 8 St ,5906.08,40.7303,-74.0022,40.7302,-73.9911,member
R90400282,classic_bike,2026-08-17 16:44:28,2026-08-17 16:52:35,W 21 St & 6 Ave,6173.11,W 26 St & 8 Ave,6253.07,40.7417,-73.9942,40.7472,-73.9973,member
R90400301,electric_bike,2026-08-17 16:44:41,2026-08-17 16:46:27,Pershing Square North,6711.03,E 43 St & Vanderbilt Ave,6741.16,40.7518,-73.9778,40.7530,-73.9774,member
R90400309,classic_bike,2026-08-17 16:49:35,2026-08-17 17:00:02,Broadway & E 14 St,6115.16,Christopher St & Greenwich St,6202.07,40.7345,-73.9906,40.7329,-74.0071,member
R90400292,classic_bike,2026-08-17 16:49:37,2026-08-17 16:59:22,6 Ave & W 33 St,5431.02,Broadway & W 41 St,6732.19,40.7490,-73.9880,40.7553,-73.9868,member
R90400287,classic_bike,2026-08-17 16:51:04,2026-08-17 17:07:39,W 41 St & 8 Ave,6419.19,Lexington Ave & E 63 St,5734.15,40.7562,-73.9901,40.7642,-73.9660,member
R90400278,electric_bike,2026-08-17 16:52:17,2026-08-17 17:03:23,Pershing Square North,6711.03,1 Ave & E 68 St,6056.19,40.7518,-73.9778,40.7651,-73.9582,member
R90400303,classic_bike,2026-08-17 16:53:32,2026-08-17 17:07:09,Cleveland Pl & Spring St,6679.12,West St & Chambers St,6917.09,40.7220,-73.9973,40.7175,-74.0132,member
R90400297,classic_bike,2026-08-17 16:55:30,2026-08-17 17:11:54,Pershing Square North,6711.03,University Pl & E 14 St,5183.03,40.7518,-73.9778,40.7349,-73.9922,member
R90400295,electric_bike,2026-08-17 16:56:24,2026-08-17 17:13:50,W 45 St & 6 Ave,6785.05,Lafayette St & E 8 St,5906.08,40.7566,-73.9826,40.7302,-73.9911,member
R90400304,classic_bike,2026-08-17 16:59:46,2026-08-17 17:11:49,6 Ave & W 33 St,5431.02,E 17 St & Broadway,5307.10,40.7490,-73.9880,40.7371,-73.9902,member
R90400338,classic_bike,2026-08-17 17:01:04,2026-08-17 17:11:40,Cleveland Pl and Spring St,6679.12,Lafayette St & E 8 St,5906.08,40.7220,-73.9973,40.7302,-73.9911,member
R90400341,electric_bike,2026-08-17 17:01:31,2026-08-17 17:15:10,e 47 st & park ave,6462.07,Carmine St & 6 Ave ,284,40.7550,-73.9750,40.7303,-74.0022,casual
R90400349,classic_bike,2026-08-17 17:02:19,2026-08-17 17:12:55,6 Ave & W 33 St,5431.02,Broadway & E 14 St,6115.16,40.7490,-73.9880,40.7345,-73.9906,member
R90400354,classic_bike,2026-08-17 17:04:49,2026-08-17 17:17:02,Vesey Pl & River Terrace,6741.09,Carmine St & 6 Ave,284,40.7153,-74.0163,40.7303,-74.0022,member
R90400360,classic_bike,2026-08-17 17:05:46,2026-08-17 17:14:52,W 21 St & 6 Ave,6173.11,Lafayette St & E 8 St,5906.08,40.7417,-73.9942,40.7302,-73.9911,member
R90400352,electric_bike,2026-08-17 17:06:45,2026-08-17 17:18:14,Broadway & Battery Pl,6881.14,West St & Chambers St,6917.09,40.7045,-74.0136,40.7175,-74.0132,member
R90400336,classic_bike,2026-08-17 17:08:28,2026-08-17 17:17:11,6 Ave & W 33 St,5431.02,Broadway & E 14 St,6115.16,40.7490,-73.9880,40.7345,-73.9906,member
R90400324,classic_bike,2026-08-17 17:09:39,2026-08-17 17:40:08,W 33 St & 7 Ave,6594.06,E 72 St & York Ave,6000.10,40.7502,-73.9908,40.7660,-73.9535,member
R90400340,classic_bike,2026-08-17 17:10:19,2026-08-17 17:22:10,W 26 St & 8 Ave,6253.07,Christopher St & Greenwich St,6202.07,40.7472,-73.9973,40.7329,-74.0071,casual
R90400362,electric_bike,2026-08-17 17:10:45,2026-08-17 17:15:32,W 41 St & 8 Ave ,6419.19,W 33 St & 7 Ave,6594.06,40.7562,-73.9901,40.7502,-73.9908,casual
R90400357,classic_bike,2026-08-17 17:11:17,2026-08-17 17:39:16,E 7 St & Avenue A,5428.06,South End Ave & Liberty St,6060.05,40.7263,-73.9838,40.7112,-74.0158,casual
R90400329,classic_bike,2026-08-17 17:12:10,2026-08-17 17:21:09,Pershing Square North,6711.03,W 41 St & 8 Ave,6419.19,40.7518,-73.9778,40.7562,-73.9901,casual
R90400343,classic_bike,2026-08-17 17:13:11,,W 41 St & 8 Ave,6419.19,,,40.7562,-73.9901,,,member
R90400359,classic_bike,2026-08-17 17:13:17,2026-08-17 17:25:10,University Pl & E 14 St,5183.03,E  7 St & Avenue A,5428.06,40.7349,-73.9922,40.7263,-73.9838,member
R90400345,electric_bike,2026-08-17 17:13:59,2026-08-17 17:21:35,Lafayette St & E 8 St ,5906.08,Carmine St & 6 Ave,6650.03,40.7302,-73.9911,40.7303,-74.0022,casual
R90400330,classic_bike,2026-08-17 17:18:55,2026-08-17 17:30:36,cleveland pl & spring st,6679.12,University Pl & E 14 St,5183.03,40.7220,-73.9973,40.7349,-73.9922,member
R90400321,classic_bike,2026-08-17 17:19:53,2026-08-17 17:39:16,E 47 St & Park Ave,6462.07,E 72 St & York Ave,6000.10,40.7550,-73.9750,40.7660,-73.9535,member
R90400314,electric_bike,2026-08-17 17:21:16,2026-08-17 17:36:13,Cleveland Pl & Spring St,6679.12,9 Ave & W 22 St,6088.11,40.7220,-73.9973,40.7455,-74.0019,casual
R90400332,classic_bike,2026-08-17 17:23:39,,cleveland pl & spring st,6679.12,,,40.7220,-73.9973,,,member
R90400348,classic_bike,2026-08-17 17:25:23,2026-08-17 17:30:46,Christopher  St & Greenwich St,499,Carmine St & 6 Ave,6650.03,40.7329,-74.0071,40.7303,-74.0022,member
R90400355,classic_bike,2026-08-17 17:28:45,2026-08-17 17:33:54,6 Ave & W 33 St,5431.02,W 33 St & 7 Ave,6594.06,40.7490,-73.9880,40.7502,-73.9908,casual
R90400316,electric_bike,2026-08-17 17:29:21,2026-08-17 17:44:20,W 17 St & 8 Ave,289,Pershing Square North,6711.03,40.7418,-74.0015,40.7518,-73.9778,member
R90400356,electric_bike,2026-08-17 17:29:26,2026-08-17 17:43:16,E 43 St & Vanderbilt Ave,6741.16,Broadway & E 14 St,6115.16,40.7530,-73.9774,40.7345,-73.9906,member
R90400337,classic_bike,2026-08-17 17:30:27,2026-08-17 17:46:02,W 41 St & 8 Ave,6419.19,Broadway & E 14 St,6115.16,40.7562,-73.9901,40.7345,-73.9906,member
R90400333,electric_bike,2026-08-17 17:30:35,2026-08-17 17:44:27,Broadway & W 41 St,6732.19,Broadway & E 14 St,6115.16,40.7553,-73.9868,40.7345,-73.9906,member
R90400322,classic_bike,2026-08-17 17:30:48,2026-08-17 17:39:25,e 75 st & 3 ave,6186.15,Lexington Ave & E 63 St ,5734.15,40.7714,-73.9573,40.7642,-73.9660,member
R90400342,classic_bike,2026-08-17 17:31:34,2026-08-17 17:39:59,W  33 St & 7 Ave,6594.06,E 47 St & Park Ave,6462.07,40.7502,-73.9908,40.7550,-73.9750,member
R90400344,classic_bike,2026-08-17 17:31:47,2026-08-17 17:39:52,W 33 St & 7 Ave,6594.06,Pershing Square North,6711.03,40.7502,-73.9908,40.7518,-73.9778,casual
R90400328,electric_bike,2026-08-17 17:36:36,2026-08-17 17:58:34,West St & Chambers St,6917.09,W 33 St & 7 Ave,6594.06,40.7175,-74.0132,40.7502,-73.9908,member
R90400318,classic_bike,2026-08-17 17:41:06,2026-08-17 17:57:42,6 Ave & W 33 St,5431.02,Broadway & E 14 St,6115.16,40.7490,-73.9880,40.7345,-73.9906,member
R90400350,classic_bike,2026-08-17 17:41:24,2026-08-17 18:05:18,Pershing Square North,6711.03,Christopher St & Greenwich St,499,40.7518,-73.9778,40.7329,-74.0071,member
R90400313,electric_bike,2026-08-17 17:41:59,2026-08-17 17:46:43,E 43 St & Vanderbilt Ave,6741.16,W 45 St & 6 Ave,6785.05,40.7530,-73.9774,40.7566,-73.9826,member
R90400311,classic_bike,2026-08-17 17:44:45,2026-08-17 18:09:11,W 45 St & 6 Ave,6785.05,Lafayette St & E 8 St,5906.08,40.7566,-73.9826,40.7302,-73.9911,casual
R90400331,docked_bike,2026-08-17 17:45:05,2026-08-17 18:04:05,Pershing Square North,6711.03,E 72 St & York Ave,6000.10,40.7518,-73.9778,40.7660,-73.9535,member
R90400327,classic_bike,2026-08-17 17:46:11,2026-08-17 17:57:16,Cleveland Pl and Spring St,6679.12,E 7 St & Avenue A,5428.06,40.7220,-73.9973,40.7263,-73.9838,member
R90400353,electric_bike,2026-08-17 17:46:16,2026-08-17 17:55:52,E 47 St & Park Ave,6462.07,Broadway & W 41 St,6732.19,40.7550,-73.9750,40.7553,-73.9868,casual
R90400326,classic_bike,2026-08-17 17:46:38,2026-08-17 18:01:09,Broadway & W 41 St,6732.19,Broadway & E 14 St,6115.16,40.7553,-73.9868,40.7345,-73.9906,member
R90400334,classic_bike,2026-08-17 17:47:44,2026-08-17 17:56:41,W 21 St & 6 Ave,6173.11,Carmine St & 6 Ave,6650.03,40.7417,-73.9942,40.7303,-74.0022,member
R90400351,classic_bike,2026-08-17 17:48:47,2026-08-17 17:58:46,6 Ave & W 33 St,5431.02,Broadway & E 14 St,6115.16,40.7490,-73.9880,40.7345,-73.9906,member
R90400347,electric_bike,2026-08-17 17:48:50,2026-08-17 17:50:48,E 43 St & Vanderbilt Ave,6741.16,Pershing Square North ,6711.03,40.7530,-73.9774,40.7518,-73.9778,casual
R90400325,electric_bike,2026-08-17 17:48:57,2026-08-17 18:02:42,W 41 St & 8 Ave,6419.19,Lafayette St & E 8 St,5906.08,40.7562,-73.9901,40.7302,-73.9911,member
R90400358,classic_bike,2026-08-17 17:52:02,2026-08-17 17:56:25,W 33 St & 7 Ave,455,Broadway & W 41 St,6732.19,40.7502,-73.9908,40.7553,-73.9868,member
R90400361,classic_bike,2026-08-17 17:53:22,2026-08-17 18:04:08,W 33 St & 7 Ave,6594.06,W 45 St & 6 Ave,6785.05,40.7502,-73.9908,40.7566,-73.9826,member
R90400317,classic_bike,2026-08-17 17:53:54,2026-08-17 18:03:51,9 Ave & W 22 St,6088.11,Carmine St & 6 Ave,6650.03,40.7455,-74.0019,40.7303,-74.0022,member
R90400335,classic_bike,2026-08-17 17:54:29,2026-08-17 18:03:50,W 33 St & 7 Ave,6594.06,E 47 St & Park Ave,6462.07,40.7502,-73.9908,40.7550,-73.9750,member
R90400319,classic_bike,2026-08-17 17:55:21,2026-08-17 18:06:36,E 72 St & York Ave,6000.10,Lexington Ave & E 63 St,5734.15,40.7660,-73.9535,40.7642,-73.9660,member
R90400320,classic_bike,2026-08-17 17:55:23,2026-08-17 17:57:47,Broadway & W 41 St,6732.19,W 41 St & 8 Ave,6419.19,40.7553,-73.9868,40.7562,-73.9901,member
R90400312,electric_bike,2026-08-17 17:55:46,2026-08-17 18:04:46,Cleveland Pl & Spring St,6679.12,Carmine St & 6 Ave,6650.03,40.7220,-73.9973,40.7303,-74.0022,member
R90400315,classic_bike,2026-08-17 17:56:40,2026-08-17 18:10:10,6 Ave & W 33 St,5431.02,e 7 st & avenue a,578,40.7490,-73.9880,40.7263,-73.9838,member
R90400346,electric_bike,2026-08-17 17:57:24,2026-08-17 18:07:10,W 33 St & 7 Ave,6594.06,University Pl & E 14 St,5183.03,40.7502,-73.9908,40.7349,-73.9922,casual
R90400323,classic_bike,2026-08-17 17:58:35,2026-08-17 18:08:44,Lexington  Ave & E 63 St,5734.15,E 43 St & Vanderbilt Ave,6741.16,40.7642,-73.9660,40.7530,-73.9774,member
R90400339,electric_bike,2026-08-17 17:59:29,2026-08-17 18:07:13,W 45 St & 6 Ave,6785.05,Pershing Square North,6711.03,40.7566,-73.9826,40.7518,-73.9778,member
R90400395,electric_bike,2026-08-17 18:00:12,2026-08-17 18:18:29,E 47 St & Park Ave,6462.07,E 7 St & Avenue A,5428.06,40.7550,-73.9750,40.7263,-73.9838,member
R90400382,electric_bike,2026-08-17 18:00:17,2026-08-17 18:05:56,Broadway & Battery Pl,6881.14,Vesey Pl & River Terrace,6741.09,40.7045,-74.0136,40.7153,-74.0163,member
R90400366,electric_bike,2026-08-17 18:03:40,2026-08-17 18:10:53,E 17 St & Broadway,5307.10,W 20 St & 11 Ave,5160.04,40.7371,-73.9902,40.7465,-74.0077,casual
R90400373,classic_bike,2026-08-17 18:05:35,2026-08-17 18:14:35,9 Ave & W 22 St,6088.11,broadway & e 14 st,6115.16,40.7455,-74.0019,40.7345,-73.9906,member
R90400363,classic_bike,2026-08-17 18:08:08,2026-08-17 18:37:09,6 Ave & W 33 St,5431.02,E 75 St & 3 Ave,6186.15,40.7490,-73.9880,40.7714,-73.9573,casual
R90400387,electric_bike,2026-08-17 18:08:27,2026-08-17 18:20:44,W 33 St & 7 Ave,6594.06,University Pl & E 14 St,5183.03,40.7502,-73.9908,40.7349,-73.9922,member
R90400396,electric_bike,2026-08-17 18:08:35,2026-08-17 18:14:00,W 33 St & 7 Ave ,6594.06,W 26 St & 8 Ave,6253.07,40.7502,-73.9908,40.7472,-73.9973,member
R90400384,electric_bike,2026-08-17 18:11:57,2026-08-17 18:21:07,Cleveland Pl & Spring St,508,E 7 St & Avenue A,5428.06,40.7220,-73.9973,40.7263,-73.9838,casual
R90400403,classic_bike,2026-08-17 18:14:30,2026-08-17 18:24:57,W 41 St & 8 Ave,6419.19,Lexington Ave & E 63 St,595,40.7562,-73.9901,40.7642,-73.9660,casual
R90400377,classic_bike,2026-08-17 18:15:01,2026-08-17 18:23:39,W 21 St & 6 Ave,6173.11,Lafayette St & E 8 St,5906.08,40.7417,-73.9942,40.7302,-73.9911,casual
R90400391,classic_bike,2026-08-17 18:15:48,2026-08-17 18:32:50,Broadway & W 41 St,6732.19,carmine st & 6 ave,6650.03,40.7553,-73.9868,40.7303,-74.0022,member
R90400364,classic_bike,2026-08-17 18:16:07,2026-08-17 18:22:19,West St & Chambers St,6917.09,South End Ave & Liberty St,6060.05,40.7175,-74.0132,40.7112,-74.0158,casual
R90400378,classic_bike,2026-08-17 18:16:15,2026-08-17 18:33:08,Broadway & W 41 St,6732.19,E 17 St & Broadway,5307.10,40.7553,-73.9868,40.7371,-73.9902,member
R90400397,classic_bike,2026-08-17 18:16:15,2026-08-17 18:34:14,Broadway & W 41 St,6732.19,Lafayette St & E 8 St,5906.08,40.7553,-73.9868,40.7302,-73.9911,member
R90400365,electric_bike,2026-08-17 18:16:40,2026-08-17 18:30:20,W 41 St & 8 Ave,6419.19,Lexington Ave & E 63 St,5734.15,40.7562,-73.9901,40.7642,-73.9660,member
R90400398,classic_bike,2026-08-17 18:16:41,2026-08-17 18:25:37,Broadway & W 41 St,6732.19,8 Ave & W 31 St,6359.12,40.7553,-73.9868,40.7505,-73.9947,member
R90400402,classic_bike,2026-08-17 18:17:44,2026-08-17 18:40:10,w 33 st & 7 ave,6594.06,University Pl & E 14 St,5183.03,40.7502,-73.9908,40.7349,-73.9922,member
R90400392,classic_bike,2026-08-17 18:18:27,2026-08-17 18:26:31,W  45 St & 6 Ave,6785.05,Pershing Square North,6711.03,40.7566,-73.9826,40.7518,-73.9778,casual
R90400404,docked_bike,2026-08-17 18:18:28,2026-08-17 18:25:14,E  7 St & Avenue A,5428.06,broadway & e 14 st,6115.16,40.7263,-73.9838,40.7345,-73.9906,member
R90400367,electric_bike,2026-08-17 18:18:42,2026-08-17 18:34:08,West St and Chambers St,6917.09,University Pl & E 14 St,382,40.7175,-74.0132,40.7349,-73.9922,member
R90400400,classic_bike,2026-08-17 18:19:53,2026-08-17 18:32:22,E 47 St & Park Ave,415,W 41 St & 8 Ave,6419.19,40.7550,-73.9750,40.7562,-73.9901,member
R90400401,classic_bike,2026-08-17 18:21:14,2026-08-17 18:32:44,Cleveland Pl & Spring St,6679.12,Vesey Pl & River Terrace,6741.09,40.7220,-73.9973,40.7153,-74.0163,member
R90400385,electric_bike,2026-08-17 18:22:51,2026-08-17 18:27:30,W 20 St & 11 Ave,207,9 Ave & W 22 St,6088.11,40.7465,-74.0077,40.7455,-74.0019,member
R90400389,electric_bike,2026-08-17 18:23:38,2026-08-17 18:35:44,W 41 St & 8 Ave,6419.19,E 17 St & Broadway,5307.10,40.7562,-73.9901,40.7371,-73.9902,member
R90400370,classic_bike,2026-08-17 18:24:36,2026-08-17 18:38:19,E 17 St and Broadway,5307.10,W 20 St & 11 Ave,5160.04,40.7371,-73.9902,40.7465,-74.0077,member
R90400383,classic_bike,2026-08-17 18:26:56,2026-08-17 18:38:23,6 Ave & W 33 St,5431.02,E 17 St & Broadway,5307.10,40.7490,-73.9880,40.7371,-73.9902,member
R90400376,electric_bike,2026-08-17 18:28:05,2026-08-17 18:35:37,Cleveland Pl & Spring St,6679.12,Lafayette St & E 8 St,5906.08,40.7220,-73.9973,40.7302,-73.9911,casual
R90400371,classic_bike,2026-08-17 18:29:39,2026-08-17 18:36:54,Pershing Square North,6711.03,w 41 st & 8 ave,6419.19,40.7518,-73.9778,40.7562,-73.9901,member
R90400381,classic_bike,2026-08-17 18:31:03,2026-08-17 18:55:45,Broadway & Battery Pl,6881.14,University Pl & E 14 St,5183.03,40.7045,-74.0136,40.7349,-73.9922,member
R90400375,classic_bike,2026-08-17 18:35:51,2026-08-17 18:50:59,W 33 St & 7 Ave,6594.06,Christopher St & Greenwich St,6202.07,40.7502,-73.9908,40.7329,-74.0071,casual
R90400399,classic_bike,2026-08-17 18:36:09,2026-08-17 18:57:11,West St & Chambers St,6917.09,University Pl & E 14 St,5183.03,40.7175,-74.0132,40.7349,-73.9922,casual
R90400388,classic_bike,2026-08-17 18:40:14,2026-08-17 18:45:09,1 Ave & E 68 St,371,E 72 St & York Ave,6000.10,40.7651,-73.9582,40.7660,-73.9535,member
R90400372,classic_bike,2026-08-17 18:40:17,2026-08-17 18:44:42,Pershing Square North,6711.03,E  43 St & Vanderbilt Ave,6741.16,40.7518,-73.9778,40.7530,-73.9774,member
R90400394,docked_bike,2026-08-17 18:45:39,2026-08-17 19:04:16,South End Ave & Liberty St,6060.05,Carmine St & 6 Ave,6650.03,40.7112,-74.0158,40.7303,-74.0022,casual
R90400390,electric_bike,2026-08-17 18:52:22,2026-08-17 18:55:39,e 47 st & park ave,6462.07,W 45 St & 6 Ave,366,40.7550,-73.9750,40.7566,-73.9826,casual
R90400368,classic_bike,2026-08-17 18:56:18,2026-08-17 19:24:10,W 21 St and 6 Ave,6173.11,South End Ave & Liberty St,6060.05,40.7417,-73.9942,40.7112,-74.0158,member
R90400379,classic_bike,2026-08-17 18:57:05,2026-08-17 19:02:34,W 41 St & 8 Ave,254,Pershing Square North,6711.03,40.7562,-73.9901,40.7518,-73.9778,casual
R90400386,electric_bike,2026-08-17 18:57:26,2026-08-17 19:06:25,Lexington Ave & E 63 St,5734.15,E 72 St & York Ave,6000.10,40.7642,-73.9660,40.7660,-73.9535,member
R90400374,classic_bike,2026-08-17 18:57:46,2026-08-17 19:11:25,W 26 St & 8 Ave,6253.07,Lafayette St & E 8 St,5906.08,40.7472,-73.9973,40.7302,-73.9911,member
R90400393,classic_bike,2026-08-17 18:57:49,2026-08-17 19:20:04,Broadway & Battery Pl,6881.14,E 7 St & Avenue A,5428.06,40.7045,-74.0136,40.7263,-73.9838,member
R90400369,classic_bike,2026-08-17 18:58:55,2026-08-17 19:17:18,Pershing Square North,6711.03,University Pl & E 14 St,5183.03,40.7518,-73.9778,40.7349,-73.9922,member
R90400380,classic_bike,2026-08-17 18:59:00,2026-08-17 19:17:34,W 41 St & 8 Ave,6419.19,Lafayette St & E 8 St,5906.08,40.7562,-73.9901,40.7302,-73.9911,member
R90400411,electric_bike,2026-08-17 19:06:39,2026-08-17 19:21:08,W 41 St & 8 Ave,6419.19,Broadway & E 14 St,6115.16,40.7562,-73.9901,40.7345,-73.9906,member
R90400417,classic_bike,2026-08-17 19:07:03,2026-08-17 19:23:19,W 41 St & 8 Ave,6419.19,Lafayette St & E 8 St ,5906.08,40.7562,-73.9901,40.7302,-73.9911,member
R90400431,electric_bike,2026-08-17 19:07:10,2026-08-17 19:22:05,Broadway & W 41 St,241,Broadway & E 14 St,6115.16,40.7553,-73.9868,40.7345,-73.9906,member
R90400427,classic_bike,2026-08-17 19:08:19,2026-08-17 19:19:20,8 Ave & W 31 St,6359.12,Broadway & E 14 St,6115.16,40.7505,-73.9947,40.7345,-73.9906,casual
R90400419,classic_bike,2026-08-17 19:09:36,2026-08-17 19:14:06,University Pl & E 14 St,5183.03,Lafayette St & E 8 St,5906.08,40.7349,-73.9922,40.7302,-73.9911,member
R90400425,classic_bike,2026-08-17 19:14:16,2026-08-17 19:27:52,E 43 St & Vanderbilt Ave,6741.16,E 72 St & York Ave,348,40.7530,-73.9774,40.7660,-73.9535,member
R90400406,electric_bike,2026-08-17 19:16:52,2026-08-17 19:21:04,W 45 St & 6 Ave,6785.05,W 41 St & 8 Ave ,6419.19,40.7566,-73.9826,40.7562,-73.9901,member
R90400409,classic_bike,2026-08-17 19:17:23,2026-08-17 19:32:49,W 41 St & 8 Ave,6419.19,E 17 St & Broadway,5307.10,40.7562,-73.9901,40.7371,-73.9902,member
R90400410,electric_bike,2026-08-17 19:17:54,2026-08-17 19:25:11,Cleveland Pl & Spring St ,6679.12,University  Pl & E 14 St,5183.03,40.7220,-73.9973,40.7349,-73.9922,casual
R90400428,electric_bike,2026-08-17 19:24:07,2026-08-17 19:32:03,Broadway & W 41 St,6732.19,W 26 St & 8 Ave,6253.07,40.7553,-73.9868,40.7472,-73.9973,casual
R90400421,electric_bike,2026-08-17 19:25:39,2026-08-17 19:36:05,W 41 St & 8 Ave,6419.19,W 20 St & 11 Ave,5160.04,40.7562,-73.9901,40.7465,-74.0077,member
R90400424,electric_bike,2026-08-17 19:27:10,2026-08-17 19:48:24,Broadway & Battery Pl,6881.14,E 7 St & Avenue A,5428.06,40.7045,-74.0136,40.7263,-73.9838,member
R90400412,electric_bike,2026-08-17 19:29:07,2026-08-17 19:45:39,Broadway & Battery Pl,6881.14,Carmine St & 6 Ave,6650.03,40.7045,-74.0136,40.7303,-74.0022,member
R90400426,electric_bike,2026-08-17 19:34:00,2026-08-17 19:47:31,E 47 St & Park Ave,6462.07,E 72 St & York Ave,6000.10,40.7550,-73.9750,40.7660,-73.9535,member
R90400405,classic_bike,2026-08-17 19:36:55,2026-08-17 19:45:50,Broadway & Battery Pl,6881.14,Vesey Pl & River Terrace,6741.09,40.7045,-74.0136,40.7153,-74.0163,casual
R90400418,classic_bike,2026-08-17 19:39:55,2026-08-17 19:55:56,W  33 St & 7 Ave,455,University Pl & E 14 St,5183.03,40.7502,-73.9908,40.7349,-73.9922,member
R90400414,classic_bike,2026-08-17 19:40:31,2026-08-17 19:58:08,Broadway & W 41 St,241,Broadway & E 14 St,6115.16,40.7553,-73.9868,40.7345,-73.9906,member
R90400407,classic_bike,2026-08-17 19:42:39,2026-08-17 19:53:06,Broadway & Battery Pl,519,West St & Chambers St,6917.09,40.7045,-74.0136,40.7175,-74.0132,casual
R90400416,classic_bike,2026-08-17 19:42:42,2026-08-17 19:51:53,6 Ave & W 33 St,5431.02,E 17 St & Broadway,5307.10,40.7490,-73.9880,40.7371,-73.9902,casual
R90400430,electric_bike,2026-08-17 19:42:57,2026-08-17 19:55:35,W 21 St & 6 Ave,6173.11,Pershing Square North,6711.03,40.7417,-73.9942,40.7518,-73.9778,member
R90400432,classic_bike,2026-08-17 19:45:37,2026-08-17 19:58:10,6 Ave & W 33 St,5431.02,Broadway & E 14 St,6115.16,40.7490,-73.9880,40.7345,-73.9906,member
R90400415,classic_bike,2026-08-17 19:46:23,,University Pl & E 14 St,5183.03,,,40.7349,-73.9922,,,member
R90400422,electric_bike,2026-08-17 19:50:24,2026-08-17 20:07:27,w 41 st & 8 ave,6419.19,Broadway  & E 14 St,6115.16,40.7562,-73.9901,40.7345,-73.9906,casual
R90400429,classic_bike,2026-08-17 19:51:47,2026-08-17 19:56:10,E 43 St & Vanderbilt Ave,6741.16,Pershing Square North,6711.03,40.7530,-73.9774,40.7518,-73.9778,member
R90400420,classic_bike,2026-08-17 19:55:06,2026-08-17 20:01:49,w 26 st & 8 ave,6253.07,W 21 St & 6 Ave,6173.11,40.7472,-73.9973,40.7417,-73.9942,member
R90400413,classic_bike,2026-08-17 19:55:41,2026-08-17 20:19:13,E 43 St & Vanderbilt Ave,6741.16,Christopher St & Greenwich St,6202.07,40.7530,-73.9774,40.7329,-74.0071,member
R90400408,classic_bike,2026-08-17 19:57:29,2026-08-17 20:01:39,W 45 St & 6 Ave,366,E 43 St & Vanderbilt Ave,6741.16,40.7566,-73.9826,40.7530,-73.9774,member
R90400423,classic_bike,2026-08-17 19:57:44,2026-08-17 20:03:12,W 21 St & 6 Ave,6173.11,W 26 St & 8 Ave,6253.07,40.7417,-73.9942,40.7472,-73.9973,member
R90400437,classic_bike,2026-08-17 20:06:46,2026-08-17 20:24:33,W 41 St & 8 Ave,6419.19,University Pl & E 14 St,5183.03,40.7562,-73.9901,40.7349,-73.9922,member
R90400437,classic_bike,2026-08-17 20:06:46,2026-08-17 20:24:33,W 41 St & 8 Ave,6419.19,University Pl & E 14 St,5183.03,40.7562,-73.9901,40.7349,-73.9922,member
R90400436,classic_bike,2026-08-17 20:06:54,2026-08-17 20:13:29,W 45 St & 6 Ave,6785.05,Pershing Square North,6711.03,40.7566,-73.9826,40.7518,-73.9778,member
R90400454,electric_bike,2026-08-17 20:07:48,2026-08-17 20:22:16,Vesey Pl & River Terrace,6741.09,broadway & e 14 st,6115.16,40.7153,-74.0163,40.7345,-73.9906,casual
R90400435,classic_bike,2026-08-17 20:12:23,2026-08-17 20:25:53,Pershing Square North,301,W 26 St & 8 Ave,6253.07,40.7518,-73.9778,40.7472,-73.9973,member
R90400449,electric_bike,2026-08-17 20:20:03,2026-08-17 20:29:22,E 17 St & Broadway,5307.10,W 41 St & 8 Ave,6419.19,40.7371,-73.9902,40.7562,-73.9901,member
R90400443,electric_bike,2026-08-17 20:21:14,2026-08-17 20:32:35,Christopher St & Greenwich St,499,W 21 St & 6 Ave,6173.11,40.7329,-74.0071,40.7417,-73.9942,member
R90400442,classic_bike,2026-08-17 20:24:15,2026-08-17 20:30:34,Broadway & W 41 St,6732.19,8 ave & w 31 st,6359.12,40.7553,-73.9868,40.7505,-73.9947,member
R90400445,electric_bike,2026-08-17 20:26:01,2026-08-17 20:39:50,E 75 St & 3 Ave,6186.15,Pershing Square North,6711.03,40.7714,-73.9573,40.7518,-73.9778,casual
R90400434,classic_bike,2026-08-17 20:27:08,2026-08-17 20:49:27,W 33 St & 7 Ave,6594.06,Cleveland Pl & Spring St,6679.12,40.7502,-73.9908,40.7220,-73.9973,casual
R90400439,electric_bike,2026-08-17 20:32:50,2026-08-17 20:46:35,Pershing Square North,6711.03,Lexington Ave & E 63 St,5734.15,40.7518,-73.9778,40.7642,-73.9660,casual
R90400446,classic_bike,2026-08-17 20:34:20,2026-08-17 20:41:18,W 21 St & 6 Ave,406,University Pl & E 14 St,5183.03,40.7417,-73.9942,40.7349,-73.9922,member
R90400438,electric_bike,2026-08-17 20:37:02,2026-08-17 20:43:36,9 Ave & W 22 St,6088.11,8 Ave & W 31 St,6359.12,40.7455,-74.0019,40.7505,-73.9947,member
R90400450,classic_bike,2026-08-17 20:40:18,2026-08-17 20:51:54,W 41 St & 8 Ave,6419.19,Pershing Square North,6711.03,40.7562,-73.9901,40.7518,-73.9778,casual
R90400433,classic_bike,2026-08-17 20:41:12,2026-08-17 20:50:23,W 21 St & 6 Ave,6173.11,8 Ave & W 31 St,6359.12,40.7417,-73.9942,40.7505,-73.9947,member
R90400440,classic_bike,2026-08-17 20:43:05,2026-08-17 21:00:46,W 41 St & 8 Ave,6419.19,Lafayette St & E 8 St,5906.08,40.7562,-73.9901,40.7302,-73.9911,member
R90400451,classic_bike,2026-08-17 20:43:51,2026-08-17 20:47:32,W 17 St & 8 Ave,5891.11,9 Ave & W 22 St,6088.11,40.7418,-74.0015,40.7455,-74.0019,casual
R90400444,classic_bike,2026-08-17 20:44:47,2026-08-17 20:59:55,Lafayette St & E 8 St,5906.08,W 26 St & 8 Ave,6253.07,40.7302,-73.9911,40.7472,-73.9973,member
R90400453,classic_bike,2026-08-17 20:47:15,2026-08-17 21:14:48,W 21 St & 6 Ave,6173.11,1 Ave & E 68 St,6056.19,40.7417,-73.9942,40.7651,-73.9582,member
R90400448,electric_bike,2026-08-17 20:48:23,2026-08-17 20:58:03,University Pl & E 14 St,5183.03,W 17 St & 8 Ave,5891.11,40.7349,-73.9922,40.7418,-74.0015,member
R90400447,classic_bike,2026-08-17 20:51:56,2026-08-17 21:04:27,Vesey  Pl & River Terrace,6741.09,broadway & battery pl,6881.14,40.7153,-74.0163,40.7045,-74.0136,member
R90400452,classic_bike,2026-08-17 20:52:15,2026-08-17 21:00:07,Broadway & W 41 St,6732.19,W 33 St & 7 Ave,6594.06,40.7553,-73.9868,40.7502,-73.9908,member
R90400441,classic_bike,2026-08-17 20:54:30,2026-08-17 21:07:52,8 Ave & W 31 St,6359.12,e 17 st & broadway,5307.10,40.7505,-73.9947,40.7371,-73.9902,member
R90400459,classic_bike,2026-08-17 21:01:15,2026-08-17 21:08:47,E 72 St & York Ave,6000.10,E 75 St & 3 Ave,6186.15,40.7660,-73.9535,40.7714,-73.9573,casual
R90400457,classic_bike,2026-08-17 21:01:25,2026-08-17 21:07:12,W 33 St & 7 Ave,6594.06,W 26 St & 8 Ave,439,40.7502,-73.9908,40.7472,-73.9973,member
R90400456,classic_bike,2026-08-17 21:04:25,2026-08-17 21:07:39,9 Ave & W 22 St,6088.11,w 26 st & 8 ave,6253.07,40.7455,-74.0019,40.7472,-73.9973,member
R90400460,electric_bike,2026-08-17 21:08:18,2026-08-17 21:13:06,W 20 St & 11 Ave,5160.04,9 Ave & W 22 St,6088.11,40.7465,-74.0077,40.7455,-74.0019,member
R90400458,electric_bike,2026-08-17 21:14:21,2026-08-17 21:32:55,6 Ave & W 33 St,532,1 Ave & E 68 St,6056.19,40.7490,-73.9880,40.7651,-73.9582,member
R90400464,electric_bike,2026-08-17 21:33:16,2026-08-17 21:38:39,West St & Chambers St,6917.09,Vesey Pl & River Terrace,6741.09,40.7175,-74.0132,40.7153,-74.0163,member
R90400465,classic_bike,2026-08-17 21:36:50,2026-08-17 21:49:12,8 Ave & W 31 St,6359.12,E 47 St & Park Ave,6462.07,40.7505,-73.9947,40.7550,-73.9750,casual
R90400461,docked_bike,2026-08-17 21:42:36,2026-08-17 21:50:33,W 26 St & 8 Ave,6253.07,W 33 St & 7 Ave,6594.06,40.7472,-73.9973,40.7502,-73.9908,member
R90400455,classic_bike,2026-08-17 21:43:16,2026-08-17 21:49:20,Broadway & W 41 St,6732.19,6 Ave & W 33 St,5431.02,40.7553,-73.9868,40.7490,-73.9880,casual
R90400466,classic_bike,2026-08-17 21:45:29,2026-08-17 21:58:56,Pershing Square North,6711.03,6 Ave & W 33 St,5431.02,40.7518,-73.9778,40.7490,-73.9880,member
R90400462,classic_bike,2026-08-17 21:46:50,2026-08-17 21:49:51,University Pl & E 14 St,5183.03,Lafayette St & E 8 St,5906.08,40.7349,-73.9922,40.7302,-73.9911,member
R90400463,classic_bike,2026-08-17 21:56:53,2026-08-17 22:08:26,Vesey Pl & River Terrace,6741.09,Broadway & Battery Pl,6881.14,40.7153,-74.0163,40.7045,-74.0136,casual
R90400471,classic_bike,2026-08-17 22:02:39,2026-08-17 22:11:36,University Pl & E 14 St,5183.03,Carmine St & 6 Ave,6650.03,40.7349,-73.9922,40.7303,-74.0022,member
R90400475,classic_bike,2026-08-17 22:03:38,2026-08-17 22:17:30,W 26 St & 8 Ave,6253.07,Lafayette St & E 8 St,5906.08,40.7472,-73.9973,40.7302,-73.9911,member
R90400468,classic_bike,2026-08-17 22:10:02,2026-08-17 22:19:18,W 21 St & 6 Ave,6173.11,8 Ave & W 31 St,6359.12,40.7417,-73.9942,40.7505,-73.9947,member
R90400467,electric_bike,2026-08-17 22:12:09,2026-08-17 22:21:26,W 21 St & 6 Ave,6173.11,Lafayette St & E 8 St,5906.08,40.7417,-73.9942,40.7302,-73.9911,casual
R90400472,classic_bike,2026-08-17 22:16:49,2026-08-17 22:24:33,Broadway & Battery Pl,519,South End Ave & Liberty St,6060.05,40.7045,-74.0136,40.7112,-74.0158,member
R90400474,classic_bike,2026-08-17 22:31:35,2026-08-17 22:48:04,Broadway & W 41 St,6732.19,W 21 St & 6 Ave,6173.11,40.7553,-73.9868,40.7417,-73.9942,member
R90400469,electric_bike,2026-08-17 22:32:14,2026-08-17 22:33:38,Pershing Square North,6711.03,E 43 St & Vanderbilt Ave,6741.16,40.7518,-73.9778,40.7530,-73.9774,casual
R90400476,electric_bike,2026-08-17 22:38:03,2026-08-17 22:44:01,Broadway & W 41 St,6732.19,6 Ave & W 33 St,5431.02,40.7553,-73.9868,40.7490,-73.9880,casual
R90400470,classic_bike,2026-08-17 22:52:28,2026-08-17 22:59:05,W 26 St & 8 Ave,6253.07,6 Ave & W 33 St,5431.02,40.7472,-73.9973,40.7490,-73.9880,member
R90400477,classic_bike,2026-08-17 22:53:10,2026-08-17 23:01:52,Broadway & W 41 St,6732.19,8 Ave & W 31 St,6359.12,40.7553,-73.9868,40.7505,-73.9947,member
R90400473,electric_bike,2026-08-17 22:56:15,2026-08-17 23:05:38,W 20 St & 11 Ave,5160.04,6 Ave & W 33 St,5431.02,40.7465,-74.0077,40.7490,-73.9880,member
R90400478,classic_bike,2026-08-17 23:14:24,2026-08-17 23:18:02,E 17 St & Broadway,287,University Pl & E 14 St,5183.03,40.7371,-73.9902,40.7349,-73.9922,member
R90400479,classic_bike,2026-08-17 23:39:46,2026-08-17 23:44:34,9 Ave & W 22 St,6088.11,W 26 St & 8 Ave,6253.07,40.7455,-74.0019,40.7472,-73.9973,member
R90400480,electric_bike,2026-08-17 23:51:22,2026-08-17 23:58:05,W 33 St & 7 Ave,6594.06,Pershing Square North,6711.03,40.7502,-73.9908,40.7518,-73.9778,member
R90400481,electric_bike,2026-08-18 00:32:45,2026-08-18 00:44:15,9 Ave & W 22 St,6088.11,Carmine St and 6 Ave,6650.03,40.7455,-74.0019,40.7303,-74.0022,member
R90400482,electric_bike,2026-08-18 01:13:05,2026-08-18 01:23:19,Broadway & Battery Pl,6881.14,West St & Chambers St,6917.09,40.7045,-74.0136,40.7175,-74.0132,member
R90400483,electric_bike,2026-08-18 01:58:50,2026-08-18 02:08:25,8 Ave & W 31 St,475,W 20 St & 11 Ave,5160.04,40.7505,-73.9947,40.7465,-74.0077,casual
R90400484,electric_bike,2026-08-18 02:29:24,2026-08-18 02:35:50,Broadway & W 41 St,241,W 26 St & 8 Ave,6253.07,40.7553,-73.9868,40.7472,-73.9973,member
R90400485,classic_bike,2026-08-18 02:47:26,2026-08-18 03:00:15,e 47 st & park ave,6462.07,W 33 St & 7 Ave,6594.06,40.7550,-73.9750,40.7502,-73.9908,member
R90400486,classic_bike,2026-08-18 02:56:25,2026-08-19 12:56:25,W 41 St & 8 Ave,6419.19,W 20 St & 11 Ave,5160.04,40.7562,-73.9901,40.7465,-74.0077,casual
R90400487,classic_bike,2026-08-18 03:16:06,2026-08-18 03:21:40,Lafayette St & E 8 St,5906.08,University Pl & E 14 St,5183.03,40.7302,-73.9911,40.7349,-73.9922,casual
R90400489,classic_bike,2026-08-18 04:32:01,2026-08-18 04:40:45,university pl & e 14 st,5183.03,W 21 St & 6 Ave,6173.11,40.7349,-73.9922,40.7417,-73.9942,member
R90400488,classic_bike,2026-08-18 04:37:21,2026-08-18 04:54:17,E 7 St & Avenue A,5428.06,Christopher St & Greenwich St ,6202.07,40.7263,-73.9838,40.7329,-74.0071,member
R90400490,classic_bike,2026-08-18 04:53:36,2026-08-18 05:00:36,W 41 St & 8 Ave,6419.19,W 33 St & 7 Ave,6594.06,40.7562,-73.9901,40.7502,-73.9908,member
R90400493,electric_bike,2026-08-18 05:07:03,2026-08-18 05:27:27,E 7 St and Avenue A,5428.06,Lexington Ave & E 63 St,5734.15,40.7263,-73.9838,40.7642,-73.9660,member
R90400492,electric_bike,2026-08-18 05:30:48,2026-08-18 05:33:56,E 43 St & Vanderbilt Ave,6741.16,Pershing Square North,6711.03,40.7530,-73.9774,40.7518,-73.9778,member
R90400494,classic_bike,2026-08-18 05:32:44,2026-08-18 05:26:44,West St & Chambers St,6917.09,christopher st & greenwich st,6202.07,40.7175,-74.0132,40.7329,-74.0071,member
R90400491,classic_bike,2026-08-18 05:56:35,2026-08-18 06:07:17,Cleveland Pl & Spring St,6679.12,christopher st & greenwich st,6202.07,40.7220,-73.9973,40.7329,-74.0071,member
R90400511,classic_bike,2026-08-18 06:06:50,2026-08-18 06:14:20,Lafayette St & E 8 St,5906.08,Cleveland Pl & Spring St,6679.12,40.7302,-73.9911,40.7220,-73.9973,member
R90400503,classic_bike,2026-08-18 06:10:19,2026-08-18 06:13:59,W 26 St & 8 Ave,6253.07,W 33 St & 7 Ave,6594.06,40.7472,-73.9973,40.7502,-73.9908,casual
R90400513,classic_bike,2026-08-18 06:10:19,2026-08-18 06:34:41,1 Ave & E 68 St,6056.19,6 Ave & W 33 St,532,40.7651,-73.9582,40.7490,-73.9880,member
R90400497,electric_bike,2026-08-18 06:10:54,2026-08-18 06:18:19,Vesey Pl & River Terrace,6741.09,Broadway & Battery Pl,6881.14,40.7153,-74.0163,40.7045,-74.0136,member
R90400495,classic_bike,2026-08-18 06:11:02,2026-08-18 06:18:32,Lafayette St & E 8 St,5906.08,Cleveland Pl & Spring St,6679.12,40.7302,-73.9911,40.7220,-73.9973,member
R90400499,electric_bike,2026-08-18 06:11:25,2026-08-18 06:16:20,Lexington Ave & E 63 St,5734.15,1 Ave & E 68 St,6056.19,40.7642,-73.9660,40.7651,-73.9582,member
R90400509,electric_bike,2026-08-18 06:16:50,2026-08-18 06:28:51,1 Ave & E 68 St,6056.19,E 47 St & Park Ave,6462.07,40.7651,-73.9582,40.7550,-73.9750,member
R90400510,docked_bike,2026-08-18 06:21:45,2026-08-18 06:37:38,Lexington Ave & E 63 St,5734.15,W 41 St & 8 Ave,6419.19,40.7642,-73.9660,40.7562,-73.9901,member
R90400498,electric_bike,2026-08-18 06:23:25,2026-08-18 06:32:38,Lexington Ave & E 63 St,5734.15,w 45 st & 6 ave,6785.05,40.7642,-73.9660,40.7566,-73.9826,member
R90400504,electric_bike,2026-08-18 06:24:47,2026-08-18 06:33:59,University Pl & E 14 St,5183.03,Cleveland Pl & Spring St,6679.12,40.7349,-73.9922,40.7220,-73.9973,member
R90400496,classic_bike,2026-08-18 06:35:33,2026-08-18 06:52:39,University Pl & E 14 St,5183.03,Vesey Pl & River Terrace,6741.09,40.7349,-73.9922,40.7153,-74.0163,member
R90400507,classic_bike,2026-08-18 06:39:32,2026-08-18 06:48:27,W 45 St & 6 Ave,6785.05,6 Ave & W 33 St,5431.02,40.7566,-73.9826,40.7490,-73.9880,member
R90400505,electric_bike,2026-08-18 06:42:53,2026-08-18 06:48:37,E 7 St & Avenue A,5428.06,Cleveland Pl & Spring St,6679.12,40.7263,-73.9838,40.7220,-73.9973,member
R90400512,classic_bike,2026-08-18 06:46:59,2026-08-18 07:02:32,South End Ave & Liberty St,6060.05,Cleveland Pl & Spring St,6679.12,40.7112,-74.0158,40.7220,-73.9973,member
R90400508,classic_bike,2026-08-18 06:49:00,2026-08-18 07:01:28,W 17 St & 8 Ave,5891.11,8 Ave & W 31 St ,6359.12,40.7418,-74.0015,40.7505,-73.9947,member
R90400506,electric_bike,2026-08-18 06:55:04,2026-08-18 07:00:16,9 Ave & W 22 St,6088.11,W 20 St & 11 Ave,207,40.7455,-74.0019,40.7465,-74.0077,member
R90400500,classic_bike,2026-08-18 06:57:03,2026-08-18 07:14:41,W 21 St & 6 Ave,6173.11,W 45 St & 6 Ave,6785.05,40.7417,-73.9942,40.7566,-73.9826,member
R90400501,classic_bike,2026-08-18 06:57:12,2026-08-18 07:01:26,Broadway & E 14 St,6115.16,lafayette st & e 8 st,5906.08,40.7345,-73.9906,40.7302,-73.9911,member
R90400502,electric_bike,2026-08-18 06:59:30,2026-08-18 07:08:16,Broadway & Battery Pl,6881.14,West St & Chambers St,6917.09,40.7045,-74.0136,40.7175,-74.0132,member
R90400561,electric_bike,2026-08-18 07:01:07,2026-08-18 07:08:52,E 75 St & 3 Ave,6186.15,Lexington Ave & E 63 St,5734.15,40.7714,-73.9573,40.7642,-73.9660,member
R90400524,classic_bike,2026-08-18 07:01:18,2026-08-18 07:19:36,E 17 St & Broadway,5307.10,w 41 st & 8 ave,6419.19,40.7371,-73.9902,40.7562,-73.9901,member
R90400529,classic_bike,2026-08-18 07:01:54,2026-08-18 07:16:49,Christopher St & Greenwich St,6202.07,W 33 St & 7 Ave,6594.06,40.7329,-74.0071,40.7502,-73.9908,member
R90400526,classic_bike,2026-08-18 07:02:50,2026-08-18 07:17:23,Lexington Ave & E 63 St,5734.15,Pershing Square North,6711.03,40.7642,-73.9660,40.7518,-73.9778,casual
R90400553,classic_bike,2026-08-18 07:03:08,2026-08-18 07:08:21,1 Ave & E 68 St,6056.19,E 72 St & York Ave,6000.10,40.7651,-73.9582,40.7660,-73.9535,member
R90400534,classic_bike,2026-08-18 07:03:57,2026-08-18 07:21:50,University Pl & E 14 St,5183.03,West St & Chambers St,6917.09,40.7349,-73.9922,40.7175,-74.0132,member
R90400531,electric_bike,2026-08-18 07:05:38,2026-08-18 07:13:14,Carmine St & 6 Ave,6650.03,Cleveland Pl & Spring St,6679.12,40.7303,-74.0022,40.7220,-73.9973,member
R90400527,classic_bike,2026-08-18 07:05:39,2026-08-18 07:30:04,Carmine St & 6 Ave,6650.03,E 47 St & Park Ave,6462.07,40.7303,-74.0022,40.7550,-73.9750,casual
R90400528,classic_bike,2026-08-18 07:05:51,2026-08-18 07:25:58,University Pl & E 14 St,5183.03,Vesey Pl & River Terrace,6741.09,40.7349,-73.9922,40.7153,-74.0163,member
R90400539,electric_bike,2026-08-18 07:09:38,2026-08-18 07:18:50,Pershing Square North,6711.03,W 41 St & 8 Ave,6419.19,40.7518,-73.9778,40.7562,-73.9901,member
R90400558,electric_bike,2026-08-18 07:12:19,2026-08-18 07:20:46,E 7 St & Avenue A,578,Cleveland Pl & Spring St,6679.12,40.7263,-73.9838,40.7220,-73.9973,casual
R90400523,classic_bike,2026-08-18 07:12:26,2026-08-18 07:19:48,W 26 St & 8 Ave,6253.07,6 Ave & W 33 St,5431.02,40.7472,-73.9973,40.7490,-73.9880,member
R90400546,classic_bike,2026-08-18 07:14:14,2026-08-18 07:49:09,1 Ave & E 68 St,6056.19,Cleveland Pl & Spring St,6679.12,40.7651,-73.9582,40.7220,-73.9973,member
R90400514,classic_bike,2026-08-18 07:14:21,2026-08-18 07:19:48,W 45 St & 6 Ave,6785.05,Broadway & W 41 St,6732.19,40.7566,-73.9826,40.7553,-73.9868,member
R90400551,classic_bike,2026-08-18 07:17:34,2026-08-18 07:25:04,University Pl & E 14 St,5183.03,W 21 St & 6 Ave,6173.11,40.7349,-73.9922,40.7417,-73.9942,member
R90400550,electric_bike,2026-08-18 07:18:31,2026-08-18 07:24:14,6 Ave & W 33 St,532,E 43 St & Vanderbilt Ave,6741.16,40.7490,-73.9880,40.7530,-73.9774,member
R90400557,classic_bike,2026-08-18 07:19:15,2026-08-18 07:32:13,Christopher St & Greenwich St,6202.07,W 20 St & 11 Ave,5160.04,40.7329,-74.0071,40.7465,-74.0077,member
R90400530,docked_bike,2026-08-18 07:20:44,2026-08-18 07:39:51,Lexington Ave & E 63 St,5734.15,W 41 St & 8 Ave,6419.19,40.7642,-73.9660,40.7562,-73.9901,member
R90400544,classic_bike,2026-08-18 07:21:05,2026-08-18 07:29:04,W 21 St & 6 Ave,406,Lafayette St & E 8 St,5906.08,40.7417,-73.9942,40.7302,-73.9911,casual
R90400515,electric_bike,2026-08-18 07:21:14,,Broadway & W 41 St,6732.19,,,40.7553,-73.9868,,,member
R90400518,classic_bike,2026-08-18 07:24:25,2026-08-18 07:45:20,E 7 St & Avenue A,5428.06,South End Ave & Liberty St,6060.05,40.7263,-73.9838,40.7112,-74.0158,member
R90400537,classic_bike,2026-08-18 07:24:28,2026-08-18 07:44:25,lexington ave & e 63 st,5734.15,W 33 St & 7 Ave,6594.06,40.7642,-73.9660,40.7502,-73.9908,casual
R90400541,classic_bike,2026-08-18 07:27:19,2026-08-18 07:43:45,West St & Chambers St,6917.09,Lafayette St & E 8 St,5906.08,40.7175,-74.0132,40.7302,-73.9911,member
R90400536,classic_bike,2026-08-18 07:30:24,2026-08-18 07:51:03,Lafayette St & E 8 St,5906.08,E 47 St & Park Ave,6462.07,40.7302,-73.9911,40.7550,-73.9750,member
R90400542,electric_bike,2026-08-18 07:30:35,2026-08-18 07:47:46,1 Ave & E 68 St,6056.19,6 Ave & W 33 St,5431.02,40.7651,-73.9582,40.7490,-73.9880,member
R90400547,electric_bike,2026-08-18 07:31:33,2026-08-18 07:39:11,W 20 St & 11 Ave,5160.04,Broadway & W 41 St,6732.19,40.7465,-74.0077,40.7553,-73.9868,casual
R90400563,electric_bike,2026-08-18 07:32:12,2026-08-18 07:40:00,W 33 St & 7 Ave,6594.06,broadway & w 41 st,6732.19,40.7502,-73.9908,40.7553,-73.9868,casual
R90400516,classic_bike,2026-08-18 07:32:37,2026-08-18 07:44:40,E 72 St & York Ave,348,e 47 st & park ave,6462.07,40.7660,-73.9535,40.7550,-73.9750,casual
R90400560,classic_bike,2026-08-18 07:33:12,2026-08-18 07:52:14,Christopher St & Greenwich St,6202.07,Pershing Square North,6711.03,40.7329,-74.0071,40.7518,-73.9778,member
R90400545,classic_bike,2026-08-18 07:33:34,2026-08-18 07:34:38,University Pl & E 14 St,5183.03,Broadway & E 14 St,514,40.7349,-73.9922,40.7345,-73.9906,member
R90400549,classic_bike,2026-08-18 07:34:21,2026-08-18 07:45:35,W 26 St & 8 Ave,6253.07,broadway & w 41 st,6732.19,40.7472,-73.9973,40.7553,-73.9868,member
R90400538,electric_bike,2026-08-18 07:36:58,2026-08-18 07:44:06,E 7 St & Avenue A,5428.06,Lafayette  St & E 8 St,5906.08,40.7263,-73.9838,40.7302,-73.9911,member
R90400521,classic_bike,2026-08-18 07:37:06,2026-08-18 07:44:47,Carmine St & 6 Ave,6650.03,Lafayette St & E 8 St,5906.08,40.7303,-74.0022,40.7302,-73.9911,member
R90400554,electric_bike,2026-08-18 07:38:45,2026-08-18 07:47:45,Pershing Square North,6711.03,W 41 St & 8 Ave,6419.19,40.7518,-73.9778,40.7562,-73.9901,member
R90400559,classic_bike,2026-08-18 07:39:25,2026-08-18 07:54:32,1 Ave & E 68 St,6056.19,6 Ave & W 33 St,5431.02,40.7651,-73.9582,40.7490,-73.9880,casual
R90400556,classic_bike,2026-08-18 07:43:05,2026-08-18 07:46:50,6 Ave & W 33 St,5431.02,Broadway & W 41 St,241,40.7490,-73.9880,40.7553,-73.9868,member
R90400525,electric_bike,2026-08-18 07:46:25,2026-08-18 07:53:11,Pershing Square North,6711.03,6 Ave & W 33 St,5431.02,40.7518,-73.9778,40.7490,-73.9880,member
R90400533,electric_bike,2026-08-18 07:48:40,2026-08-18 08:03:25,1 Ave & E 68 St ,6056.19,Broadway & W 41 St,6732.19,40.7651,-73.9582,40.7553,-73.9868,member
R90400555,classic_bike,2026-08-18 07:49:37,2026-08-18 08:02:08,Carmine St & 6 Ave,6650.03,Vesey Pl & River Terrace,6741.09,40.7303,-74.0022,40.7153,-74.0163,member
R90400535,classic_bike,2026-08-18 07:49:43,2026-08-18 08:04:08,broadway & e 14 st,6115.16,W 45 St & 6 Ave,366,40.7345,-73.9906,40.7566,-73.9826,member
R90400522,classic_bike,2026-08-18 07:50:09,2026-08-18 08:09:50,E 17 St & Broadway,5307.10,West St & Chambers St,6917.09,40.7371,-73.9902,40.7175,-74.0132,member
R90400552,classic_bike,2026-08-18 07:50:42,2026-08-18 08:06:24,lafayette st & e 8 st,5906.08,West St & Chambers St,6917.09,40.7302,-73.9911,40.7175,-74.0132,member
R90400562,classic_bike,2026-08-18 07:55:00,2026-08-18 08:10:09,Broadway & E 14 St,6115.16,6 Ave & W 33 St,5431.02,40.7345,-73.9906,40.7490,-73.9880,member
R90400517,electric_bike,2026-08-18 07:56:58,2026-08-18 08:14:20,1 ave & e 68 st,6056.19,W 41 St & 8 Ave,6419.19,40.7651,-73.9582,40.7562,-73.9901,member
R90400540,classic_bike,2026-08-18 07:57:36,2026-08-18 08:21:19,Carmine  St & 6 Ave,6650.03,Broadway & Battery Pl,6881.14,40.7303,-74.0022,40.7045,-74.0136,member
R90400519,electric_bike,2026-08-18 07:57:51,2026-08-18 08:13:15,West St & Chambers St,6917.09,W 21 St & 6 Ave,6173.11,40.7175,-74.0132,40.7417,-73.9942,member
R90400520,classic_bike,2026-08-18 07:58:22,2026-08-18 08:10:22,Pershing Square North,6711.03,W 33 St & 7 Ave,6594.06,40.7518,-73.9778,40.7502,-73.9908,member
R90400532,classic_bike,2026-08-18 07:58:22,2026-08-18 08:02:55,w 26 st & 8 ave,6253.07,W 33 St & 7 Ave,6594.06,40.7472,-73.9973,40.7502,-73.9908,member
R90400543,electric_bike,2026-08-18 07:59:23,2026-08-18 08:03:53,E 17 St & Broadway,5307.10,University Pl & E 14 St,5183.03,40.7371,-73.9902,40.7349,-73.9922,member
R90400548,classic_bike,2026-08-18 07:59:55,2026-08-18 08:13:11,Broadway & E 14 St,6115.16,9 Ave & W 22 St,6088.11,40.7345,-73.9906,40.7455,-74.0019,member
R90400584,classic_bike,2026-08-18 08:00:29,2026-08-18 08:20:15,1 Ave & E 68 St,6056.19,W 41 St & 8 Ave,6419.19,40.7651,-73.9582,40.7562,-73.9901,casual
R90400599,classic_bike,2026-08-18 08:02:45,2026-08-18 08:12:40,E 7 St & Avenue A,5428.06,Cleveland Pl & Spring St,508,40.7263,-73.9838,40.7220,-73.9973,casual
R90400627,electric_bike,2026-08-18 08:04:17,2026-08-18 08:14:19,Carmine St & 6 Ave,6650.03,Lafayette St & E 8 St,5906.08,40.7303,-74.0022,40.7302,-73.9911,member
R90400605,classic_bike,2026-08-18 08:05:06,2026-08-18 08:17:52,University Pl & E 14 St,5183.03,W 33 St & 7 Ave,6594.06,40.7349,-73.9922,40.7502,-73.9908,member
R90400611,classic_bike,2026-08-18 08:06:53,2026-08-18 08:23:49,E 72 St & York Ave,6000.10,Pershing  Square North,6711.03,40.7660,-73.9535,40.7518,-73.9778,member
R90400625,classic_bike,2026-08-18 08:08:48,2026-08-18 08:16:46,W 45 St & 6 Ave,6785.05,Broadway  & W 41 St,6732.19,40.7566,-73.9826,40.7553,-73.9868,member
R90400617,classic_bike,2026-08-18 08:09:51,2026-08-18 08:33:43,Lafayette St & E 8 St,5906.08,w 41 st & 8 ave,6419.19,40.7302,-73.9911,40.7562,-73.9901,member
R90400602,classic_bike,2026-08-18 08:10:26,2026-08-18 08:23:28,E 17 St & Broadway,5307.10,Broadway & W 41 St,241,40.7371,-73.9902,40.7553,-73.9868,member
R90400588,electric_bike,2026-08-18 08:11:04,2026-08-18 08:23:35,W 20 St & 11 Ave,207,W 33 St & 7 Ave,6594.06,40.7465,-74.0077,40.7502,-73.9908,member
R90400594,classic_bike,2026-08-18 08:11:22,2026-08-18 08:20:35,8 Ave & W 31 St,6359.12,9 Ave & W 22 St,6088.11,40.7505,-73.9947,40.7455,-74.0019,member
R90400579,electric_bike,2026-08-18 08:11:39,2026-08-18 08:15:50,E 17 St & Broadway,287,University Pl & E 14 St,5183.03,40.7371,-73.9902,40.7349,-73.9922,member
R90400597,electric_bike,2026-08-18 08:12:08,2026-08-18 08:17:49,W 21 St & 6 Ave,6173.11,8 Ave & W 31 St,475,40.7417,-73.9942,40.7505,-73.9947,casual
R90400620,classic_bike,2026-08-18 08:12:12,2026-08-18 08:20:52,W 26 St & 8 Ave,6253.07,W 41 St & 8 Ave,254,40.7472,-73.9973,40.7562,-73.9901,member
R90400582,electric_bike,2026-08-18 08:12:25,2026-08-18 08:21:22,University Pl & E 14 St,5183.03,Cleveland Pl & Spring St,6679.12,40.7349,-73.9922,40.7220,-73.9973,member
R90400621,classic_bike,2026-08-18 08:12:32,2026-08-18 08:36:33,E 7 St & Avenue A,5428.06,E 47 St & Park Ave,6462.07,40.7263,-73.9838,40.7550,-73.9750,member
R90400616,electric_bike,2026-08-18 08:13:44,2026-08-18 08:23:30,University Pl & E 14 St,5183.03,Cleveland Pl & Spring St,6679.12,40.7349,-73.9922,40.7220,-73.9973,casual
R90400566,electric_bike,2026-08-18 08:15:01,2026-08-18 08:18:51,8 Ave & W 31 St,475,Broadway & W 41 St,6732.19,40.7505,-73.9947,40.7553,-73.9868,member
R90400624,classic_bike,2026-08-18 08:16:24,2026-08-18 08:26:16,E 7 St & Avenue A,5428.06,Cleveland Pl & Spring St,6679.12,40.7263,-73.9838,40.7220,-73.9973,member
R90400564,classic_bike,2026-08-18 08:18:45,2026-08-18 08:32:06,1 Ave & E 68 St,6056.19,E 47 St & Park Ave,415,40.7651,-73.9582,40.7550,-73.9750,member
R90400583,classic_bike,2026-08-18 08:19:48,2026-08-18 08:37:29,1 Ave & E 68 St,6056.19,e 43 st & vanderbilt ave,590,40.7651,-73.9582,40.7530,-73.9774,casual
R90400576,electric_bike,2026-08-18 08:19:59,2026-08-18 08:22:42,w 21 st & 6 ave,6173.11,W 26 St & 8 Ave,6253.07,40.7417,-73.9942,40.7472,-73.9973,member
R90400596,classic_bike,2026-08-18 08:21:17,2026-08-18 08:29:36,University Pl & E 14 St,382,W 21 St & 6 Ave,6173.11,40.7349,-73.9922,40.7417,-73.9942,member
R90400629,electric_bike,2026-08-18 08:21:56,2026-08-18 08:36:19,Lafayette St & E 8 St,5906.08,W 45 St & 6 Ave,6785.05,40.7302,-73.9911,40.7566,-73.9826,casual
R90400593,electric_bike,2026-08-18 08:23:59,2026-08-18 08:42:07,Carmine St & 6 Ave,6650.03,Broadway & Battery Pl,6881.14,40.7303,-74.0022,40.7045,-74.0136,member
R90400630,electric_bike,2026-08-18 08:25:28,2026-08-18 08:44:58,Broadway  & E 14 St,6115.16,W 41 St & 8 Ave,6419.19,40.7345,-73.9906,40.7562,-73.9901,member
R90400587,classic_bike,2026-08-18 08:26:18,2026-08-18 08:29:56,9 Ave & W 22 St,6088.11,W 20 St & 11 Ave,5160.04,40.7455,-74.0019,40.7465,-74.0077,member
R90400590,electric_bike,2026-08-18 08:27:07,2026-08-18 08:36:49,Pershing Square North,6711.03,W 33 St & 7 Ave,6594.06,40.7518,-73.9778,40.7502,-73.9908,member
R90400603,electric_bike,2026-08-18 08:27:17,2026-08-18 08:37:37,E 17 St & Broadway,5307.10,6 Ave & W 33 St,5431.02,40.7371,-73.9902,40.7490,-73.9880,casual
R90400604,electric_bike,2026-08-18 08:28:45,2026-08-18 08:40:23,Pershing Square North,6711.03,Broadway & E 14 St,6115.16,40.7518,-73.9778,40.7345,-73.9906,member
R90400608,classic_bike,2026-08-18 08:28:47,2026-08-18 08:48:55,Christopher St & Greenwich St,6202.07,Vesey Pl & River Terrace,6741.09,40.7329,-74.0071,40.7153,-74.0163,member
R90400578,classic_bike,2026-08-18 08:29:58,2026-08-18 08:49:59,Carmine St & 6 Ave,6650.03,broadway & w 41 st,6732.19,40.7303,-74.0022,40.7553,-73.9868,member
R90400571,classic_bike,2026-08-18 08:30:22,2026-08-18 08:47:53,University Pl & E 14 St,5183.03,West St & Chambers St,6917.09,40.7349,-73.9922,40.7175,-74.0132,casual
R90400614,classic_bike,2026-08-18 08:30:33,2026-08-18 08:34:36,e 47 st & park ave,6462.07,Pershing Square North,6711.03,40.7550,-73.9750,40.7518,-73.9778,member
R90400626,electric_bike,2026-08-18 08:30:37,2026-08-18 08:42:39,Broadway & E 14 St,6115.16,E 43 St & Vanderbilt Ave,6741.16,40.7345,-73.9906,40.7530,-73.9774,member
R90400574,classic_bike,2026-08-18 08:32:26,2026-08-18 08:36:38,9 Ave & W 22 St,6088.11,W 17 St & 8 Ave,5891.11,40.7455,-74.0019,40.7418,-74.0015,member
R90400628,classic_bike,2026-08-18 08:33:38,2026-08-18 09:05:07,e 43 st & vanderbilt ave,6741.16,West St & Chambers St,6917.09,40.7530,-73.9774,40.7175,-74.0132,casual
R90400573,classic_bike,2026-08-18 08:34:45,2026-08-18 08:47:34,Lexington Ave & E 63 St,5734.15,E 43 St & Vanderbilt Ave,6741.16,40.7642,-73.9660,40.7530,-73.9774,member
R90400622,electric_bike,2026-08-18 08:36:30,2026-08-18 08:53:36,Lafayette St & E 8 St,5906.08,West  St & Chambers St,6917.09,40.7302,-73.9911,40.7175,-74.0132,casual
R90400585,electric_bike,2026-08-18 08:36:46,2026-08-18 08:42:14,W 26 St & 8 Ave,6253.07,6 Ave & W 33 St,5431.02,40.7472,-73.9973,40.7490,-73.9880,casual
R90400612,classic_bike,2026-08-18 08:38:02,2026-08-18 08:55:58,Broadway & E 14 St,6115.16,broadway & w 41 st,6732.19,40.7345,-73.9906,40.7553,-73.9868,member
R90400591,electric_bike,2026-08-18 08:38:33,2026-08-18 08:51:52,E 17 St & Broadway,5307.10,8 Ave & W 31 St,6359.12,40.7371,-73.9902,40.7505,-73.9947,casual
R90400570,electric_bike,2026-08-18 08:38:54,2026-08-18 08:45:07,W 33 St & 7 Ave,6594.06,Broadway & W 41 St,6732.19,40.7502,-73.9908,40.7553,-73.9868,member
R90400589,classic_bike,2026-08-18 08:39:34,,E 75 St & 3 Ave,6186.15,,,40.7714,-73.9573,,,member
R90400575,classic_bike,2026-08-18 08:43:02,2026-08-18 08:51:13,Lexington Ave & E 63 St,5734.15,E 72 St & York Ave,6000.10,40.7642,-73.9660,40.7660,-73.9535,member
R90400568,classic_bike,2026-08-18 08:43:41,2026-08-18 08:57:31,W 21 St & 6 Ave,6173.11,W 45 St & 6 Ave,6785.05,40.7417,-73.9942,40.7566,-73.9826,member
R90400598,electric_bike,2026-08-18 08:44:17,2026-08-18 08:53:13,University Pl & E 14 St,5183.03,6 Ave & W 33 St,5431.02,40.7349,-73.9922,40.7490,-73.9880,member
R90400567,classic_bike,2026-08-18 08:45:08,2026-08-18 08:56:40,1 Ave & E 68 St,371,E 47 St & Park Ave,6462.07,40.7651,-73.9582,40.7550,-73.9750,casual
R90400586,classic_bike,2026-08-18 08:45:51,2026-08-18 09:09:23,1 Ave & E 68 St,6056.19,W 21 St & 6 Ave,6173.11,40.7651,-73.9582,40.7417,-73.9942,casual
R90400600,classic_bike,2026-08-18 08:46:52,2026-08-18 08:59:09,west st & chambers st,6917.09,Cleveland Pl & Spring St,508,40.7175,-74.0132,40.7220,-73.9973,member
R90400623,classic_bike,2026-08-18 08:47:48,2026-08-18 08:51:47,W 17 St & 8 Ave,5891.11,9 Ave & W 22 St,6088.11,40.7418,-74.0015,40.7455,-74.0019,casual
R90400607,classic_bike,2026-08-18 08:48:56,2026-08-18 09:06:13,Carmine St & 6 Ave,6650.03,South End Ave & Liberty St,6060.05,40.7303,-74.0022,40.7112,-74.0158,member
R90400577,classic_bike,2026-08-18 08:49:16,2026-08-18 09:03:16,Lexington Ave & E 63 St,5734.15,W 45 St & 6 Ave,6785.05,40.7642,-73.9660,40.7566,-73.9826,member
R90400606,classic_bike,2026-08-18 08:49:24,2026-08-18 09:03:53,Lexington Ave & E 63 St,5734.15,W 45 St & 6 Ave,366,40.7642,-73.9660,40.7566,-73.9826,member
R90400618,classic_bike,2026-08-18 08:49:31,2026-08-18 09:04:48,University Pl & E 14 St,5183.03,Pershing Square North,6711.03,40.7349,-73.9922,40.7518,-73.9778,member
R90400610,electric_bike,2026-08-18 08:51:21,2026-08-18 08:57:42,Broadway & Battery Pl,6881.14,Vesey Pl & River Terrace,6741.09,40.7045,-74.0136,40.7153,-74.0163,member
R90400580,electric_bike,2026-08-18 08:51:44,2026-08-18 09:02:37,E 17 St & Broadway ,5307.10,W 41 St & 8 Ave,6419.19,40.7371,-73.9902,40.7562,-73.9901,member
R90400569,classic_bike,2026-08-18 08:52:01,2026-08-18 09:18:59,1 Ave & E 68 St,6056.19,W 41 St & 8 Ave,6419.19,40.7651,-73.9582,40.7562,-73.9901,member
R90400592,classic_bike,2026-08-18 08:53:24,2026-08-18 09:05:45,University Pl & E 14 St,5183.03,Cleveland Pl & Spring St,508,40.7349,-73.9922,40.7220,-73.9973,member
R90400572,classic_bike,2026-08-18 08:54:23,2026-08-18 09:01:11,8 Ave & W 31 St,6359.12,Broadway & W 41 St,6732.19,40.7505,-73.9947,40.7553,-73.9868,casual
R90400581,electric_bike,2026-08-18 08:54:57,2026-08-18 09:06:27,1 Ave & E 68 St,6056.19,E 47 St & Park Ave,6462.07,40.7651,-73.9582,40.7550,-73.9750,member
R90400595,electric_bike,2026-08-18 08:54:59,2026-08-18 09:06:14,1 Ave & E 68 St,6056.19,E 43 St & Vanderbilt Ave,6741.16,40.7651,-73.9582,40.7530,-73.9774,member
R90400565,classic_bike,2026-08-18 08:56:42,2026-08-18 09:18:26,Broadway & E 14 St,6115.16,Vesey Pl & River Terrace,6741.09,40.7345,-73.9906,40.7153,-74.0163,casual
R90400609,electric_bike,2026-08-18 08:57:00,2026-08-18 09:10:15,W 26 St & 8 Ave,6253.07,Pershing  Square North,6711.03,40.7472,-73.9973,40.7518,-73.9778,casual
R90400615,classic_bike,2026-08-18 08:57:40,2026-08-18 09:11:17,Christopher St & Greenwich St,6202.07,W 33 St & 7 Ave,6594.06,40.7329,-74.0071,40.7502,-73.9908,casual
R90400601,classic_bike,2026-08-18 08:58:09,2026-08-18 09:01:03,E 47 St & Park Ave,6462.07,Pershing Square North,6711.03,40.7550,-73.9750,40.7518,-73.9778,casual
R90400613,classic_bike,2026-08-18 08:58:31,2026-08-18 09:02:23,Broadway & W 41 St,6732.19,W 33 St & 7 Ave,6594.06,40.7553,-73.9868,40.7502,-73.9908,member
R90400619,classic_bike,2026-08-18 08:59:03,2026-08-18 09:07:55,E 7 St & Avenue A,5428.06,Cleveland Pl & Spring St,6679.12,40.7263,-73.9838,40.7220,-73.9973,member
R90400666,electric_bike,2026-08-18 09:00:09,2026-08-18 09:02:00,University Pl & E 14 St,5183.03,E 17 St & Broadway,5307.10,40.7349,-73.9922,40.7371,-73.9902,member
R90400659,classic_bike,2026-08-18 09:01:36,2026-08-18 09:11:07,Vesey  Pl & River Terrace,6741.09,Broadway & Battery Pl,6881.14,40.7153,-74.0163,40.7045,-74.0136,member
R90400660,classic_bike,2026-08-18 09:02:28,2026-08-18 09:10:18,Lafayette St & E 8 St,5906.08,Cleveland Pl & Spring St,6679.12,40.7302,-73.9911,40.7220,-73.9973,casual
R90400646,classic_bike,2026-08-18 09:03:44,2026-08-18 09:18:28,E 17 St & Broadway,5307.10,W 20 St & 11 Ave,5160.04,40.7371,-73.9902,40.7465,-74.0077,member
R90400656,classic_bike,2026-08-18 09:04:17,2026-08-18 09:25:04,lafayette st & e 8 st,5906.08,W 45 St & 6 Ave,6785.05,40.7302,-73.9911,40.7566,-73.9826,member
R90400648,classic_bike,2026-08-18 09:05:33,2026-08-18 09:08:58,W 26 St & 8 Ave,6253.07,9 ave & w 22 st,6088.11,40.7472,-73.9973,40.7455,-74.0019,member
R90400643,electric_bike,2026-08-18 09:05:40,2026-08-18 09:16:21,E 17 St & Broadway,5307.10,W 45 St & 6 Ave,6785.05,40.7371,-73.9902,40.7566,-73.9826,member
R90400676,electric_bike,2026-08-18 09:07:47,2026-08-18 09:21:42,Lafayette St & E 8 St,5906.08,W 41 St & 8 Ave,6419.19,40.7302,-73.9911,40.7562,-73.9901,member
R90400645,classic_bike,2026-08-18 09:09:04,2026-08-18 09:34:12,E 75 St & 3 Ave,6186.15,6 Ave & W 33 St,5431.02,40.7714,-73.9573,40.7490,-73.9880,casual
R90400650,electric_bike,2026-08-18 09:11:05,2026-08-18 09:19:58,W 17 St & 8 Ave,5891.11,Pershing Square North,6711.03,40.7418,-74.0015,40.7518,-73.9778,casual
R90400633,electric_bike,2026-08-18 09:11:34,2026-08-18 09:23:30,Broadway & E 14 St,6115.16,W 45 St & 6 Ave,6785.05,40.7345,-73.9906,40.7566,-73.9826,member
R90400637,classic_bike,2026-08-18 09:12:42,2026-08-18 09:38:22,Carmine St & 6 Ave,6650.03,E 47 St & Park Ave,6462.07,40.7303,-74.0022,40.7550,-73.9750,casual
R90400632,classic_bike,2026-08-18 09:14:36,2026-08-18 09:25:44,W  21 St & 6 Ave,6173.11,Lafayette St & E 8 St,5906.08,40.7417,-73.9942,40.7302,-73.9911,member
R90400640,classic_bike,2026-08-18 09:15:44,2026-08-18 09:22:55,Pershing Square North,6711.03,W 45 St & 6 Ave,366,40.7518,-73.9778,40.7566,-73.9826,member
R90400651,classic_bike,2026-08-18 09:15:48,2026-08-18 09:24:16,Broadway & Battery Pl,6881.14,Vesey Pl & River Terrace,6741.09,40.7045,-74.0136,40.7153,-74.0163,member
R90400641,classic_bike,2026-08-18 09:16:33,2026-08-18 09:27:58,W 17 St & 8 Ave,5891.11,6 Ave & W 33 St,5431.02,40.7418,-74.0015,40.7490,-73.9880,member
R90400641,classic_bike,2026-08-18 09:16:33,2026-08-18 09:27:58,W 17 St & 8 Ave,5891.11,6 Ave & W 33 St,5431.02,40.7418,-74.0015,40.7490,-73.9880,member
R90400662,classic_bike,2026-08-18 09:16:46,2026-08-18 09:28:22,University Pl & E 14 St,5183.03,Cleveland Pl & Spring St,6679.12,40.7349,-73.9922,40.7220,-73.9973,member
R90400631,classic_bike,2026-08-18 09:16:47,2026-08-18 09:35:24,E 72 St & York Ave,6000.10,E 43 St & Vanderbilt Ave,6741.16,40.7660,-73.9535,40.7530,-73.9774,member
R90400644,electric_bike,2026-08-18 09:16:52,2026-08-18 09:30:04,E 75 St and 3 Ave,6186.15,Pershing Square North,6711.03,40.7714,-73.9573,40.7518,-73.9778,casual
R90400647,classic_bike,2026-08-18 09:16:58,2026-08-18 09:24:18,South End Ave & Liberty St,6060.05,west st & chambers st,6917.09,40.7112,-74.0158,40.7175,-74.0132,member
R90400634,classic_bike,2026-08-18 09:17:23,2026-08-18 09:28:02,W 21 St & 6 Ave,6173.11,Pershing Square North,6711.03,40.7417,-73.9942,40.7518,-73.9778,member
R90400635,classic_bike,2026-08-18 09:17:51,2026-08-18 09:26:19,Carmine St & 6 Ave,6650.03,Cleveland  Pl & Spring St,6679.12,40.7303,-74.0022,40.7220,-73.9973,member
R90400652,classic_bike,2026-08-18 09:17:54,2026-08-18 09:27:48,Carmine St & 6 Ave,284,Cleveland Pl & Spring St ,6679.12,40.7303,-74.0022,40.7220,-73.9973,casual
R90400673,classic_bike,2026-08-18 09:18:14,2026-08-18 09:27:52,E 72 St & York Ave,6000.10,Lexington Ave & E 63 St,5734.15,40.7660,-73.9535,40.7642,-73.9660,member
R90400663,classic_bike,2026-08-18 09:19:52,2026-08-18 09:39:46,E 17 St & Broadway,5307.10,W 41 St & 8 Ave,6419.19,40.7371,-73.9902,40.7562,-73.9901,member
R90400639,classic_bike,2026-08-18 09:20:04,2026-08-18 09:42:13,Lafayette St & E 8 St,5906.08,W 41 St & 8 Ave,6419.19,40.7302,-73.9911,40.7562,-73.9901,member
R90400657,classic_bike,2026-08-18 09:21:13,2026-08-18 09:34:05,E 7 St & Avenue A,5428.06,Cleveland Pl & Spring St,6679.12,40.7263,-73.9838,40.7220,-73.9973,casual
R90400669,classic_bike,2026-08-18 09:21:46,2026-08-18 09:40:21,E 75 St & 3 Ave,6186.15,Pershing Square North,6711.03,40.7714,-73.9573,40.7518,-73.9778,member
R90400642,classic_bike,2026-08-18 09:27:51,2026-08-18 09:42:26,Carmine St & 6 Ave,6650.03,Vesey Pl & River Terrace,6741.09,40.7303,-74.0022,40.7153,-74.0163,member
R90400674,classic_bike,2026-08-18 09:28:29,2026-08-18 09:44:04,University Pl & E 14 St,5183.03,Pershing Square North,6711.03,40.7349,-73.9922,40.7518,-73.9778,member
R90400664,classic_bike,2026-08-18 09:29:22,2026-08-18 09:40:56,Pershing Square North,6711.03,W 41 St & 8 Ave,6419.19,40.7518,-73.9778,40.7562,-73.9901,member
R90400668,electric_bike,2026-08-18 09:31:11,2026-08-18 09:39:53,W 26 St & 8 Ave,439,6 ave & w 33 st,5431.02,40.7472,-73.9973,40.7490,-73.9880,member
R90400654,electric_bike,2026-08-18 09:32:10,2026-08-18 09:42:40,w 33 st & 7 ave,6594.06,E 47 St & Park Ave,6462.07,40.7502,-73.9908,40.7550,-73.9750,member
R90400670,classic_bike,2026-08-18 09:34:17,2026-08-18 09:47:25,E 17 St & Broadway,5307.10,8 Ave & W 31 St,6359.12,40.7371,-73.9902,40.7505,-73.9947,casual
R90400675,classic_bike,2026-08-18 09:42:49,2026-08-18 10:09:45,Christopher St & Greenwich St,6202.07,Pershing Square North,6711.03,40.7329,-74.0071,40.7518,-73.9778,member
R90400665,electric_bike,2026-08-18 09:45:13,2026-08-18 09:52:18,W 21 St & 6 Ave,406,W 33 St & 7 Ave,6594.06,40.7417,-73.9942,40.7502,-73.9908,member
R90400671,electric_bike,2026-08-18 09:46:57,2026-08-18 09:51:59,W 21 St & 6 Ave,6173.11,W 33 St & 7 Ave,6594.06,40.7417,-73.9942,40.7502,-73.9908,member
R90400653,classic_bike,2026-08-18 09:46:59,2026-08-18 10:02:05,E 72 St & York Ave,6000.10,E 47 St & Park Ave,6462.07,40.7660,-73.9535,40.7550,-73.9750,casual
R90400655,electric_bike,2026-08-18 09:48:15,2026-08-18 09:51:45,university pl & e 14 st,382,Broadway & E 14 St,6115.16,40.7349,-73.9922,40.7345,-73.9906,member
R90400667,classic_bike,2026-08-18 09:48:42,2026-08-18 10:08:14,W 17 St & 8 Ave,5891.11,Pershing Square North,6711.03,40.7418,-74.0015,40.7518,-73.9778,member
R90400672,electric_bike,2026-08-18 09:49:53,2026-08-18 10:06:50,E 7 St & Avenue A,5428.06,Broadway & Battery Pl,6881.14,40.7263,-73.9838,40.7045,-74.0136,member
R90400636,classic_bike,2026-08-18 09:50:42,2026-08-18 10:11:16,Lexington Ave & E 63 St,5734.15,9 Ave & W 22 St ,339,40.7642,-73.9660,40.7455,-74.0019,member
R90400658,classic_bike,2026-08-18 09:53:42,2026-08-18 10:06:56,W 20 St & 11 Ave,5160.04,W 33 St & 7 Ave,6594.06,40.7465,-74.0077,40.7502,-73.9908,casual
R90400661,classic_bike,2026-08-18 09:57:10,2026-08-18 10:12:46,E 72 St & York Ave,6000.10,E 43 St & Vanderbilt Ave,6741.16,40.7660,-73.9535,40.7530,-73.9774,casual
R90400638,classic_bike,2026-08-18 09:57:13,2026-08-18 10:14:28,University Pl & E 14 St,5183.03,Broadway & W 41 St,6732.19,40.7349,-73.9922,40.7553,-73.9868,member
R90400649,classic_bike,2026-08-18 09:58:01,2026-08-18 10:19:21,Carmine St & 6 Ave,6650.03,Broadway & Battery Pl ,6881.14,40.7303,-74.0022,40.7045,-74.0136,member
R90400685,electric_bike,2026-08-18 10:02:36,2026-08-18 10:06:22,6 Ave & W 33 St,5431.02,W 33 St & 7 Ave,6594.06,40.7490,-73.9880,40.7502,-73.9908,casual
R90400683,classic_bike,2026-08-18 10:10:56,2026-08-18 10:33:00,6 Ave & W 33 St,532,1 Ave & E 68 St,6056.19,40.7490,-73.9880,40.7651,-73.9582,casual
R90400680,classic_bike,2026-08-18 10:19:34,2026-08-18 10:27:36,E 47 St & Park Ave,6462.07,W 41 St & 8 Ave,6419.19,40.7550,-73.9750,40.7562,-73.9901,member
R90400684,classic_bike,2026-08-18 10:22:12,2026-08-18 10:37:22,W 33 St & 7 Ave,6594.06,W 20 St & 11 Ave,207,40.7502,-73.9908,40.7465,-74.0077,member
R90400682,electric_bike,2026-08-18 10:28:40,2026-08-18 10:37:25,w 17 st & 8 ave,5891.11,Pershing Square North,6711.03,40.7418,-74.0015,40.7518,-73.9778,member
R90400681,classic_bike,2026-08-18 10:36:58,2026-08-18 10:56:34,E 72 St & York Ave,6000.10,E 43 St & Vanderbilt Ave,6741.16,40.7660,-73.9535,40.7530,-73.9774,member
R90400686,electric_bike,2026-08-18 10:43:09,2026-08-18 10:59:49,university pl & e 14 st,382,West St & Chambers St,6917.09,40.7349,-73.9922,40.7175,-74.0132,member
R90400677,classic_bike,2026-08-18 10:50:23,2026-08-18 11:08:59,1 Ave & E 68 St,6056.19,6 Ave & W 33 St,5431.02,40.7651,-73.9582,40.7490,-73.9880,member
R90400678,classic_bike,2026-08-18 10:50:53,2026-08-18 10:55:57,Lafayette St & E 8 St,5906.08,Broadway & E 14 St,6115.16,40.7302,-73.9911,40.7345,-73.9906,casual
R90400679,electric_bike,2026-08-18 10:58:39,2026-08-18 11:06:50,W 20 St & 11 Ave,5160.04,9 Ave & W 22 St,6088.11,40.7465,-74.0077,40.7455,-74.0019,casual
R90400699,classic_bike,2026-08-18 11:02:59,2026-08-18 11:18:28,W 20 St & 11 Ave,5160.04,E 47 St & Park Ave,6462.07,40.7465,-74.0077,40.7550,-73.9750,member
R90400697,classic_bike,2026-08-18 11:05:12,2026-08-18 11:18:31,9 Ave & W 22 St,339,Broadway & E 14 St,6115.16,40.7455,-74.0019,40.7345,-73.9906,casual
R90400692,classic_bike,2026-08-18 11:05:35,2026-08-18 11:20:13,West St & Chambers St,6917.09,University Pl & E 14 St,5183.03,40.7175,-74.0132,40.7349,-73.9922,casual
R90400702,classic_bike,2026-08-18 11:09:00,2026-08-18 11:18:19,E  7 St & Avenue A,5428.06,Cleveland Pl & Spring St,6679.12,40.7263,-73.9838,40.7220,-73.9973,member
R90400703,classic_bike,2026-08-18 11:09:58,2026-08-18 11:36:15,W 33 St & 7 Ave,6594.06,West St & Chambers St,6917.09,40.7502,-73.9908,40.7175,-74.0132,member
R90400704,classic_bike,2026-08-18 11:10:08,2026-08-18 11:14:11,University Pl & E 14 St,5183.03,E 17 St & Broadway,5307.10,40.7349,-73.9922,40.7371,-73.9902,member
R90400691,electric_bike,2026-08-18 11:10:51,2026-08-18 11:19:59,Broadway & W 41 St,241,W 26 St & 8 Ave,6253.07,40.7553,-73.9868,40.7472,-73.9973,member
R90400695,classic_bike,2026-08-18 11:11:30,2026-08-18 11:21:49,W 20 St & 11 Ave,5160.04,Christopher St & Greenwich St,6202.07,40.7465,-74.0077,40.7329,-74.0071,casual
R90400688,classic_bike,2026-08-18 11:15:37,2026-08-18 11:24:19,Pershing Square North,6711.03,W 41 St & 8 Ave,6419.19,40.7518,-73.9778,40.7562,-73.9901,member
R90400701,classic_bike,2026-08-18 11:19:07,2026-08-18 11:26:59,W 41 St & 8 Ave,6419.19,W 33 St & 7 Ave,6594.06,40.7562,-73.9901,40.7502,-73.9908,casual
R90400689,electric_bike,2026-08-18 11:26:35,2026-08-18 11:43:52,E 7 St & Avenue A,5428.06,6 Ave & W 33 St,5431.02,40.7263,-73.9838,40.7490,-73.9880,casual
R90400696,classic_bike,2026-08-18 11:33:37,2026-08-18 11:59:29,E 47 St & Park Ave,6462.07,Carmine St & 6 Ave,6650.03,40.7550,-73.9750,40.7303,-74.0022,member
R90400700,classic_bike,2026-08-18 11:36:18,2026-08-18 11:40:44,1 Ave & E 68 St,6056.19,E 72 St & York Ave ,6000.10,40.7651,-73.9582,40.7660,-73.9535,member
R90400694,classic_bike,2026-08-18 11:37:12,2026-08-18 11:40:53,W 33 St & 7 Ave,6594.06,W 41 St & 8 Ave,6419.19,40.7502,-73.9908,40.7562,-73.9901,member
R90400690,classic_bike,2026-08-18 11:42:45,2026-08-18 11:56:49,W 45 St & 6 Ave,6785.05,Lexington Ave & E 63 St,5734.15,40.7566,-73.9826,40.7642,-73.9660,casual
R90400698,classic_bike,2026-08-18 11:43:09,2026-08-18 11:52:20,Pershing Square North,6711.03,6 Ave & W 33 St,5431.02,40.7518,-73.9778,40.7490,-73.9880,member
R90400693,electric_bike,2026-08-18 11:52:01,,Vesey Pl & River Terrace,6741.09,,,40.7153,-74.0163,,,member
R90400687,classic_bike,2026-08-18 11:53:06,2026-08-18 12:07:41,Christopher St & Greenwich St,6202.07,University Pl & E 14 St,5183.03,40.7329,-74.0071,40.7349,-73.9922,member
R90400712,electric_bike,2026-08-18 12:01:23,,W 26 St & 8 Ave,6253.07,,,40.7472,-73.9973,,,casual
R90400705,classic_bike,2026-08-18 12:01:32,2026-08-18 12:07:56,W 45 St & 6 Ave,6785.05,pershing square north,6711.03,40.7566,-73.9826,40.7518,-73.9778,member
R90400706,classic_bike,2026-08-18 12:03:20,2026-08-18 12:22:07,E 47 St & Park Ave,6462.07,Lafayette St & E 8 St,5906.08,40.7550,-73.9750,40.7302,-73.9911,member
R90400717,docked_bike,2026-08-18 12:05:12,2026-08-18 12:12:05,9 ave & w 22 st,6088.11,W 26 St & 8 Ave,6253.07,40.7455,-74.0019,40.7472,-73.9973,member
R90400714,classic_bike,2026-08-18 12:06:39,2026-08-18 12:23:37,Pershing Square North,6711.03,E 75 St & 3 Ave,6186.15,40.7518,-73.9778,40.7714,-73.9573,member
R90400710,classic_bike,2026-08-18 12:08:38,2026-08-18 12:18:43,Pershing Square North,6711.03,W 21 St & 6 Ave ,6173.11,40.7518,-73.9778,40.7417,-73.9942,member
R90400726,classic_bike,2026-08-18 12:10:43,2026-08-18 12:16:53,W 33 St & 7 Ave,6594.06,W 26 St & 8 Ave,6253.07,40.7502,-73.9908,40.7472,-73.9973,member
R90400713,electric_bike,2026-08-18 12:10:48,2026-08-18 12:15:11,Broadway & W 41 St,241,8 Ave & W 31 St,6359.12,40.7553,-73.9868,40.7505,-73.9947,member
R90400715,classic_bike,2026-08-18 12:11:33,2026-08-18 12:19:37,W 21 St & 6 Ave,6173.11,W 33 St & 7 Ave,6594.06,40.7417,-73.9942,40.7502,-73.9908,member
R90400708,classic_bike,2026-08-18 12:12:58,2026-08-18 12:41:27,E 72 St & York Ave,6000.10,Broadway & E 14 St,6115.16,40.7660,-73.9535,40.7345,-73.9906,member
R90400723,classic_bike,2026-08-18 12:21:04,2026-08-18 12:31:06,Cleveland Pl & Spring St,508,West St & Chambers St,6917.09,40.7220,-73.9973,40.7175,-74.0132,member
R90400727,classic_bike,2026-08-18 12:21:12,2026-08-18 12:47:11,Broadway & Battery Pl,6881.14,E 7 St & Avenue A,5428.06,40.7045,-74.0136,40.7263,-73.9838,casual
R90400728,classic_bike,2026-08-18 12:21:40,2026-08-18 12:30:22,6 Ave & W 33 St,5431.02,pershing square north,6711.03,40.7490,-73.9880,40.7518,-73.9778,member
R90400709,electric_bike,2026-08-18 12:22:37,2026-08-18 12:32:13,W 21 St & 6 Ave ,6173.11,8 Ave & W 31 St,6359.12,40.7417,-73.9942,40.7505,-73.9947,member
R90400725,electric_bike,2026-08-18 12:23:58,2026-08-18 12:29:27,W 33 St & 7 Ave,6594.06,w 26 st & 8 ave,439,40.7502,-73.9908,40.7472,-73.9973,member
R90400719,electric_bike,2026-08-18 12:26:35,2026-08-18 12:28:21,Lexington Ave & E 63 St,5734.15,lexington ave & e 63 st,5734.15,40.7642,-73.9660,40.7642,-73.9660,member
R90400707,classic_bike,2026-08-18 12:27:20,2026-08-18 12:47:19,Broadway  & W 41 St,6732.19,Carmine St and 6 Ave,6650.03,40.7553,-73.9868,40.7303,-74.0022,member
R90400729,classic_bike,2026-08-18 12:28:28,2026-08-18 12:38:41,West St & Chambers St,6917.09,Cleveland Pl & Spring St,6679.12,40.7175,-74.0132,40.7220,-73.9973,member
R90400722,classic_bike,2026-08-18 12:36:57,2026-08-18 12:43:05,E 43 St & Vanderbilt Ave,6741.16,W  45 St & 6 Ave,6785.05,40.7530,-73.9774,40.7566,-73.9826,member
R90400724,electric_bike,2026-08-18 12:39:08,2026-08-18 12:46:23,W 21 St & 6 Ave,6173.11,Broadway & E 14 St,6115.16,40.7417,-73.9942,40.7345,-73.9906,member
R90400721,classic_bike,2026-08-18 12:43:02,2026-08-18 12:50:03,Lexington Ave & E 63 St,5734.15,1 Ave & E 68 St,6056.19,40.7642,-73.9660,40.7651,-73.9582,casual
R90400718,classic_bike,2026-08-18 12:44:15,2026-08-18 13:02:05,Lafayette St & E 8 St,5906.08,West St & Chambers St,6917.09,40.7302,-73.9911,40.7175,-74.0132,casual
R90400716,classic_bike,2026-08-18 12:48:07,2026-08-18 12:57:35,Pershing Square North ,301,W 41 St & 8 Ave,6419.19,40.7518,-73.9778,40.7562,-73.9901,casual
R90400711,classic_bike,2026-08-18 12:49:08,2026-08-18 12:53:39,E 43 St & Vanderbilt Ave,6741.16,Pershing Square North,6711.03,40.7530,-73.9774,40.7518,-73.9778,member
R90400720,electric_bike,2026-08-18 12:49:22,2026-08-18 12:58:21,6 Ave & W 33 St,5431.02,Broadway & E 14 St,6115.16,40.7490,-73.9880,40.7345,-73.9906,member
R90400739,electric_bike,2026-08-18 13:01:02,2026-08-18 13:04:55,Broadway & E 14 St,6115.16,University Pl & E 14 St,5183.03,40.7345,-73.9906,40.7349,-73.9922,casual
R90400735,classic_bike,2026-08-18 13:05:09,2026-08-18 13:12:50,6 Ave & W 33 St,5431.02,W 26 St & 8 Ave,6253.07,40.7490,-73.9880,40.7472,-73.9973,member
R90400740,classic_bike,2026-08-18 13:10:03,2026-08-18 13:19:06,W 26 St & 8 Ave,6253.07,Broadway & W 41 St,6732.19,40.7472,-73.9973,40.7553,-73.9868,member
R90400740,classic_bike,2026-08-18 13:10:03,2026-08-18 13:19:06,W 26 St & 8 Ave,6253.07,Broadway & W 41 St,6732.19,40.7472,-73.9973,40.7553,-73.9868,member
R90400730,electric_bike,2026-08-18 13:11:18,2026-08-18 13:19:52,west st & chambers st,6917.09,South End Ave & Liberty St,6060.05,40.7175,-74.0132,40.7112,-74.0158,member
R90400738,classic_bike,2026-08-18 13:12:32,2026-08-18 13:24:15,8 Ave & W 31 St,6359.12,Broadway and E 14 St,6115.16,40.7505,-73.9947,40.7345,-73.9906,member
R90400741,electric_bike,2026-08-18 13:13:51,2026-08-18 13:21:26,W 41 St & 8 Ave,6419.19,E 47 St & Park Ave,6462.07,40.7562,-73.9901,40.7550,-73.9750,member
R90400745,electric_bike,2026-08-18 13:21:25,2026-08-18 13:31:25,University Pl and E 14 St,5183.03,W 33 St & 7 Ave,6594.06,40.7349,-73.9922,40.7502,-73.9908,member
R90400733,classic_bike,2026-08-18 13:24:47,2026-08-18 13:45:36,Pershing Square North,6711.03,W 17 St & 8 Ave,5891.11,40.7518,-73.9778,40.7418,-74.0015,casual
R90400742,electric_bike,2026-08-18 13:31:00,2026-08-18 13:40:49,Vesey Pl & River Terrace,6741.09,Christopher St & Greenwich St,6202.07,40.7153,-74.0163,40.7329,-74.0071,casual
R90400743,electric_bike,2026-08-18 13:31:11,2026-08-18 13:36:54,E 7 St & Avenue A,5428.06,Lafayette St & E 8 St,5906.08,40.7263,-73.9838,40.7302,-73.9911,member
R90400736,classic_bike,2026-08-18 13:35:38,2026-08-18 13:43:55,W  41 St & 8 Ave,6419.19,W 45 St & 6 Ave,6785.05,40.7562,-73.9901,40.7566,-73.9826,casual
R90400746,classic_bike,2026-08-18 13:36:02,2026-08-18 13:44:14,9 Ave & W 22 St,6088.11,8 Ave & W 31 St,6359.12,40.7455,-74.0019,40.7505,-73.9947,member
R90400734,classic_bike,2026-08-18 13:39:55,2026-08-18 13:46:25,E 7 St & Avenue A,5428.06,E 17 St & Broadway,5307.10,40.7263,-73.9838,40.7371,-73.9902,member
R90400737,electric_bike,2026-08-18 13:40:17,2026-08-18 13:49:06,Broadway & W 41 St,241,w 26 st & 8 ave,6253.07,40.7553,-73.9868,40.7472,-73.9973,member
R90400731,electric_bike,2026-08-18 13:42:24,2026-08-18 13:47:15,W 45 St & 6 Ave,6785.05,Broadway & W 41 St,241,40.7566,-73.9826,40.7553,-73.9868,member
R90400732,classic_bike,2026-08-18 13:50:48,2026-08-18 13:58:09,W 41 St & 8 Ave,6419.19,broadway & w 41 st,6732.19,40.7562,-73.9901,40.7553,-73.9868,casual
R90400744,classic_bike,2026-08-18 13:58:14,2026-08-18 14:11:57,W 17 St & 8 Ave,5891.11,Broadway & W 41 St,6732.19,40.7418,-74.0015,40.7553,-73.9868,casual
R90400753,electric_bike,2026-08-18 14:29:35,2026-08-18 14:34:34,Lafayette St & E 8 St,5906.08,E 7 St & Avenue A,5428.06,40.7302,-73.9911,40.7263,-73.9838,casual
R90400749,electric_bike,2026-08-18 14:32:37,2026-08-18 14:37:51,Broadway & W 41 St,6732.19,W 33 St & 7 Ave,6594.06,40.7553,-73.9868,40.7502,-73.9908,member
R90400752,classic_bike,2026-08-18 14:33:05,2026-08-18 15:02:45,Broadway & E 14 St,6115.16,E 72 St & York Ave,6000.10,40.7345,-73.9906,40.7660,-73.9535,member
R90400748,classic_bike,2026-08-18 14:34:41,2026-08-18 14:45:34,Lexington Ave & E 63 St,5734.15,E 43 St & Vanderbilt Ave ,6741.16,40.7642,-73.9660,40.7530,-73.9774,member
R90400747,classic_bike,2026-08-18 14:40:51,2026-08-18 14:46:38,E 75 St & 3 Ave,6186.15,E 72 St & York Ave,6000.10,40.7714,-73.9573,40.7660,-73.9535,member
R90400754,classic_bike,2026-08-18 14:45:23,2026-08-18 14:49:35,Broadway & E 14 St,6115.16,Lafayette St & E 8 St,5906.08,40.7345,-73.9906,40.7302,-73.9911,member
R90400751,electric_bike,2026-08-18 14:51:35,2026-08-18 14:56:01,South End Ave & Liberty St,6060.05,West St & Chambers St,6917.09,40.7112,-74.0158,40.7175,-74.0132,casual
R90400750,classic_bike,2026-08-18 14:56:49,2026-08-18 15:13:32,W 45 St & 6 Ave,6785.05,Lafayette St & E 8 St,5906.08,40.7566,-73.9826,40.7302,-73.9911,member
R90400757,electric_bike,2026-08-18 15:02:25,2026-08-18 15:06:58,W 26 St & 8 Ave,6253.07,W 21 St & 6 Ave,406,40.7472,-73.9973,40.7417,-73.9942,member
R90400772,classic_bike,2026-08-18 15:02:26,2026-08-18 15:14:19,Broadway & E 14 St,6115.16,E 7 St & Avenue A,5428.06,40.7345,-73.9906,40.7263,-73.9838,member
R90400775,electric_bike,2026-08-18 15:04:47,2026-08-18 15:08:03,Broadway & E 14 St,6115.16,University Pl & E 14 St,5183.03,40.7345,-73.9906,40.7349,-73.9922,casual
R90400770,classic_bike,2026-08-18 15:06:17,2026-08-18 15:12:43,E 43 St & Vanderbilt Ave,6741.16,6 Ave & W 33 St,5431.02,40.7530,-73.9774,40.7490,-73.9880,member
R90400776,classic_bike,2026-08-18 15:06:38,,E 7 St & Avenue A,5428.06,,,40.7263,-73.9838,,,member
R90400765,classic_bike,2026-08-18 15:10:08,2026-08-18 15:20:46,W 41 St & 8 Ave,6419.19,W 20 St & 11 Ave,207,40.7562,-73.9901,40.7465,-74.0077,member
R90400764,classic_bike,2026-08-18 15:12:10,2026-08-18 15:23:13,Lexington Ave & E 63 St,5734.15,Pershing Square North,6711.03,40.7642,-73.9660,40.7518,-73.9778,member
R90400767,electric_bike,2026-08-18 15:13:53,2026-08-18 15:24:04,Broadway & E 14 St,6115.16,Christopher St & Greenwich St,6202.07,40.7345,-73.9906,40.7329,-74.0071,member
R90400773,classic_bike,2026-08-18 15:14:19,2026-08-18 15:21:21,Broadway & E 14 St,6115.16,Lafayette St & E 8 St ,5906.08,40.7345,-73.9906,40.7302,-73.9911,member
R90400771,docked_bike,2026-08-18 15:20:08,2026-08-18 15:39:02,Broadway & E 14 St,6115.16,e 43 st & vanderbilt ave,6741.16,40.7345,-73.9906,40.7530,-73.9774,member
R90400779,docked_bike,2026-08-18 15:21:10,2026-08-18 15:36:34,W 17 St & 8 Ave,5891.11,E 7 St & Avenue A,5428.06,40.7418,-74.0015,40.7263,-73.9838,member
R90400763,classic_bike,2026-08-18 15:23:07,2026-08-18 15:35:50,Broadway & E 14 St,514,8 Ave & W 31 St,6359.12,40.7345,-73.9906,40.7505,-73.9947,casual
R90400769,electric_bike,2026-08-18 15:23:14,2026-08-18 15:36:36,Cleveland Pl & Spring St,6679.12,West St & Chambers St,379,40.7220,-73.9973,40.7175,-74.0132,member
R90400762,classic_bike,2026-08-18 15:25:10,2026-08-18 15:36:06,Broadway & E 14 St,6115.16,Christopher St & Greenwich St,6202.07,40.7345,-73.9906,40.7329,-74.0071,casual
R90400761,classic_bike,2026-08-18 15:31:17,2026-08-18 15:36:02,Broadway & E 14 St,6115.16,Lafayette St & E 8 St,5906.08,40.7345,-73.9906,40.7302,-73.9911,member
R90400758,classic_bike,2026-08-18 15:32:27,2026-08-18 15:50:00,lafayette st & e 8 st,5906.08,W 45 St & 6 Ave ,6785.05,40.7302,-73.9911,40.7566,-73.9826,member
R90400777,classic_bike,2026-08-18 15:32:28,2026-08-18 15:53:13,South End Ave & Liberty St,6060.05,E 7 St & Avenue A,5428.06,40.7112,-74.0158,40.7263,-73.9838,casual
R90400760,electric_bike,2026-08-18 15:34:42,2026-08-18 15:38:28,broadway & e 14 st,6115.16,E 17 St & Broadway,5307.10,40.7345,-73.9906,40.7371,-73.9902,member
R90400774,classic_bike,2026-08-18 15:37:41,2026-08-18 15:41:46,University Pl & E 14 St,5183.03,Lafayette St & E 8 St,5906.08,40.7349,-73.9922,40.7302,-73.9911,member
R90400756,classic_bike,2026-08-18 15:40:33,2026-08-18 15:49:56,Christopher St & Greenwich St,6202.07,Broadway & E 14 St,6115.16,40.7329,-74.0071,40.7345,-73.9906,member
R90400778,classic_bike,2026-08-18 15:44:50,2026-08-18 16:15:12,1 Ave & E 68 St,371,W 21 St & 6 Ave,6173.11,40.7651,-73.9582,40.7417,-73.9942,casual
R90400768,classic_bike,2026-08-18 15:45:32,2026-08-18 15:53:41,Carmine St & 6 Ave,6650.03,Christopher St & Greenwich St,6202.07,40.7303,-74.0022,40.7329,-74.0071,member
R90400759,classic_bike,2026-08-18 15:50:06,2026-08-18 15:59:26,W 20 St & 11 Ave,5160.04,8 Ave & W 31 St,6359.12,40.7465,-74.0077,40.7505,-73.9947,member
R90400755,classic_bike,2026-08-18 15:51:43,2026-08-18 15:57:29,E 7 St & Avenue A ,5428.06,Lafayette St & E 8 St ,5906.08,40.7263,-73.9838,40.7302,-73.9911,member
R90400766,electric_bike,2026-08-18 15:52:03,2026-08-18 15:54:41,W 26 St & 8 Ave,439,9 Ave & W 22 St,6088.11,40.7472,-73.9973,40.7455,-74.0019,member
R90400789,classic_bike,2026-08-18 16:00:00,2026-08-18 16:08:15,w 17 st & 8 ave,5891.11,University Pl & E 14 St,5183.03,40.7418,-74.0015,40.7349,-73.9922,casual
R90400800,classic_bike,2026-08-18 16:01:14,2026-08-18 16:07:12,Broadway & W 41 St,6732.19,W 33 St & 7 Ave,6594.06,40.7553,-73.9868,40.7502,-73.9908,member
R90400790,classic_bike,2026-08-18 16:02:05,2026-08-18 16:10:06,W 20 St & 11 Ave,5160.04,Christopher St & Greenwich St,6202.07,40.7465,-74.0077,40.7329,-74.0071,member
R90400787,electric_bike,2026-08-18 16:07:33,2026-08-18 16:17:28,West St & Chambers St,6917.09,Cleveland Pl & Spring St,6679.12,40.7175,-74.0132,40.7220,-73.9973,member
R90400783,classic_bike,2026-08-18 16:07:51,2026-08-18 16:35:31,South End Ave & Liberty St,6060.05,W 21 St & 6 Ave,6173.11,40.7112,-74.0158,40.7417,-73.9942,member
R90400805,classic_bike,2026-08-18 16:11:14,2026-08-18 16:16:24,e 47 st & park ave,6462.07,Pershing Square North,6711.03,40.7550,-73.9750,40.7518,-73.9778,casual
R90400788,classic_bike,2026-08-18 16:13:15,2026-08-18 16:25:27,West St & Chambers St,379,Cleveland Pl & Spring St,508,40.7175,-74.0132,40.7220,-73.9973,member
R90400806,classic_bike,2026-08-18 16:14:21,2026-08-18 16:19:04,South End Ave & Liberty St,6060.05,West St & Chambers St,6917.09,40.7112,-74.0158,40.7175,-74.0132,member
R90400796,electric_bike,2026-08-18 16:16:39,2026-08-18 16:22:03,W 33 St & 7 Ave,6594.06,6 Ave & W 33 St,5431.02,40.7502,-73.9908,40.7490,-73.9880,member
R90400797,classic_bike,2026-08-18 16:20:47,,Pershing Square North,6711.03,,,40.7518,-73.9778,,,casual
R90400791,classic_bike,2026-08-18 16:20:48,2026-08-18 16:27:10,W 26 St and 8 Ave,6253.07,W 21 St & 6 Ave,6173.11,40.7472,-73.9973,40.7417,-73.9942,member
R90400802,classic_bike,2026-08-18 16:21:35,2026-08-18 16:27:06,E 72 St & York Ave,6000.10,Lexington Ave & E 63 St,5734.15,40.7660,-73.9535,40.7642,-73.9660,member
R90400785,classic_bike,2026-08-18 16:24:43,,W 33 St & 7 Ave,6594.06,,,40.7502,-73.9908,,,member
R90400792,electric_bike,2026-08-18 16:24:59,2026-08-18 16:25:33,Broadway & E 14 St,6115.16,University Pl & E 14 St,5183.03,40.7345,-73.9906,40.7349,-73.9922,casual
R90400794,classic_bike,2026-08-18 16:28:39,2026-08-18 16:46:24,Pershing  Square North,6711.03,E 75 St & 3 Ave ,6186.15,40.7518,-73.9778,40.7714,-73.9573,member
R90400782,classic_bike,2026-08-18 16:32:06,2026-08-18 16:43:20,Vesey Pl & River Terrace,582,Christopher St & Greenwich St,6202.07,40.7153,-74.0163,40.7329,-74.0071,member
R90400799,classic_bike,2026-08-18 16:34:10,2026-08-18 16:51:58,South End Ave & Liberty St,6060.05,broadway & e 14 st,6115.16,40.7112,-74.0158,40.7345,-73.9906,member
R90400804,classic_bike,2026-08-18 16:36:15,2026-08-18 16:45:22,Broadway & W 41 St,6732.19,8 Ave & W 31 St,6359.12,40.7553,-73.9868,40.7505,-73.9947,member
R90400786,classic_bike,2026-08-18 16:37:28,2026-08-18 16:46:33,W 45 St & 6 Ave,6785.05,6 Ave & W 33 St,5431.02,40.7566,-73.9826,40.7490,-73.9880,member
R90400795,electric_bike,2026-08-18 16:41:33,2026-08-18 16:46:00,E 7 St & Avenue A,5428.06,Lafayette St & E 8 St,5906.08,40.7263,-73.9838,40.7302,-73.9911,casual
R90400798,classic_bike,2026-08-18 16:43:33,2026-08-18 16:51:27,W 33 St & 7 Ave,6594.06,W 26 St & 8 Ave,6253.07,40.7502,-73.9908,40.7472,-73.9973,member
R90400803,classic_bike,2026-08-18 16:45:25,2026-08-18 16:54:34,6 Ave & W 33 St,532,E 43 St & Vanderbilt Ave,6741.16,40.7490,-73.9880,40.7530,-73.9774,casual
R90400781,electric_bike,2026-08-18 16:47:01,2026-08-18 16:53:30,W 41 St & 8 Ave,6419.19,Pershing Square North ,6711.03,40.7562,-73.9901,40.7518,-73.9778,member
R90400780,electric_bike,2026-08-18 16:47:11,2026-08-18 16:58:07,W 26 St & 8 Ave,6253.07,Christopher St & Greenwich St,6202.07,40.7472,-73.9973,40.7329,-74.0071,member
R90400784,electric_bike,2026-08-18 16:51:14,2026-08-18 17:06:10,Broadway & W 41 St,6732.19,E 7 St & Avenue A,5428.06,40.7553,-73.9868,40.7263,-73.9838,casual
R90400801,classic_bike,2026-08-18 16:51:21,2026-08-18 17:15:04,Broadway  & Battery Pl,6881.14,E 7 St & Avenue A ,5428.06,40.7045,-74.0136,40.7263,-73.9838,casual
R90400793,electric_bike,2026-08-18 16:57:03,2026-08-18 17:02:42,Cleveland Pl & Spring St,6679.12,Carmine St & 6 Ave,6650.03,40.7220,-73.9973,40.7303,-74.0022,casual
R90400823,electric_bike,2026-08-18 17:00:16,2026-08-18 17:04:40,Pershing Square North,6711.03,E 43 St & Vanderbilt Ave,6741.16,40.7518,-73.9778,40.7530,-73.9774,casual
R90400832,classic_bike,2026-08-18 17:01:10,2026-08-18 17:12:52,8 Ave & W 31 St,6359.12,E 17 St & Broadway,5307.10,40.7505,-73.9947,40.7371,-73.9902,casual
R90400833,electric_bike,2026-08-18 17:02:39,2026-08-18 17:21:18,W 17 St & 8 Ave ,5891.11,Pershing Square North,6711.03,40.7418,-74.0015,40.7518,-73.9778,member
R90400830,classic_bike,2026-08-18 17:04:54,2026-08-18 17:16:02,Pershing Square North,6711.03,Lexington Ave & E 63 St,5734.15,40.7518,-73.9778,40.7642,-73.9660,member
R90400815,classic_bike,2026-08-18 17:06:42,2026-08-18 17:22:50,E 7 St & Avenue A,5428.06,Christopher St & Greenwich St,6202.07,40.7263,-73.9838,40.7329,-74.0071,member
R90400836,electric_bike,2026-08-18 17:08:15,2026-08-18 17:21:00,West St & Chambers St,6917.09,Christopher St & Greenwich St,499,40.7175,-74.0132,40.7329,-74.0071,member
R90400831,electric_bike,2026-08-18 17:08:53,2026-08-18 17:15:24,Cleveland Pl & Spring St,6679.12,Lafayette St & E 8 St,5906.08,40.7220,-73.9973,40.7302,-73.9911,member
R90400827,classic_bike,2026-08-18 17:09:34,2026-08-18 17:20:47,Pershing Square North,6711.03,Lexington Ave & E 63 St,5734.15,40.7518,-73.9778,40.7642,-73.9660,casual
R90400838,electric_bike,2026-08-18 17:12:56,2026-08-18 17:30:20,Broadway & W 41 St,6732.19,Carmine St & 6 Ave,6650.03,40.7553,-73.9868,40.7303,-74.0022,casual
R90400839,classic_bike,2026-08-18 17:15:17,2026-08-18 17:22:54,E 47 St & Park Ave,6462.07,W 41 St & 8 Ave,6419.19,40.7550,-73.9750,40.7562,-73.9901,member
R90400817,classic_bike,2026-08-18 17:18:18,2026-08-18 17:33:49,West St & Chambers St,6917.09,Lafayette St & E 8 St,5906.08,40.7175,-74.0132,40.7302,-73.9911,member
R90400824,classic_bike,2026-08-18 17:18:51,2026-08-18 17:33:54,West St & Chambers St,6917.09,Christopher St & Greenwich St,6202.07,40.7175,-74.0132,40.7329,-74.0071,member
R90400822,electric_bike,2026-08-18 17:19:56,2026-08-18 17:39:05,E 47 St & Park Ave,6462.07,Carmine St & 6 Ave,6650.03,40.7550,-73.9750,40.7303,-74.0022,member
R90400835,classic_bike,2026-08-18 17:21:46,2026-08-18 17:22:31,E 75 St & 3 Ave,6186.15,E 75 St & 3 Ave,6186.15,40.7714,-73.9573,40.7714,-73.9573,member
R90400807,electric_bike,2026-08-18 17:22:05,2026-08-18 17:34:18,Pershing Square North,301,Carmine St & 6 Ave,6650.03,40.7518,-73.9778,40.7303,-74.0022,casual
R90400812,classic_bike,2026-08-18 17:23:19,2026-08-18 17:27:30,Broadway & W 41 St,241,W 41 St & 8 Ave,6419.19,40.7553,-73.9868,40.7562,-73.9901,member
R90400825,classic_bike,2026-08-18 17:23:25,2026-08-18 17:36:49,E 43 St & Vanderbilt Ave,6741.16,Lexington Ave & E 63 St,5734.15,40.7530,-73.9774,40.7642,-73.9660,casual
R90400813,electric_bike,2026-08-18 17:30:53,2026-08-18 17:40:43,E 47 St & Park Ave,6462.07,1 Ave & E 68 St,6056.19,40.7550,-73.9750,40.7651,-73.9582,member
R90400810,classic_bike,2026-08-18 17:30:59,2026-08-18 17:38:45,Lexington Ave & E 63 St,595,1 Ave & E 68 St,6056.19,40.7642,-73.9660,40.7651,-73.9582,member
R90400809,classic_bike,2026-08-18 17:32:24,2026-08-18 17:37:25,W 41 St & 8 Ave,6419.19,Broadway & W 41 St,6732.19,40.7562,-73.9901,40.7553,-73.9868,member
R90400811,classic_bike,2026-08-18 17:33:25,2026-08-18 17:57:37,W 33 St & 7 Ave,6594.06,1 Ave & E 68 St,6056.19,40.7502,-73.9908,40.7651,-73.9582,member
R90400814,classic_bike,2026-08-18 17:33:31,2026-08-18 17:36:25,W 45 St & 6 Ave,6785.05,Broadway & W 41 St,6732.19,40.7566,-73.9826,40.7553,-73.9868,casual
R90400819,classic_bike,2026-08-18 17:33:34,2026-08-18 17:39:15,South End Ave & Liberty St,6060.05,West St & Chambers St,6917.09,40.7112,-74.0158,40.7175,-74.0132,casual
R90400841,classic_bike,2026-08-18 17:35:17,2026-08-18 17:53:37,W 45 St & 6 Ave,6785.05,9 Ave & W 22 St,6088.11,40.7566,-73.9826,40.7455,-74.0019,casual
R90400808,classic_bike,2026-08-18 17:37:52,2026-08-18 17:55:31,W 41 St & 8 Ave,6419.19,E 17 St & Broadway,5307.10,40.7562,-73.9901,40.7371,-73.9902,member
R90400820,classic_bike,2026-08-18 17:40:57,2026-08-18 17:46:21,W 17 St & 8 Ave,289,University Pl & E 14 St,5183.03,40.7418,-74.0015,40.7349,-73.9922,member
R90400840,electric_bike,2026-08-18 17:43:26,2026-08-18 17:54:22,W 41 St & 8 Ave,6419.19,W 20 St & 11 Ave,5160.04,40.7562,-73.9901,40.7465,-74.0077,member
R90400842,electric_bike,2026-08-18 17:43:43,2026-08-18 18:01:32,Broadway & Battery Pl,6881.14,University Pl & E 14 St,5183.03,40.7045,-74.0136,40.7349,-73.9922,member
R90400816,classic_bike,2026-08-18 17:44:02,2026-08-18 17:53:04,W 33 St & 7 Ave,6594.06,W 21 St & 6 Ave,6173.11,40.7502,-73.9908,40.7417,-73.9942,member
R90400828,electric_bike,2026-08-18 17:44:13,2026-08-18 17:55:48,Cleveland Pl & Spring St,508,University Pl & E 14 St,5183.03,40.7220,-73.9973,40.7349,-73.9922,casual
R90400818,classic_bike,2026-08-18 17:49:45,2026-08-18 18:05:19,Pershing Square North,6711.03,Lexington Ave & E 63 St,5734.15,40.7518,-73.9778,40.7642,-73.9660,member
R90400821,classic_bike,2026-08-18 17:51:39,2026-08-18 18:15:31,W 17 St & 8 Ave,5891.11,E 75 St & 3 Ave,6186.15,40.7418,-74.0015,40.7714,-73.9573,member
R90400826,electric_bike,2026-08-18 17:53:40,2026-08-18 18:09:47,West St & Chambers St,6917.09,University Pl & E 14 St,5183.03,40.7175,-74.0132,40.7349,-73.9922,casual
R90400837,classic_bike,2026-08-18 17:56:52,2026-08-18 17:58:25,Pershing Square North,301,E 43 St & Vanderbilt Ave,6741.16,40.7518,-73.9778,40.7530,-73.9774,member
R90400829,electric_bike,2026-08-18 17:57:01,2026-08-18 18:07:19,Cleveland Pl & Spring St,6679.12,west st & chambers st,6917.09,40.7220,-73.9973,40.7175,-74.0132,member
R90400834,classic_bike,2026-08-18 17:57:17,2026-08-18 18:13:04,Vesey Pl & River Terrace,6741.09,Christopher St & Greenwich St,6202.07,40.7153,-74.0163,40.7329,-74.0071,member
R90400876,classic_bike,2026-08-18 18:03:07,2026-08-18 18:08:27,W 17 St & 8 Ave,5891.11,9 Ave & W 22 St,6088.11,40.7418,-74.0015,40.7455,-74.0019,member
R90400888,classic_bike,2026-08-18 18:05:04,2026-08-18 18:32:06,Broadway & Battery Pl,6881.14,Carmine St & 6 Ave,6650.03,40.7045,-74.0136,40.7303,-74.0022,casual
R90400881,electric_bike,2026-08-18 18:07:38,2026-08-18 18:17:38,broadway & w 41 st,6732.19,W 20 St & 11 Ave,5160.04,40.7553,-73.9868,40.7465,-74.0077,member
R90400858,classic_bike,2026-08-18 18:07:48,2026-08-18 18:19:37,Broadway & W 41 St,6732.19,W 21 St & 6 Ave,6173.11,40.7553,-73.9868,40.7417,-73.9942,member
R90400865,classic_bike,2026-08-18 18:08:54,2026-08-18 18:22:09,pershing square north,301,W 26 St & 8 Ave,6253.07,40.7518,-73.9778,40.7472,-73.9973,member
R90400861,electric_bike,2026-08-18 18:10:40,2026-08-18 18:18:13,6 Ave & W 33 St,5431.02,E 43 St & Vanderbilt Ave,6741.16,40.7490,-73.9880,40.7530,-73.9774,member
R90400855,classic_bike,2026-08-18 18:11:02,2026-08-18 18:22:29,Cleveland Pl & Spring St,6679.12,Broadway & E 14 St,6115.16,40.7220,-73.9973,40.7345,-73.9906,member
R90400853,electric_bike,2026-08-18 18:11:35,2026-08-18 18:19:40,W 20 St & 11 Ave,5160.04,Christopher St & Greenwich St,6202.07,40.7465,-74.0077,40.7329,-74.0071,member
R90400868,electric_bike,2026-08-18 18:13:23,2026-08-18 18:33:18,Pershing Square North,6711.03,E 7 St & Avenue A,5428.06,40.7518,-73.9778,40.7263,-73.9838,member
R90400873,classic_bike,2026-08-18 18:13:38,2026-08-18 18:27:43,E 47 St & Park Ave,6462.07,1 Ave & E 68 St,6056.19,40.7550,-73.9750,40.7651,-73.9582,member
R90400856,classic_bike,2026-08-18 18:15:44,2026-08-18 18:39:28,South End Ave & Liberty St ,6060.05,E 7 St & Avenue A,5428.06,40.7112,-74.0158,40.7263,-73.9838,member
R90400864,classic_bike,2026-08-18 18:15:48,2026-08-18 18:36:08,West St & Chambers St,6917.09,Lafayette St & E 8 St,5906.08,40.7175,-74.0132,40.7302,-73.9911,member
R90400862,classic_bike,2026-08-18 18:16:52,2026-08-18 18:24:54,W 33 St & 7 Ave,6594.06,W 41 St & 8 Ave,6419.19,40.7502,-73.9908,40.7562,-73.9901,member
R90400871,classic_bike,2026-08-18 18:17:56,2026-08-18 18:27:49,w 17 st & 8 ave,289,University Pl & E 14 St,5183.03,40.7418,-74.0015,40.7349,-73.9922,member
R90400878,classic_bike,2026-08-18 18:18:03,2026-08-18 18:30:23,Broadway  & W 41 St,6732.19,W 26 St & 8 Ave,6253.07,40.7553,-73.9868,40.7472,-73.9973,member
R90400884,electric_bike,2026-08-18 18:19:10,2026-08-18 18:30:22,South End Ave & Liberty St,6060.05,Cleveland  Pl & Spring St,6679.12,40.7112,-74.0158,40.7220,-73.9973,member
R90400879,classic_bike,2026-08-18 18:20:47,2026-08-18 18:40:29,Vesey Pl & River Terrace,6741.09,Christopher St & Greenwich St,6202.07,40.7153,-74.0163,40.7329,-74.0071,member
R90400891,classic_bike,2026-08-18 18:22:56,2026-08-18 18:29:50,W 45 St & 6 Ave,366,Lexington Ave & E 63 St,5734.15,40.7566,-73.9826,40.7642,-73.9660,member
R90400890,electric_bike,2026-08-18 18:25:13,2026-08-18 18:42:06,Pershing Square North,6711.03,E 75 St & 3 Ave,6186.15,40.7518,-73.9778,40.7714,-73.9573,member
R90400885,electric_bike,2026-08-18 18:26:39,2026-08-18 18:36:43,w 26 st & 8 ave,6253.07,Lafayette St & E 8 St,5906.08,40.7472,-73.9973,40.7302,-73.9911,member
R90400883,classic_bike,2026-08-18 18:28:42,2026-08-18 18:42:20,west st & chambers st,6917.09,Christopher St & Greenwich St,6202.07,40.7175,-74.0132,40.7329,-74.0071,member
R90400892,classic_bike,2026-08-18 18:30:46,2026-08-18 18:40:53,E 47 St & Park Ave,6462.07,W 33 St & 7 Ave,6594.06,40.7550,-73.9750,40.7502,-73.9908,member
R90400860,classic_bike,2026-08-18 18:30:48,2026-08-18 18:38:18,Carmine St & 6 Ave,6650.03,University Pl & E 14 St,5183.03,40.7303,-74.0022,40.7349,-73.9922,member
R90400882,classic_bike,2026-08-18 18:31:40,2026-08-18 18:40:41,University Pl & E 14 St,382,E 7 St & Avenue A,5428.06,40.7349,-73.9922,40.7263,-73.9838,member
R90400866,classic_bike,2026-08-18 18:33:38,2026-08-18 18:38:29,6 Ave & W 33 St,5431.02,W 26 St & 8 Ave,439,40.7490,-73.9880,40.7472,-73.9973,casual
R90400846,classic_bike,2026-08-18 18:34:44,2026-08-18 18:43:56,E 7 St & Avenue A,5428.06,Broadway & E 14 St,6115.16,40.7263,-73.9838,40.7345,-73.9906,member
R90400857,docked_bike,2026-08-18 18:35:30,2026-08-18 18:43:54,Cleveland Pl & Spring St,6679.12,E 7 St & Avenue A,5428.06,40.7220,-73.9973,40.7263,-73.9838,member
R90400844,classic_bike,2026-08-18 18:37:28,2026-08-18 18:47:13,W 33 St & 7 Ave ,6594.06,e 47 st & park ave,6462.07,40.7502,-73.9908,40.7550,-73.9750,member
R90400877,electric_bike,2026-08-18 18:39:37,2026-08-18 18:42:45,Carmine St & 6 Ave,6650.03,Christopher St & Greenwich St,6202.07,40.7303,-74.0022,40.7329,-74.0071,member
R90400887,classic_bike,2026-08-18 18:41:44,2026-08-18 19:03:24,Vesey Pl & River Terrace,6741.09,Lafayette St & E 8 St,5906.08,40.7153,-74.0163,40.7302,-73.9911,casual
R90400854,classic_bike,2026-08-18 18:42:38,2026-08-18 18:50:21,6 Ave & W 33 St,5431.02,E 17 St & Broadway,5307.10,40.7490,-73.9880,40.7371,-73.9902,member
R90400851,electric_bike,2026-08-18 18:42:48,2026-08-18 18:50:56,E 47 St & Park Ave,6462.07,1 Ave & E 68 St,371,40.7550,-73.9750,40.7651,-73.9582,casual
R90400889,classic_bike,2026-08-18 18:42:52,2026-08-18 18:54:55,Broadway & W 41 St,6732.19,W 20 St & 11 Ave,5160.04,40.7553,-73.9868,40.7465,-74.0077,member
R90400874,classic_bike,2026-08-18 18:44:33,2026-08-18 18:58:17,Vesey Pl & River Terrace,6741.09,Christopher St & Greenwich St,6202.07,40.7153,-74.0163,40.7329,-74.0071,member
R90400870,classic_bike,2026-08-18 18:44:57,2026-08-18 18:50:54,6 Ave & W 33 St,5431.02,Broadway & W 41 St,6732.19,40.7490,-73.9880,40.7553,-73.9868,member
R90400845,classic_bike,2026-08-18 18:47:04,2026-08-18 19:04:47,W 45 St & 6 Ave ,6785.05,E 72 St & York Ave,6000.10,40.7566,-73.9826,40.7660,-73.9535,member
R90400875,classic_bike,2026-08-18 18:47:39,2026-08-18 18:54:29,W 33 St & 7 Ave,6594.06,Broadway & W 41 St,241,40.7502,-73.9908,40.7553,-73.9868,member
R90400850,classic_bike,2026-08-18 18:49:13,2026-08-18 18:57:42,6 Ave & W 33 St,5431.02,W 45 St & 6 Ave,366,40.7490,-73.9880,40.7566,-73.9826,member
R90400869,classic_bike,2026-08-18 18:50:12,2026-08-18 19:00:15,W 26 St & 8 Ave,6253.07,Christopher St & Greenwich St,6202.07,40.7472,-73.9973,40.7329,-74.0071,member
R90400872,electric_bike,2026-08-18 18:50:25,2026-08-18 18:56:36,Broadway & E 14 St,6115.16,E 7 St & Avenue A,5428.06,40.7345,-73.9906,40.7263,-73.9838,casual
R90400843,classic_bike,2026-08-18 18:50:46,2026-08-18 19:10:04,W 41 St & 8 Ave,6419.19,1 ave & e 68 st,6056.19,40.7562,-73.9901,40.7651,-73.9582,casual
R90400848,electric_bike,2026-08-18 18:52:24,2026-08-18 18:58:08,W 33 St & 7 Ave,6594.06,W 26 St & 8 Ave,6253.07,40.7502,-73.9908,40.7472,-73.9973,member
R90400847,classic_bike,2026-08-18 18:53:06,2026-08-18 19:10:32,W 41 St & 8 Ave,6419.19,Broadway & E 14 St,6115.16,40.7562,-73.9901,40.7345,-73.9906,member
R90400880,classic_bike,2026-08-18 18:53:19,2026-08-18 19:13:27,Cleveland Pl & Spring St ,508,9 Ave & W 22 St,6088.11,40.7220,-73.9973,40.7455,-74.0019,casual
R90400852,classic_bike,2026-08-18 18:55:32,2026-08-18 18:59:45,W 33 St & 7 Ave,455,W 26 St & 8 Ave,6253.07,40.7502,-73.9908,40.7472,-73.9973,casual
R90400849,classic_bike,2026-08-18 18:56:30,2026-08-18 18:58:26,W 41 St and 8 Ave,6419.19,Broadway & W 41 St,6732.19,40.7562,-73.9901,40.7553,-73.9868,casual
R90400859,electric_bike,2026-08-18 18:56:36,2026-08-18 19:05:27,E 75 St & 3 Ave,6186.15,Lexington Ave & E 63 St,5734.15,40.7714,-73.9573,40.7642,-73.9660,member
R90400867,classic_bike,2026-08-18 18:58:04,2026-08-18 19:04:07,6 Ave & W 33 St,5431.02,Pershing Square North,6711.03,40.7490,-73.9880,40.7518,-73.9778,member
R90400886,classic_bike,2026-08-18 18:58:31,2026-08-18 19:14:06,W 33 St & 7 Ave,6594.06,E 75 St & 3 Ave,6186.15,40.7502,-73.9908,40.7714,-73.9573,casual
R90400863,classic_bike,2026-08-18 18:59:57,2026-08-18 19:06:09,W 41 St & 8 Ave,6419.19,Pershing Square North,6711.03,40.7562,-73.9901,40.7518,-73.9778,member
R90400911,classic_bike,2026-08-18 19:00:07,2026-08-18 19:13:15,Pershing Square North,301,W 21 St & 6 Ave,6173.11,40.7518,-73.9778,40.7417,-73.9942,casual
R90400900,classic_bike,2026-08-18 19:02:06,2026-08-18 19:20:14,W 45 St & 6 Ave,6785.05,Broadway & E 14 St,6115.16,40.7566,-73.9826,40.7345,-73.9906,member
R90400909,classic_bike,2026-08-18 19:03:59,2026-08-18 19:06:35,Pershing Square North,6711.03,E 43 St & Vanderbilt Ave,6741.16,40.7518,-73.9778,40.7530,-73.9774,member
R90400901,classic_bike,2026-08-18 19:07:46,2026-08-18 19:14:07,Pershing Square North,6711.03,W 45 St & 6 Ave,6785.05,40.7518,-73.9778,40.7566,-73.9826,casual
R90400902,classic_bike,2026-08-18 19:10:39,2026-08-18 19:20:43,W 33 St & 7 Ave,6594.06,University Pl & E 14 St,5183.03,40.7502,-73.9908,40.7349,-73.9922,casual
R90400896,electric_bike,2026-08-18 19:10:43,2026-08-18 19:15:15,W 21 St and 6 Ave,6173.11,W  26 St & 8 Ave,6253.07,40.7417,-73.9942,40.7472,-73.9973,member
R90400894,classic_bike,2026-08-18 19:16:17,2026-08-18 19:20:57,Pershing Square North ,6711.03,E 43 St & Vanderbilt Ave,6741.16,40.7518,-73.9778,40.7530,-73.9774,casual
R90400897,electric_bike,2026-08-18 19:16:17,2026-08-18 19:31:07,West St & Chambers St,6917.09,e 17 st & broadway,287,40.7175,-74.0132,40.7371,-73.9902,member
R90400910,electric_bike,2026-08-18 19:26:54,2026-08-18 19:35:18,E 17 St & Broadway,287,6 Ave & W 33 St,5431.02,40.7371,-73.9902,40.7490,-73.9880,member
R90400893,classic_bike,2026-08-18 19:30:02,2026-08-18 19:41:44,W 20 St & 11 Ave,207,e 17 st & broadway,5307.10,40.7465,-74.0077,40.7371,-73.9902,member
R90400906,classic_bike,2026-08-18 19:32:52,2026-08-18 19:41:49,E 7 St & Avenue A,5428.06,University Pl & E 14 St,5183.03,40.7263,-73.9838,40.7349,-73.9922,member
R90400903,classic_bike,2026-08-18 19:33:16,2026-08-18 19:51:40,Broadway & Battery Pl,6881.14,E 7 St & Avenue A,5428.06,40.7045,-74.0136,40.7263,-73.9838,casual
R90400912,electric_bike,2026-08-18 19:33:33,2026-08-18 19:47:32,6 Ave & W 33 St,5431.02,E 7 St & Avenue A,5428.06,40.7490,-73.9880,40.7263,-73.9838,member
R90400905,classic_bike,2026-08-18 19:34:39,2026-08-18 19:44:43,West St & Chambers St,6917.09,Cleveland Pl and Spring St,6679.12,40.7175,-74.0132,40.7220,-73.9973,member
R90400904,electric_bike,2026-08-18 19:35:31,2026-08-18 19:46:28,W 20 St & 11 Ave,5160.04,Broadway & E 14 St,6115.16,40.7465,-74.0077,40.7345,-73.9906,member
R90400895,classic_bike,2026-08-18 19:41:41,2026-08-18 19:51:25,Lexington Ave & E 63 St,5734.15,E 75 St & 3 Ave,6186.15,40.7642,-73.9660,40.7714,-73.9573,member
R90400917,classic_bike,2026-08-18 19:42:04,2026-08-18 19:46:33,w 45 st & 6 ave,6785.05,W 41 St & 8 Ave,6419.19,40.7566,-73.9826,40.7562,-73.9901,casual
R90400899,electric_bike,2026-08-18 19:42:57,2026-08-18 19:57:58,W 41 St & 8 Ave,6419.19,Lafayette St & E 8 St,568,40.7562,-73.9901,40.7302,-73.9911,member
R90400908,classic_bike,2026-08-18 19:47:08,2026-08-18 20:03:13,Pershing Square North,6711.03,E 72 St & York Ave,6000.10,40.7518,-73.9778,40.7660,-73.9535,member
R90400907,electric_bike,2026-08-18 19:50:31,2026-08-18 19:56:57,Cleveland Pl & Spring St,6679.12,Lafayette St & E 8 St,5906.08,40.7220,-73.9973,40.7302,-73.9911,member
R90400898,classic_bike,2026-08-18 19:51:01,2026-08-18 20:01:16,Lafayette St & E 8 St,5906.08,W 21 St & 6 Ave,6173.11,40.7302,-73.9911,40.7417,-73.9942,member
R90400916,classic_bike,2026-08-18 19:51:33,2026-08-18 20:04:35,W 17 St & 8 Ave,5891.11,Carmine St & 6 Ave,6650.03,40.7418,-74.0015,40.7303,-74.0022,member
R90400915,classic_bike,2026-08-18 19:55:18,2026-08-18 20:06:18,Broadway & W 41 St,6732.19,6 Ave & W 33 St,5431.02,40.7553,-73.9868,40.7490,-73.9880,member
R90400913,classic_bike,2026-08-18 19:55:34,2026-08-18 20:14:10,Pershing Square North,6711.03,Carmine St & 6 Ave,6650.03,40.7518,-73.9778,40.7303,-74.0022,member
R90400914,classic_bike,2026-08-18 19:55:50,2026-08-18 20:07:59,9 Ave & W 22 St,6088.11,Christopher St & Greenwich St,6202.07,40.7455,-74.0019,40.7329,-74.0071,casual
R90400930,classic_bike,2026-08-18 20:00:42,2026-08-18 20:10:03,Broadway & E 14 St,6115.16,E 7 St and Avenue A,5428.06,40.7345,-73.9906,40.7263,-73.9838,member
R90400931,classic_bike,2026-08-18 20:01:50,2026-08-18 20:09:18,West St & Chambers St,6917.09,South End Ave & Liberty St,6060.05,40.7175,-74.0132,40.7112,-74.0158,member
R90400920,electric_bike,2026-08-18 20:03:18,2026-08-21 15:03:18,W 33 St & 7 Ave,6594.06,Broadway & W 41 St,6732.19,40.7502,-73.9908,40.7553,-73.9868,member
R90400933,electric_bike,2026-08-18 20:04:27,2026-08-18 20:34:54,Broadway & E 14 St,6115.16,E 72 St & York Ave,6000.10,40.7345,-73.9906,40.7660,-73.9535,member
R90400924,electric_bike,2026-08-18 20:05:53,2026-08-18 20:19:23,Broadway & E 14 St,6115.16,E 43 St & Vanderbilt Ave,6741.16,40.7345,-73.9906,40.7530,-73.9774,casual
R90400927,classic_bike,2026-08-18 20:10:28,2026-08-18 20:17:30,W 41 St & 8 Ave,6419.19,8 Ave & W 31 St,6359.12,40.7562,-73.9901,40.7505,-73.9947,member
R90400937,classic_bike,2026-08-18 20:17:31,2026-08-18 20:23:55,8 Ave & W 31 St,6359.12,W 21 St & 6 Ave,6173.11,40.7505,-73.9947,40.7417,-73.9942,member
R90400918,classic_bike,2026-08-18 20:23:01,2026-08-18 20:38:50,E 43 St & Vanderbilt Ave,6741.16,Broadway & E 14 St,6115.16,40.7530,-73.9774,40.7345,-73.9906,member
R90400932,classic_bike,2026-08-18 20:25:19,2026-08-18 20:33:56,8 ave & w 31 st,475,Broadway & W 41 St,6732.19,40.7505,-73.9947,40.7553,-73.9868,casual
R90400925,classic_bike,2026-08-18 20:25:47,2026-08-18 20:38:09,Pershing Square North,6711.03,w 17 st & 8 ave,5891.11,40.7518,-73.9778,40.7418,-74.0015,member
R90400928,classic_bike,2026-08-18 20:28:37,2026-08-18 20:39:01,W 20 St & 11 Ave,5160.04,W 33 St & 7 Ave,6594.06,40.7465,-74.0077,40.7502,-73.9908,member
R90400939,classic_bike,2026-08-18 20:32:11,2026-08-18 20:37:26,E 75 St & 3 Ave,6186.15,E 72 St & York Ave ,6000.10,40.7714,-73.9573,40.7660,-73.9535,casual
R90400923,electric_bike,2026-08-18 20:34:10,2026-08-18 20:42:05,Pershing Square North,301,6 Ave & W 33 St,532,40.7518,-73.9778,40.7490,-73.9880,member
R90400935,electric_bike,2026-08-18 20:35:36,2026-08-18 20:41:34,Lexington Ave & E 63 St,5734.15,E 72 St & York Ave,6000.10,40.7642,-73.9660,40.7660,-73.9535,member
R90400934,classic_bike,2026-08-18 20:35:40,2026-08-18 20:47:57,Broadway & W 41 St,6732.19,W 21 St & 6 Ave,6173.11,40.7553,-73.9868,40.7417,-73.9942,casual
R90400922,classic_bike,2026-08-18 20:37:24,2026-08-18 20:44:03,W 21 St & 6 Ave,6173.11,W 26 St & 8 Ave,6253.07,40.7417,-73.9942,40.7472,-73.9973,member
R90400921,electric_bike,2026-08-18 20:47:23,2026-08-18 21:05:45,South End Ave & Liberty St,6060.05,E  7 St & Avenue A,5428.06,40.7112,-74.0158,40.7263,-73.9838,casual
R90400919,classic_bike,2026-08-18 20:50:32,2026-08-18 21:00:21,Broadway & W 41 St,6732.19,E 47 St & Park Ave,6462.07,40.7553,-73.9868,40.7550,-73.9750,member
R90400940,electric_bike,2026-08-18 20:51:03,2026-08-18 21:04:39,9 Ave & W 22 St,339,Broadway & E 14 St,6115.16,40.7455,-74.0019,40.7345,-73.9906,member
R90400938,classic_bike,2026-08-18 20:52:15,2026-08-18 20:59:02,E 17 St & Broadway,5307.10,6 Ave & W 33 St,5431.02,40.7371,-73.9902,40.7490,-73.9880,member
R90400936,electric_bike,2026-08-18 20:55:42,,1 Ave & E 68 St,6056.19,,,40.7651,-73.9582,,,member
R90400929,classic_bike,2026-08-18 20:55:51,2026-08-18 21:12:24,Lafayette St & E 8 St,5906.08,W 26 St & 8 Ave,6253.07,40.7302,-73.9911,40.7472,-73.9973,member
R90400926,classic_bike,2026-08-18 20:58:25,2026-08-18 21:18:06,E 72 St & York Ave,6000.10,W 45 St & 6 Ave ,6785.05,40.7660,-73.9535,40.7566,-73.9826,member
R90400926,classic_bike,2026-08-18 20:58:25,2026-08-18 21:18:06,E 72 St & York Ave,6000.10,W 45 St & 6 Ave ,6785.05,40.7660,-73.9535,40.7566,-73.9826,member
R90400946,electric_bike,2026-08-18 21:08:37,2026-08-18 21:24:42,University Pl & E 14 St,5183.03,Pershing Square North,6711.03,40.7349,-73.9922,40.7518,-73.9778,casual
R90400942,electric_bike,2026-08-18 21:08:59,2026-08-18 21:13:43,West St & Chambers St,379,south end ave & liberty st,6060.05,40.7175,-74.0132,40.7112,-74.0158,member
R90400943,classic_bike,2026-08-18 21:17:07,2026-08-18 21:33:51,Lafayette St & E 8 St,5906.08,W 41 St & 8 Ave ,6419.19,40.7302,-73.9911,40.7562,-73.9901,member
R90400947,classic_bike,2026-08-18 21:33:52,2026-08-18 21:40:18,Lafayette St & E 8 St ,5906.08,Broadway & E 14 St,6115.16,40.7302,-73.9911,40.7345,-73.9906,casual
R90400941,classic_bike,2026-08-18 21:45:42,2026-08-18 21:50:29,West St & Chambers St,6917.09,vesey pl & river terrace,6741.09,40.7175,-74.0132,40.7153,-74.0163,member
R90400945,classic_bike,2026-08-18 21:52:12,,University Pl & E 14 St,5183.03,,,40.7349,-73.9922,,,member
R90400944,classic_bike,2026-08-18 21:59:41,2026-08-18 22:10:08,Broadway & W 41 St,6732.19,8 Ave & W 31 St,475,40.7553,-73.9868,40.7505,-73.9947,member
R90400953,classic_bike,2026-08-18 22:19:12,2026-08-18 22:28:01,W 33 St & 7 Ave,6594.06,Pershing Square North,6711.03,40.7502,-73.9908,40.7518,-73.9778,member
R90400950,classic_bike,2026-08-18 22:34:17,2026-08-18 22:42:23,W 45 St & 6 Ave,6785.05,Pershing Square North,6711.03,40.7566,-73.9826,40.7518,-73.9778,member
R90400948,classic_bike,2026-08-18 22:37:25,2026-08-18 22:55:02,E  17 St & Broadway,5307.10,West St & Chambers St,379,40.7371,-73.9902,40.7175,-74.0132,member
R90400951,classic_bike,2026-08-18 22:39:00,2026-08-18 22:43:56,Christopher St & Greenwich St,6202.07,Carmine St & 6 Ave,6650.03,40.7329,-74.0071,40.7303,-74.0022,member
R90400954,electric_bike,2026-08-18 22:49:59,2026-08-18 23:04:21,Broadway & E 14 St,6115.16,Vesey Pl & River Terrace ,6741.09,40.7345,-73.9906,40.7153,-74.0163,member
R90400949,electric_bike,2026-08-18 22:51:17,2026-08-18 23:02:56,e 75 st & 3 ave,6186.15,E 47 St & Park Ave,6462.07,40.7714,-73.9573,40.7550,-73.9750,member
R90400952,classic_bike,2026-08-18 22:59:37,2026-08-18 23:03:08,E 72 St & York Ave,6000.10,1  Ave & E 68 St,6056.19,40.7660,-73.9535,40.7651,-73.9582,member
R90400957,classic_bike,2026-08-18 23:22:44,2026-08-18 23:33:06,W 41 St & 8 Ave,6419.19,E 47 St & Park Ave,6462.07,40.7562,-73.9901,40.7550,-73.9750,member
R90400960,electric_bike,2026-08-18 23:28:41,2026-08-18 23:59:04,E 75 St & 3 Ave,6186.15,University Pl & E 14 St,5183.03,40.7714,-73.9573,40.7349,-73.9922,member
R90400955,classic_bike,2026-08-18 23:40:43,2026-08-18 23:53:10,West St & Chambers St,6917.09,Broadway & Battery Pl,6881.14,40.7175,-74.0132,40.7045,-74.0136,member
R90400958,classic_bike,2026-08-18 23:43:01,2026-08-18 23:43:53,Pershing Square North,6711.03,e 43 st & vanderbilt ave,590,40.7518,-73.9778,40.7530,-73.9774,member
R90400956,classic_bike,2026-08-18 23:46:56,2026-08-19 00:06:04,E 17 St & Broadway,5307.10,West St & Chambers St,6917.09,40.7371,-73.9902,40.7175,-74.0132,casual
R90400959,electric_bike,2026-08-18 23:50:26,2026-08-18 23:57:21,8 Ave & W 31 St,6359.12,W 21 St & 6 Ave,6173.11,40.7505,-73.9947,40.7417,-73.9942,casual
R90400963,classic_bike,2026-08-19 00:29:52,2026-08-19 00:38:14,9 ave & w 22 st,6088.11,Christopher St & Greenwich St,6202.07,40.7455,-74.0019,40.7329,-74.0071,casual
R90400962,classic_bike,2026-08-19 00:30:14,2026-08-19 00:43:55,Broadway & W 41 St,6732.19,E 17 St & Broadway,5307.10,40.7553,-73.9868,40.7371,-73.9902,member
R90400961,classic_bike,2026-08-19 00:36:43,2026-08-19 00:41:01,University Pl & E 14 St,5183.03,Lafayette St & E 8 St,568,40.7349,-73.9922,40.7302,-73.9911,member
R90400965,electric_bike,2026-08-19 01:13:55,2026-08-19 01:18:05,8 ave & w 31 st,6359.12,W 21 St & 6 Ave,6173.11,40.7505,-73.9947,40.7417,-73.9942,casual
R90400964,classic_bike,2026-08-19 01:39:25,2026-08-19 02:00:26,W 45 St & 6 Ave,6785.05,Carmine St & 6 Ave,284,40.7566,-73.9826,40.7303,-74.0022,casual
R90400968,classic_bike,2026-08-19 03:13:32,2026-08-19 03:24:27,W 20 St & 11 Ave,207,W 41 St & 8 Ave,6419.19,40.7465,-74.0077,40.7562,-73.9901,member
R90400966,classic_bike,2026-08-19 03:25:26,2026-08-19 03:30:04,E 47 St & Park Ave,6462.07,Pershing Square North,6711.03,40.7550,-73.9750,40.7518,-73.9778,member
R90400967,electric_bike,2026-08-19 03:49:23,2026-08-19 03:54:27,8 ave & w 31 st,475,W 20 St & 11 Ave,5160.04,40.7505,-73.9947,40.7465,-74.0077,member
R90400969,classic_bike,2026-08-19 04:42:32,2026-08-19 04:49:44,Christopher St & Greenwich St,6202.07,Broadway & E 14 St,6115.16,40.7329,-74.0071,40.7345,-73.9906,member
R90400978,classic_bike,2026-08-19 05:00:55,2026-08-19 05:09:34,E 7 St & Avenue A,5428.06,University Pl & E 14 St,5183.03,40.7263,-73.9838,40.7349,-73.9922,member
R90400976,electric_bike,2026-08-19 05:02:00,2026-08-19 05:13:55,Christopher St & Greenwich St,6202.07,Broadway & E 14 St,6115.16,40.7329,-74.0071,40.7345,-73.9906,member
R90400970,docked_bike,2026-08-19 05:08:08,2026-08-19 05:25:00,Lafayette St & E 8 St,5906.08,W 41 St & 8 Ave,6419.19,40.7302,-73.9911,40.7562,-73.9901,member
R90400977,classic_bike,2026-08-19 05:12:59,2026-08-19 05:22:19,Lafayette St & E 8 St,568,Cleveland Pl & Spring St,508,40.7302,-73.9911,40.7220,-73.9973,member
R90400975,classic_bike,2026-08-19 05:29:55,2026-08-19 05:33:51,South End Ave & Liberty St,6060.05,West St & Chambers St ,6917.09,40.7112,-74.0158,40.7175,-74.0132,member
R90400974,classic_bike,2026-08-19 05:31:48,2026-08-19 05:43:37,Christopher St & Greenwich St,6202.07,9 Ave & W 22 St,6088.11,40.7329,-74.0071,40.7455,-74.0019,member
R90400973,classic_bike,2026-08-19 05:35:49,2026-08-19 05:44:19,E 43 St & Vanderbilt Ave,6741.16,W 45 St & 6 Ave,6785.05,40.7530,-73.9774,40.7566,-73.9826,casual
R90400971,classic_bike,2026-08-19 05:37:16,2026-08-19 05:42:06,E 72 St & York Ave,348,1 ave & e 68 st,6056.19,40.7660,-73.9535,40.7651,-73.9582,member
R90400972,classic_bike,2026-08-19 05:53:26,2026-08-19 06:05:19,W 26 St & 8 Ave ,6253.07,Pershing Square North,6711.03,40.7472,-73.9973,40.7518,-73.9778,member
R90400985,classic_bike,2026-08-19 06:03:29,2026-08-19 06:22:04,Christopher St & Greenwich St,6202.07,Vesey Pl & River Terrace,6741.09,40.7329,-74.0071,40.7153,-74.0163,member
R90400984,classic_bike,2026-08-19 06:03:34,2026-08-19 06:16:21,Christopher St & Greenwich St ,6202.07,Vesey Pl & River Terrace,6741.09,40.7329,-74.0071,40.7153,-74.0163,member
R90400982,electric_bike,2026-08-19 06:11:20,2026-08-19 06:25:29,Broadway  & E 14 St,6115.16,W 41 St & 8 Ave,6419.19,40.7345,-73.9906,40.7562,-73.9901,casual
R90400989,electric_bike,2026-08-19 06:12:49,2026-08-19 06:30:03,Carmine St & 6 Ave,6650.03,e 47 st & park ave,6462.07,40.7303,-74.0022,40.7550,-73.9750,casual
R90400990,classic_bike,2026-08-19 06:16:39,2026-08-19 06:31:40,Lafayette St & E 8 St ,5906.08,W 26 St & 8 Ave,439,40.7302,-73.9911,40.7472,-73.9973,member
R90400992,classic_bike,2026-08-19 06:23:54,2026-08-19 06:30:17,Vesey Pl & River Terrace,6741.09,West St & Chambers St,6917.09,40.7153,-74.0163,40.7175,-74.0132,member
R90400983,classic_bike,2026-08-19 06:26:17,2026-08-19 06:48:51,E 7 St & Avenue A,5428.06,E 47 St and Park Ave,6462.07,40.7263,-73.9838,40.7550,-73.9750,casual
R90400988,classic_bike,2026-08-19 06:30:25,2026-08-19 06:48:06,E 7 St & Avenue A,5428.06,South End Ave & Liberty St,6060.05,40.7263,-73.9838,40.7112,-74.0158,member
R90400979,electric_bike,2026-08-19 06:40:03,,E 17 St & Broadway,5307.10,,,40.7371,-73.9902,,,member
R90400980,classic_bike,2026-08-19 06:43:56,2026-08-19 06:55:16,West St & Chambers St,6917.09,Broadway & Battery Pl,6881.14,40.7175,-74.0132,40.7045,-74.0136,casual
R90400981,classic_bike,2026-08-19 06:45:00,2026-08-19 07:00:25,Lexington Ave & E 63 St,5734.15,W 41 St & 8 Ave,6419.19,40.7642,-73.9660,40.7562,-73.9901,member
R90400986,electric_bike,2026-08-19 06:50:03,2026-08-19 06:55:30,6 Ave & W 33 St,5431.02,W 45 St & 6 Ave,6785.05,40.7490,-73.9880,40.7566,-73.9826,member
R90400987,classic_bike,2026-08-19 06:52:07,2026-08-19 07:03:00,Christopher St & Greenwich St,6202.07,West St & Chambers St,6917.09,40.7329,-74.0071,40.7175,-74.0132,member
R90400991,electric_bike,2026-08-19 06:54:33,2026-08-19 07:09:16,Broadway & E 14 St,6115.16,Vesey Pl & River Terrace,6741.09,40.7345,-73.9906,40.7153,-74.0163,member
R90401000,electric_bike,2026-08-19 07:00:58,2026-08-19 07:08:06,W 26 St & 8 Ave,6253.07,Pershing Square North,6711.03,40.7472,-73.9973,40.7518,-73.9778,member
R90400996,classic_bike,2026-08-19 07:01:38,2026-08-19 07:07:02,Broadway & W 41 St ,6732.19,W 41 St & 8 Ave,6419.19,40.7553,-73.9868,40.7562,-73.9901,casual
R90401034,classic_bike,2026-08-19 07:03:18,2026-08-19 07:12:33,Lexington Ave & E 63 St ,5734.15,E 43 St & Vanderbilt Ave,6741.16,40.7642,-73.9660,40.7530,-73.9774,casual
R90401035,classic_bike,2026-08-19 07:03:34,2026-08-19 07:19:23,1 Ave & E 68 St,6056.19,Pershing Square North,6711.03,40.7651,-73.9582,40.7518,-73.9778,member
R90401004,electric_bike,2026-08-19 07:05:02,2026-08-19 07:14:59,Cleveland Pl & Spring St,6679.12,Vesey Pl & River Terrace,6741.09,40.7220,-73.9973,40.7153,-74.0163,member
R90401021,classic_bike,2026-08-19 07:05:02,2026-08-19 07:16:35,Lexington Ave & E 63 St,5734.15,Pershing Square North,6711.03,40.7642,-73.9660,40.7518,-73.9778,member
R90401002,classic_bike,2026-08-19 07:05:27,2026-08-19 07:13:37,E 75 St & 3 Ave,6186.15,1 ave & e 68 st,6056.19,40.7714,-73.9573,40.7651,-73.9582,member
R90401006,electric_bike,2026-08-19 07:08:00,2026-08-19 07:24:19,1 Ave & E 68 St,6056.19,W 21 St & 6 Ave,6173.11,40.7651,-73.9582,40.7417,-73.9942,casual
R90400998,electric_bike,2026-08-19 07:08:57,2026-08-19 07:17:42,University Pl & E 14 St,5183.03,W 33 St & 7 Ave,455,40.7349,-73.9922,40.7502,-73.9908,member
R90401022,electric_bike,2026-08-19 07:10:30,2026-08-19 07:25:51,W 21 St & 6 Ave,6173.11,West St & Chambers St,6917.09,40.7417,-73.9942,40.7175,-74.0132,casual
R90401007,classic_bike,2026-08-19 07:10:38,2026-08-19 07:27:55,lexington ave & e 63 st,595,Pershing Square North,6711.03,40.7642,-73.9660,40.7518,-73.9778,member
R90401009,electric_bike,2026-08-19 07:14:16,2026-08-19 07:27:43,e 7 st & avenue a,5428.06,E 47 St & Park Ave ,6462.07,40.7263,-73.9838,40.7550,-73.9750,casual
R90400994,classic_bike,2026-08-19 07:14:43,2026-08-19 07:23:03,West St & Chambers St,6917.09,South End Ave & Liberty St,6060.05,40.7175,-74.0132,40.7112,-74.0158,member
R90401019,classic_bike,2026-08-19 07:14:49,2026-08-19 07:26:52,Lexington Ave & E 63 St,5734.15,Pershing Square North,6711.03,40.7642,-73.9660,40.7518,-73.9778,member
R90401015,classic_bike,2026-08-19 07:19:13,2026-08-19 07:34:38,E 72 St & York Ave,6000.10,e 43 st & vanderbilt ave,6741.16,40.7660,-73.9535,40.7530,-73.9774,casual
R90401024,classic_bike,2026-08-19 07:21:11,2026-08-19 07:41:16,E 75 St & 3 Ave,6186.15,6 Ave & W 33 St,5431.02,40.7714,-73.9573,40.7490,-73.9880,member
R90401013,classic_bike,2026-08-19 07:21:45,2026-08-19 07:30:48,w 26 st & 8 ave,6253.07,6 Ave & W 33 St,5431.02,40.7472,-73.9973,40.7490,-73.9880,casual
R90401011,electric_bike,2026-08-19 07:22:48,2026-08-19 07:39:14,Lafayette St & E 8 St,5906.08,E  47 St & Park Ave,6462.07,40.7302,-73.9911,40.7550,-73.9750,member
R90401014,classic_bike,2026-08-19 07:24:03,2026-08-19 07:39:03,E 17 St & Broadway,5307.10,W 41 St & 8 Ave,6419.19,40.7371,-73.9902,40.7562,-73.9901,member
R90401012,classic_bike,2026-08-19 07:24:59,2026-08-19 07:59:07,West St & Chambers St,6917.09,E 43 St & Vanderbilt Ave,6741.16,40.7175,-74.0132,40.7530,-73.9774,member
R90401029,electric_bike,2026-08-19 07:25:36,2026-08-19 07:29:43,Vesey Pl & River Terrace,6741.09,West St & Chambers St,6917.09,40.7153,-74.0163,40.7175,-74.0132,member
R90401001,electric_bike,2026-08-19 07:26:43,2026-08-19 07:32:04,W 45 St & 6 Ave ,6785.05,W 33 St & 7 Ave,6594.06,40.7566,-73.9826,40.7502,-73.9908,member
R90400999,electric_bike,2026-08-19 07:27:43,2026-08-19 07:39:05,Christopher St & Greenwich St,6202.07,Vesey Pl & River Terrace,6741.09,40.7329,-74.0071,40.7153,-74.0163,casual
R90401030,electric_bike,2026-08-19 07:29:15,2026-08-19 07:40:36,E 17 St & Broadway,5307.10,Broadway & W 41 St,6732.19,40.7371,-73.9902,40.7553,-73.9868,member
R90401016,classic_bike,2026-08-19 07:29:48,2026-08-19 07:37:20,Broadway & W 41 St,6732.19,W 33 St & 7 Ave,6594.06,40.7553,-73.9868,40.7502,-73.9908,casual
R90400997,classic_bike,2026-08-19 07:31:51,2026-08-19 07:37:43,W 26 St & 8 Ave,6253.07,W 33 St & 7 Ave,6594.06,40.7472,-73.9973,40.7502,-73.9908,member
R90401008,electric_bike,2026-08-19 07:31:51,2026-08-19 07:45:47,University Pl & E 14 St ,5183.03,West St & Chambers St,6917.09,40.7349,-73.9922,40.7175,-74.0132,member
R90401028,classic_bike,2026-08-19 07:32:09,2026-08-19 07:50:21,E 72 St & York Ave,6000.10,W 45 St & 6 Ave,6785.05,40.7660,-73.9535,40.7566,-73.9826,casual
R90401023,classic_bike,2026-08-19 07:32:20,2026-08-19 07:43:02,W 17 St & 8 Ave,5891.11,8 Ave & W 31 St,6359.12,40.7418,-74.0015,40.7505,-73.9947,member
R90401003,electric_bike,2026-08-19 07:32:45,2026-08-19 07:38:57,Broadway & W 41 St ,6732.19,W 33 St & 7 Ave,6594.06,40.7553,-73.9868,40.7502,-73.9908,casual
R90401020,electric_bike,2026-08-19 07:34:01,2026-08-19 07:41:56,W 41 St & 8 Ave,6419.19,Pershing Square North,6711.03,40.7562,-73.9901,40.7518,-73.9778,member
R90401005,classic_bike,2026-08-19 07:35:57,2026-08-19 07:52:52,Christopher St & Greenwich St,6202.07,E 43 St & Vanderbilt Ave,6741.16,40.7329,-74.0071,40.7530,-73.9774,casual
R90401037,classic_bike,2026-08-19 07:36:05,2026-08-19 07:43:44,Lafayette St & E 8 St,5906.08,Cleveland Pl & Spring St,6679.12,40.7302,-73.9911,40.7220,-73.9973,member
R90401032,electric_bike,2026-08-19 07:41:57,2026-08-19 07:59:01,Christopher St & Greenwich St,6202.07,W 33 St & 7 Ave,6594.06,40.7329,-74.0071,40.7502,-73.9908,member
R90401018,classic_bike,2026-08-19 07:45:47,2026-08-19 08:11:09,Carmine St & 6 Ave,6650.03,Broadway & W 41 St,6732.19,40.7303,-74.0022,40.7553,-73.9868,member
R90400993,classic_bike,2026-08-19 07:47:10,2026-08-19 08:02:16,University Pl & E 14 St,5183.03,Pershing Square North,6711.03,40.7349,-73.9922,40.7518,-73.9778,member
R90400995,classic_bike,2026-08-19 07:47:33,2026-08-19 07:56:41,E 17 St & Broadway,5307.10,6 Ave & W 33 St,5431.02,40.7371,-73.9902,40.7490,-73.9880,casual
R90401036,docked_bike,2026-08-19 07:48:54,2026-08-19 08:05:32,E 17 St & Broadway,5307.10,8 Ave & W 31 St,6359.12,40.7371,-73.9902,40.7505,-73.9947,casual
R90401033,electric_bike,2026-08-19 07:49:15,2026-08-19 08:04:37,Broadway & E 14 St,6115.16,Vesey Pl & River Terrace,6741.09,40.7345,-73.9906,40.7153,-74.0163,member
R90401017,classic_bike,2026-08-19 07:49:45,2026-08-19 08:06:08,Christopher St & Greenwich St,6202.07,W 33 St & 7 Ave,6594.06,40.7329,-74.0071,40.7502,-73.9908,casual
R90401026,electric_bike,2026-08-19 07:54:19,2026-08-19 07:59:27,South End Ave & Liberty St,6060.05,Vesey Pl & River Terrace,6741.09,40.7112,-74.0158,40.7153,-74.0163,casual
R90401025,electric_bike,2026-08-19 07:54:32,2026-08-19 07:57:45,W 45 St & 6 Ave,6785.05,Broadway & W 41 St,6732.19,40.7566,-73.9826,40.7553,-73.9868,casual
R90401031,electric_bike,2026-08-19 07:55:56,2026-08-19 08:08:57,1 Ave & E 68 St,6056.19,6 Ave & W 33 St,5431.02,40.7651,-73.9582,40.7490,-73.9880,member
R90401027,electric_bike,2026-08-19 07:56:13,2026-08-19 08:00:41,Broadway & E 14 St,6115.16,University Pl & E 14 St,5183.03,40.7345,-73.9906,40.7349,-73.9922,casual
R90401010,electric_bike,2026-08-19 07:57:06,2026-08-19 08:12:33,Broadway & E 14 St,6115.16,W 41 St & 8 Ave,6419.19,40.7345,-73.9906,40.7562,-73.9901,member
R90401095,electric_bike,2026-08-19 08:00:34,2026-08-19 08:05:51,Broadway & E 14 St,6115.16,Lafayette St & E 8 St ,5906.08,40.7345,-73.9906,40.7302,-73.9911,member
R90401047,docked_bike,2026-08-19 08:01:12,2026-08-19 08:35:05,1 Ave & E 68 St,6056.19,Cleveland Pl & Spring St,508,40.7651,-73.9582,40.7220,-73.9973,casual
R90401079,classic_bike,2026-08-19 08:03:38,2026-08-19 08:16:29,University Pl & E 14 St,5183.03,W 33 St & 7 Ave,6594.06,40.7349,-73.9922,40.7502,-73.9908,casual
R90401070,classic_bike,2026-08-19 08:03:59,2026-08-19 08:26:28,Christopher St & Greenwich St,6202.07,Vesey Pl & River Terrace,6741.09,40.7329,-74.0071,40.7153,-74.0163,member
R90401078,classic_bike,2026-08-19 08:04:25,2026-08-19 08:19:35,Broadway & E 14 St,6115.16,8 Ave & W 31 St,6359.12,40.7345,-73.9906,40.7505,-73.9947,member
R90401042,electric_bike,2026-08-19 08:05:51,2026-08-19 08:20:21,university pl & e 14 st,5183.03,West St & Chambers St,6917.09,40.7349,-73.9922,40.7175,-74.0132,casual
R90401044,classic_bike,2026-08-19 08:07:29,2026-08-19 08:27:33,E 17 St & Broadway,5307.10,West St & Chambers St,6917.09,40.7371,-73.9902,40.7175,-74.0132,casual
R90401039,classic_bike,2026-08-19 08:08:20,2026-08-19 08:27:27,Christopher St & Greenwich St,6202.07,E 43 St & Vanderbilt Ave,6741.16,40.7329,-74.0071,40.7530,-73.9774,member
R90401094,classic_bike,2026-08-19 08:08:40,2026-08-19 08:29:39,University Pl & E 14 St,5183.03,West St & Chambers St,6917.09,40.7349,-73.9922,40.7175,-74.0132,member
R90401038,classic_bike,2026-08-19 08:10:51,2026-08-19 08:29:50,Christopher St & Greenwich St,6202.07,W 33 St & 7 Ave,6594.06,40.7329,-74.0071,40.7502,-73.9908,casual
R90401054,classic_bike,2026-08-19 08:12:03,2026-08-19 08:21:34,West St & Chambers St,6917.09,Cleveland Pl & Spring St,6679.12,40.7175,-74.0132,40.7220,-73.9973,casual
R90401064,classic_bike,2026-08-19 08:13:45,2026-08-19 08:26:17,Christopher St & Greenwich St,6202.07,West St & Chambers St,6917.09,40.7329,-74.0071,40.7175,-74.0132,member
R90401071,electric_bike,2026-08-19 08:15:25,2026-08-19 08:19:49,Lafayette St & E 8 St,5906.08,University Pl & E 14 St,5183.03,40.7302,-73.9911,40.7349,-73.9922,member
R90401083,classic_bike,2026-08-19 08:15:37,2026-08-19 08:31:27,University  Pl & E 14 St,5183.03,e 47 st & park ave,6462.07,40.7349,-73.9922,40.7550,-73.9750,member
R90401041,classic_bike,2026-08-19 08:16:02,2026-08-19 08:27:59,E 43 St & Vanderbilt Ave,6741.16,Lexington Ave & E 63 St,5734.15,40.7530,-73.9774,40.7642,-73.9660,member
R90401063,electric_bike,2026-08-19 08:17:01,2026-08-19 08:22:14,Broadway & W 41 St,6732.19,W 45 St & 6 Ave,6785.05,40.7553,-73.9868,40.7566,-73.9826,casual
R90401068,classic_bike,2026-08-19 08:19:50,2026-08-19 08:35:57,broadway & e 14 st,514,E 43 St & Vanderbilt Ave,6741.16,40.7345,-73.9906,40.7530,-73.9774,member
R90401043,classic_bike,2026-08-19 08:20:34,2026-08-19 08:22:53,West St & Chambers St,6917.09,Vesey Pl & River Terrace,6741.09,40.7175,-74.0132,40.7153,-74.0163,member
R90401089,classic_bike,2026-08-19 08:21:22,2026-08-19 08:31:51,Broadway & E 14 St,6115.16,6 Ave & W 33 St,5431.02,40.7345,-73.9906,40.7490,-73.9880,casual
R90401046,classic_bike,2026-08-19 08:21:24,2026-08-19 08:40:42,Lafayette St & E 8 St,5906.08,W 41 St & 8 Ave,6419.19,40.7302,-73.9911,40.7562,-73.9901,casual
R90401048,classic_bike,2026-08-19 08:22:20,2026-08-19 08:38:55,Lafayette St and E 8 St,5906.08,W 41 St & 8 Ave,6419.19,40.7302,-73.9911,40.7562,-73.9901,member
R90401048,classic_bike,2026-08-19 08:22:20,2026-08-19 08:38:55,Lafayette St and E 8 St,5906.08,W 41 St & 8 Ave,6419.19,40.7302,-73.9911,40.7562,-73.9901,member
R90401104,classic_bike,2026-08-19 08:24:14,2026-08-19 08:35:49,Lexington Ave & E 63 St,5734.15,Pershing Square North,6711.03,40.7642,-73.9660,40.7518,-73.9778,casual
R90401049,classic_bike,2026-08-19 08:24:16,2026-08-19 08:41:32,1 Ave & E 68 St,6056.19,W 45 St & 6 Ave ,6785.05,40.7651,-73.9582,40.7566,-73.9826,member
R90401085,classic_bike,2026-08-19 08:25:14,2026-08-19 08:36:38,Christopher St & Greenwich St,6202.07,W 26 St and 8 Ave,6253.07,40.7329,-74.0071,40.7472,-73.9973,member
R90401101,electric_bike,2026-08-19 08:25:36,2026-08-19 08:32:17,Lafayette St & E 8 St,5906.08,Cleveland Pl & Spring St,6679.12,40.7302,-73.9911,40.7220,-73.9973,casual
R90401051,classic_bike,2026-08-19 08:25:43,2026-08-19 08:36:17,W 33 St & 7 Ave ,6594.06,W 45 St & 6 Ave,6785.05,40.7502,-73.9908,40.7566,-73.9826,member
R90401108,classic_bike,2026-08-19 08:25:50,2026-08-19 08:43:06,Carmine St & 6 Ave,6650.03,Broadway & Battery Pl,6881.14,40.7303,-74.0022,40.7045,-74.0136,casual
R90401106,classic_bike,2026-08-19 08:26:37,2026-08-19 08:33:17,E 75 St & 3 Ave,6186.15,1 Ave & E 68 St,6056.19,40.7714,-73.9573,40.7651,-73.9582,casual
R90401077,electric_bike,2026-08-19 08:27:50,2026-08-19 08:39:22,Lafayette St & E 8 St,5906.08,West St & Chambers St,6917.09,40.7302,-73.9911,40.7175,-74.0132,member
R90401100,classic_bike,2026-08-19 08:29:05,2026-08-19 08:33:31,University Pl & E 14 St,5183.03,Broadway & E 14 St,6115.16,40.7349,-73.9922,40.7345,-73.9906,member
R90401084,classic_bike,2026-08-19 08:29:47,2026-08-19 08:49:22,University Pl & E 14 St,5183.03,West St & Chambers St,6917.09,40.7349,-73.9922,40.7175,-74.0132,member
R90401073,classic_bike,2026-08-19 08:30:48,2026-08-19 08:36:43,Pershing Square North,6711.03,6 Ave & W 33 St,5431.02,40.7518,-73.9778,40.7490,-73.9880,member
R90401080,classic_bike,2026-08-19 08:31:08,2026-08-19 08:39:56,University Pl & E 14 St,5183.03,W 33 St & 7 Ave,6594.06,40.7349,-73.9922,40.7502,-73.9908,casual
R90401072,classic_bike,2026-08-19 08:31:59,2026-08-19 08:40:41,W 21 St & 6 Ave,6173.11,Broadway & W 41 St,6732.19,40.7417,-73.9942,40.7553,-73.9868,member
R90401102,classic_bike,2026-08-19 08:32:10,2026-08-19 09:05:53,1 Ave & E 68 St,6056.19,Cleveland Pl & Spring St,6679.12,40.7651,-73.9582,40.7220,-73.9973,member
R90401099,classic_bike,2026-08-19 08:32:34,2026-08-19 08:38:46,W 41 St & 8 Ave,254,W 45 St and 6 Ave,6785.05,40.7562,-73.9901,40.7566,-73.9826,casual
R90401055,classic_bike,2026-08-19 08:34:17,2026-08-19 08:52:36,Broadway & E 14 St,6115.16,W 45 St & 6 Ave,6785.05,40.7345,-73.9906,40.7566,-73.9826,member
R90401098,electric_bike,2026-08-19 08:36:47,2026-08-19 08:50:24,1 Ave & E 68 St,6056.19,E 43 St & Vanderbilt Ave,6741.16,40.7651,-73.9582,40.7530,-73.9774,member
R90401066,electric_bike,2026-08-19 08:37:11,2026-08-19 08:56:14,E 17 St & Broadway,5307.10,West St & Chambers St,6917.09,40.7371,-73.9902,40.7175,-74.0132,member
R90401053,electric_bike,2026-08-19 08:38:21,2026-08-19 08:49:08,University Pl & E 14 St,5183.03,Pershing Square North,6711.03,40.7349,-73.9922,40.7518,-73.9778,casual
R90401082,classic_bike,2026-08-19 08:39:40,2026-08-19 08:54:13,University Pl & E 14 St,5183.03,Pershing Square North,6711.03,40.7349,-73.9922,40.7518,-73.9778,casual
R90401062,electric_bike,2026-08-19 08:41:16,2026-08-19 08:53:51,E 17 St & Broadway,5307.10,W 20 St & 11 Ave,5160.04,40.7371,-73.9902,40.7465,-74.0077,member
R90401040,classic_bike,2026-08-19 08:42:50,2026-08-19 08:53:27,Carmine St & 6 Ave,6650.03,Vesey Pl & River Terrace,6741.09,40.7303,-74.0022,40.7153,-74.0163,member
R90401075,classic_bike,2026-08-19 08:43:17,2026-08-19 08:56:13,Lexington Ave & E 63 St,5734.15,Pershing Square North,6711.03,40.7642,-73.9660,40.7518,-73.9778,member
R90401069,classic_bike,2026-08-19 08:43:22,2026-08-19 08:51:04,8 Ave & W 31 St,475,Broadway & W 41 St,6732.19,40.7505,-73.9947,40.7553,-73.9868,member
R90401059,electric_bike,2026-08-19 08:43:56,2026-08-19 09:02:06,E 75 St & 3 Ave,526,W 33 St & 7 Ave,6594.06,40.7714,-73.9573,40.7502,-73.9908,member
R90401050,electric_bike,2026-08-19 08:45:06,2026-08-19 08:56:55,Broadway & E 14 St,6115.16,8 Ave & W 31 St,6359.12,40.7345,-73.9906,40.7505,-73.9947,casual
R90401060,classic_bike,2026-08-19 08:45:16,2026-08-19 09:06:42,E 7 St & Avenue A,5428.06,South End Ave & Liberty St,6060.05,40.7263,-73.9838,40.7112,-74.0158,member
R90401076,classic_bike,2026-08-19 08:45:53,2026-08-19 08:58:13,Christopher St & Greenwich St,6202.07,West St & Chambers St,6917.09,40.7329,-74.0071,40.7175,-74.0132,member
R90401058,electric_bike,2026-08-19 08:45:58,2026-08-19 08:53:39,Carmine St & 6 Ave,6650.03,Cleveland Pl & Spring St,6679.12,40.7303,-74.0022,40.7220,-73.9973,member
R90401097,electric_bike,2026-08-19 08:48:18,,Lafayette St & E 8 St,5906.08,,,40.7302,-73.9911,,,member
R90401081,electric_bike,2026-08-19 08:48:54,2026-08-19 09:04:29,Christopher St & Greenwich St,6202.07,W 33 St & 7 Ave,455,40.7329,-74.0071,40.7502,-73.9908,member
R90401086,electric_bike,2026-08-19 08:49:20,2026-08-19 08:58:37,Christopher St & Greenwich St,6202.07,West St & Chambers St,6917.09,40.7329,-74.0071,40.7175,-74.0132,member
R90401093,electric_bike,2026-08-19 08:49:44,2026-08-19 09:01:50,E 72 St & York Ave,6000.10,E 47 St & Park Ave,6462.07,40.7660,-73.9535,40.7550,-73.9750,member
R90401065,classic_bike,2026-08-19 08:51:09,2026-08-19 09:03:21,lexington ave & e 63 st,5734.15,E 43 St & Vanderbilt Ave,6741.16,40.7642,-73.9660,40.7530,-73.9774,member
R90401107,classic_bike,2026-08-19 08:51:37,2026-08-19 08:59:24,Lexington Ave & E 63 St ,5734.15,W 45 St & 6 Ave,6785.05,40.7642,-73.9660,40.7566,-73.9826,member
R90401057,electric_bike,2026-08-19 08:52:02,2026-08-19 09:02:33,Christopher St & Greenwich St,6202.07,West St & Chambers St,6917.09,40.7329,-74.0071,40.7175,-74.0132,casual
R90401061,electric_bike,2026-08-19 08:52:20,2026-08-19 09:07:35,Lexington Ave & E 63 St ,5734.15,W 41 St & 8 Ave,6419.19,40.7642,-73.9660,40.7562,-73.9901,member
R90401074,classic_bike,2026-08-19 08:52:51,2026-08-19 09:14:47,Carmine St & 6 Ave,6650.03,E 43 St & Vanderbilt Ave,6741.16,40.7303,-74.0022,40.7530,-73.9774,casual
R90401096,classic_bike,2026-08-19 08:53:08,2026-08-19 09:05:58,Christopher St & Greenwich St,6202.07,W  26 St & 8 Ave,6253.07,40.7329,-74.0071,40.7472,-73.9973,member
R90401056,classic_bike,2026-08-19 08:53:12,2026-08-19 09:13:23,E 7 St & Avenue A,578,6 Ave & W 33 St,5431.02,40.7263,-73.9838,40.7490,-73.9880,member
R90401105,electric_bike,2026-08-19 08:53:43,2026-08-19 09:06:06,Lafayette St & E 8 St,5906.08,West St & Chambers St,6917.09,40.7302,-73.9911,40.7175,-74.0132,member
R90401087,classic_bike,2026-08-19 08:54:57,2026-08-19 09:15:50,Carmine St & 6 Ave,6650.03,Pershing Square North,6711.03,40.7303,-74.0022,40.7518,-73.9778,member
R90401091,classic_bike,2026-08-19 08:55:00,2026-08-19 09:01:43,University Pl & E 14 St,5183.03,Lafayette St & E 8 St,5906.08,40.7349,-73.9922,40.7302,-73.9911,casual
R90401103,electric_bike,2026-08-19 08:55:26,2026-08-19 09:06:48,West St & Chambers St,6917.09,Cleveland Pl & Spring St,6679.12,40.7175,-74.0132,40.7220,-73.9973,member
R90401045,classic_bike,2026-08-19 08:57:27,2026-08-19 09:10:30,W 21 St & 6 Ave,6173.11,Broadway  & W 41 St,6732.19,40.7417,-73.9942,40.7553,-73.9868,member
R90401090,classic_bike,2026-08-19 08:57:48,2026-08-19 09:19:15,Carmine St & 6 Ave,284,E 47 St & Park Ave,6462.07,40.7303,-74.0022,40.7550,-73.9750,member
R90401088,classic_bike,2026-08-19 08:57:57,2026-08-19 09:13:00,cleveland pl & spring st,6679.12,South End Ave & Liberty St,6060.05,40.7220,-73.9973,40.7112,-74.0158,member
R90401052,electric_bike,2026-08-19 08:58:45,2026-08-19 09:07:32,W 26 St & 8 Ave,6253.07,Broadway & W 41 St,6732.19,40.7472,-73.9973,40.7553,-73.9868,member
R90401092,classic_bike,2026-08-19 08:59:14,2026-08-19 09:01:51,Pershing Square North,6711.03,E 43 St & Vanderbilt Ave,6741.16,40.7518,-73.9778,40.7530,-73.9774,casual
R90401067,classic_bike,2026-08-19 08:59:53,2026-08-19 09:23:10,W 21 St & 6 Ave ,6173.11,South End Ave & Liberty St,259,40.7417,-73.9942,40.7112,-74.0158,member
R90401146,classic_bike,2026-08-19 09:00:26,2026-08-19 09:22:15,Lafayette St & E 8 St,5906.08,West St & Chambers St,6917.09,40.7302,-73.9911,40.7175,-74.0132,member
R90401132,classic_bike,2026-08-19 09:01:18,2026-08-19 09:14:08,Lafayette St & E 8 St ,5906.08,West St & Chambers St,6917.09,40.7302,-73.9911,40.7175,-74.0132,member
R90401109,classic_bike,2026-08-19 09:01:38,2026-08-19 09:18:37,9 Ave & W 22 St,6088.11,W 45 St & 6 Ave,6785.05,40.7455,-74.0019,40.7566,-73.9826,casual
R90401128,classic_bike,2026-08-19 09:02:25,2026-08-19 09:23:33,E 7 St & Avenue A,5428.06,E 47 St & Park Ave,6462.07,40.7263,-73.9838,40.7550,-73.9750,member
R90401117,classic_bike,2026-08-19 09:03:17,2026-08-19 09:18:25,Carmine St & 6 Ave,6650.03,south end ave & liberty st,6060.05,40.7303,-74.0022,40.7112,-74.0158,member
R90401147,classic_bike,2026-08-19 09:03:23,2026-08-19 09:18:27,Christopher St & Greenwich St,6202.07,W 33 St & 7 Ave,6594.06,40.7329,-74.0071,40.7502,-73.9908,member
R90401114,classic_bike,2026-08-19 09:04:19,2026-08-19 09:17:25,Lexington Ave & E 63 St,5734.15,W 45 St & 6 Ave,6785.05,40.7642,-73.9660,40.7566,-73.9826,member
R90401110,electric_bike,2026-08-19 09:08:58,2026-08-19 09:22:38,1 Ave & E 68 St,6056.19,6 Ave & W 33 St,5431.02,40.7651,-73.9582,40.7490,-73.9880,member
R90401126,classic_bike,2026-08-19 09:09:07,2026-08-19 09:27:09,1 Ave & E 68 St,6056.19,W 41 St and 8 Ave,6419.19,40.7651,-73.9582,40.7562,-73.9901,casual
R90401130,electric_bike,2026-08-19 09:09:12,2026-08-19 09:21:44,Broadway & E 14 St,6115.16,6 Ave & W 33 St,5431.02,40.7345,-73.9906,40.7490,-73.9880,member
R90401137,electric_bike,2026-08-19 09:09:58,2026-08-19 09:18:28,W 41 St & 8 Ave,254,E 47 St & Park Ave,6462.07,40.7562,-73.9901,40.7550,-73.9750,member
R90401143,electric_bike,2026-08-19 09:10:58,2026-08-19 09:11:54,E 43 St & Vanderbilt Ave,6741.16,Pershing Square North,6711.03,40.7530,-73.9774,40.7518,-73.9778,member
R90401111,classic_bike,2026-08-19 09:11:12,2026-08-19 09:23:43,University Pl & E 14 St,5183.03,Cleveland Pl & Spring St,6679.12,40.7349,-73.9922,40.7220,-73.9973,member
R90401139,electric_bike,2026-08-19 09:11:28,2026-08-19 09:26:47,Broadway & E 14 St,6115.16,Vesey Pl & River Terrace,6741.09,40.7345,-73.9906,40.7153,-74.0163,member
R90401148,classic_bike,2026-08-19 09:12:03,2026-08-19 09:21:44,e 17 st & broadway,5307.10,Broadway & W 41 St,6732.19,40.7371,-73.9902,40.7553,-73.9868,casual
R90401112,electric_bike,2026-08-19 09:12:15,2026-08-19 09:26:15,Broadway & E 14 St,6115.16,W 45 St & 6 Ave,6785.05,40.7345,-73.9906,40.7566,-73.9826,member
R90401118,classic_bike,2026-08-19 09:13:06,2026-08-19 09:16:47,E 47 St & Park Ave,6462.07,E 47 St & Park Ave,6462.07,40.7550,-73.9750,40.7550,-73.9750,member
R90401115,classic_bike,2026-08-19 09:13:50,2026-08-19 09:27:35,E 17 St & Broadway,5307.10,6 Ave & W 33 St,5431.02,40.7371,-73.9902,40.7490,-73.9880,member
R90401141,electric_bike,2026-08-19 09:16:17,2026-08-19 09:30:10,E 72 St & York Ave,6000.10,Pershing Square North,6711.03,40.7660,-73.9535,40.7518,-73.9778,member
R90401145,classic_bike,2026-08-19 09:16:59,2026-08-19 09:24:56,E 47 St & Park Ave,6462.07,W 41 St & 8 Ave,6419.19,40.7550,-73.9750,40.7562,-73.9901,member
R90401149,classic_bike,2026-08-19 09:21:05,2026-08-19 09:41:29,Carmine St & 6 Ave,6650.03,E 47 St & Park Ave,6462.07,40.7303,-74.0022,40.7550,-73.9750,member
R90401125,classic_bike,2026-08-19 09:23:18,2026-08-19 09:27:07,broadway & w 41 st,6732.19,W 41 St and 8 Ave,6419.19,40.7553,-73.9868,40.7562,-73.9901,member
R90401123,classic_bike,2026-08-19 09:23:44,,E 17 St & Broadway,5307.10,,,40.7371,-73.9902,,,casual
R90401116,classic_bike,2026-08-19 09:24:23,2026-08-19 09:32:21,Broadway & W 41 St,241,E 47 St & Park Ave,6462.07,40.7553,-73.9868,40.7550,-73.9750,member
R90401144,classic_bike,2026-08-19 09:25:15,2026-08-19 09:43:18,Carmine St & 6 Ave,6650.03,South End Ave & Liberty St,6060.05,40.7303,-74.0022,40.7112,-74.0158,casual
R90401150,classic_bike,2026-08-19 09:27:00,2026-08-19 09:33:03,West St & Chambers St,6917.09,Vesey Pl and River Terrace,6741.09,40.7175,-74.0132,40.7153,-74.0163,member
R90401129,classic_bike,2026-08-19 09:27:30,2026-08-19 09:47:54,Lafayette St & E 8 St,5906.08,E 47 St & Park Ave,6462.07,40.7302,-73.9911,40.7550,-73.9750,member
R90401152,classic_bike,2026-08-19 09:28:25,2026-08-19 09:57:29,Lexington Ave & E 63 St,5734.15,9 Ave & W 22 St,6088.11,40.7642,-73.9660,40.7455,-74.0019,casual
R90401120,electric_bike,2026-08-19 09:29:28,2026-08-19 09:41:48,E 17 St & Broadway,5307.10,W 41 St & 8 Ave,6419.19,40.7371,-73.9902,40.7562,-73.9901,casual
R90401142,electric_bike,2026-08-19 09:31:02,2026-08-19 09:44:11,Lexington Ave & E 63 St,5734.15,W 41 St & 8 Ave,6419.19,40.7642,-73.9660,40.7562,-73.9901,casual
R90401151,electric_bike,2026-08-19 09:31:52,2026-08-19 09:35:37,Broadway & E 14 St,6115.16,University Pl & E 14 St,5183.03,40.7345,-73.9906,40.7349,-73.9922,member
R90401134,classic_bike,2026-08-19 09:37:23,2026-08-19 09:55:58,lafayette st & e 8 st,5906.08,W 41 St and 8 Ave,6419.19,40.7302,-73.9911,40.7562,-73.9901,member
R90401135,classic_bike,2026-08-19 09:41:08,2026-08-19 09:49:09,E 7 St & Avenue A,5428.06,Broadway & E 14 St,6115.16,40.7263,-73.9838,40.7345,-73.9906,member
R90401138,classic_bike,2026-08-19 09:42:19,2026-08-19 09:57:35,E 17 St & Broadway,5307.10,W 41 St & 8 Ave,254,40.7371,-73.9902,40.7562,-73.9901,casual
R90401136,classic_bike,2026-08-19 09:42:57,2026-08-19 09:57:19,University Pl & E 14 St,5183.03,Pershing Square North,6711.03,40.7349,-73.9922,40.7518,-73.9778,member
R90401127,classic_bike,2026-08-19 09:43:50,2026-08-19 09:49:46,Broadway & W 41 St,6732.19,W 45 St & 6 Ave,6785.05,40.7553,-73.9868,40.7566,-73.9826,member
R90401121,classic_bike,2026-08-19 09:43:51,2026-08-19 10:06:38,Carmine St & 6 Ave,6650.03,E 47 St & Park Ave,6462.07,40.7303,-74.0022,40.7550,-73.9750,casual
R90401131,classic_bike,2026-08-19 09:46:47,,Lexington Ave & E 63 St,5734.15,,,40.7642,-73.9660,,,casual
R90401113,classic_bike,2026-08-19 09:48:05,2026-08-19 09:54:28,University Pl & E 14 St,5183.03,W 21 St & 6 Ave,406,40.7349,-73.9922,40.7417,-73.9942,casual
R90401113,classic_bike,2026-08-19 09:48:05,2026-08-19 09:54:28,University Pl & E 14 St,5183.03,W 21 St & 6 Ave,406,40.7349,-73.9922,40.7417,-73.9942,casual
R90401133,classic_bike,2026-08-19 09:49:50,2026-08-19 10:09:36,W 33 St & 7 Ave,6594.06,Cleveland Pl & Spring St,6679.12,40.7502,-73.9908,40.7220,-73.9973,casual
R90401140,classic_bike,2026-08-19 09:51:33,2026-08-19 10:07:29,Broadway & E 14 St,6115.16,6 Ave & W 33 St,5431.02,40.7345,-73.9906,40.7490,-73.9880,member
R90401122,electric_bike,2026-08-19 09:55:06,2026-08-19 10:10:33,E 72 St and York Ave,6000.10,E 47 St & Park Ave,6462.07,40.7660,-73.9535,40.7550,-73.9750,member
R90401119,classic_bike,2026-08-19 09:56:54,2026-08-19 10:05:49,Lafayette St & E 8 St,5906.08,W 21 St & 6 Ave,6173.11,40.7302,-73.9911,40.7417,-73.9942,member
R90401124,classic_bike,2026-08-19 09:58:07,2026-08-19 10:07:15,e 7 st & avenue a,5428.06,University Pl & E 14 St,5183.03,40.7263,-73.9838,40.7349,-73.9922,member
R90401162,classic_bike,2026-08-19 10:00:03,2026-08-19 10:09:25,W 21 St & 6 Ave,406,8 Ave & W 31 St,6359.12,40.7417,-73.9942,40.7505,-73.9947,member
R90401162,classic_bike,2026-08-19 10:00:03,2026-08-19 10:09:25,W 21 St & 6 Ave,406,8 Ave & W 31 St,6359.12,40.7417,-73.9942,40.7505,-73.9947,member
R90401161,classic_bike,2026-08-19 10:14:31,2026-08-19 10:23:17,1 Ave & E 68 St,6056.19,E 75 St & 3 Ave,6186.15,40.7651,-73.9582,40.7714,-73.9573,member
R90401167,classic_bike,2026-08-19 10:19:44,2026-08-19 10:27:27,Broadway & Battery Pl,6881.14,Vesey Pl & River Terrace,6741.09,40.7045,-74.0136,40.7153,-74.0163,member
R90401166,electric_bike,2026-08-19 10:20:20,2026-08-19 10:25:37,W 17 St & 8 Ave,5891.11,8 Ave & W 31 St,6359.12,40.7418,-74.0015,40.7505,-73.9947,member
R90401166,electric_bike,2026-08-19 10:20:20,2026-08-19 10:25:37,W 17 St & 8 Ave,5891.11,8 Ave & W 31 St,6359.12,40.7418,-74.0015,40.7505,-73.9947,member
R90401156,classic_bike,2026-08-19 10:27:19,2026-08-19 10:34:58,Lafayette St & E 8 St,5906.08,Carmine St & 6 Ave,6650.03,40.7302,-73.9911,40.7303,-74.0022,member
R90401153,electric_bike,2026-08-19 10:28:39,2026-08-19 10:36:43,Broadway & W 41 St,241,W 26 St & 8 Ave,6253.07,40.7553,-73.9868,40.7472,-73.9973,member
R90401159,classic_bike,2026-08-19 10:29:06,2026-08-19 10:38:39,W 41 St & 8 Ave,6419.19,Pershing Square North,6711.03,40.7562,-73.9901,40.7518,-73.9778,member
R90401164,classic_bike,2026-08-19 10:38:10,2026-08-19 10:53:51,Carmine St & 6 Ave,6650.03,South End Ave & Liberty St,6060.05,40.7303,-74.0022,40.7112,-74.0158,casual
R90401163,classic_bike,2026-08-19 10:39:11,2026-08-19 10:42:26,University Pl & E 14 St,5183.03,E 17 St & Broadway,5307.10,40.7349,-73.9922,40.7371,-73.9902,member
R90401154,classic_bike,2026-08-19 10:39:12,2026-08-19 10:48:02,W 41 St & 8 Ave,6419.19,Pershing Square North,6711.03,40.7562,-73.9901,40.7518,-73.9778,member
R90401158,classic_bike,2026-08-19 10:45:03,2026-08-19 10:55:26,Vesey Pl & River Terrace,6741.09,Broadway & Battery Pl,6881.14,40.7153,-74.0163,40.7045,-74.0136,member
R90401160,electric_bike,2026-08-19 10:52:04,2026-08-19 11:12:06,W 17 St & 8 Ave,5891.11,Broadway & Battery Pl,6881.14,40.7418,-74.0015,40.7045,-74.0136,member
R90401157,classic_bike,2026-08-19 10:53:43,2026-08-19 11:08:09,E 75 St & 3 Ave,6186.15,E 47 St & Park Ave,6462.07,40.7714,-73.9573,40.7550,-73.9750,member
R90401165,electric_bike,2026-08-19 10:54:03,2026-08-19 11:00:15,E 75 St & 3 Ave,6186.15,E 72 St & York Ave,6000.10,40.7714,-73.9573,40.7660,-73.9535,casual
R90401155,classic_bike,2026-08-19 10:54:42,2026-08-19 11:01:27,Vesey Pl & River Terrace,6741.09,South End Ave & Liberty St,6060.05,40.7153,-74.0163,40.7112,-74.0158,member
R90401177,classic_bike,2026-08-19 11:02:00,2026-08-19 11:11:52,Cleveland Pl & Spring St,6679.12,West St & Chambers St,6917.09,40.7220,-73.9973,40.7175,-74.0132,member
R90401170,classic_bike,2026-08-19 11:02:39,2026-08-19 11:12:44,w 17 st & 8 ave,289,University Pl & E 14 St,5183.03,40.7418,-74.0015,40.7349,-73.9922,member
R90401178,electric_bike,2026-08-19 11:05:50,2026-08-19 11:15:30,Pershing Square North,6711.03,W 41 St & 8 Ave,6419.19,40.7518,-73.9778,40.7562,-73.9901,member
R90401176,classic_bike,2026-08-19 11:13:37,2026-08-19 11:25:56,W 45 St & 6 Ave,6785.05,Lexington Ave & E 63 St,5734.15,40.7566,-73.9826,40.7642,-73.9660,member
R90401180,electric_bike,2026-08-19 11:22:59,2026-08-19 11:29:44,E 75 St & 3 Ave ,6186.15,Lexington Ave & E 63 St,5734.15,40.7714,-73.9573,40.7642,-73.9660,member
R90401169,classic_bike,2026-08-19 11:30:34,2026-08-19 11:42:55,W 17 St & 8 Ave,5891.11,8 Ave & W 31 St,6359.12,40.7418,-74.0015,40.7505,-73.9947,member
R90401179,electric_bike,2026-08-19 11:37:49,2026-08-19 11:42:36,Carmine St & 6 Ave,6650.03,Christopher St & Greenwich St,6202.07,40.7303,-74.0022,40.7329,-74.0071,casual
R90401174,classic_bike,2026-08-19 11:40:08,2026-08-19 11:47:29,W 33 St & 7 Ave,6594.06,w 21 st & 6 ave,6173.11,40.7502,-73.9908,40.7417,-73.9942,member
R90401172,classic_bike,2026-08-19 11:44:17,2026-08-19 12:08:13,e 47 st & park ave,6462.07,Carmine  St & 6 Ave,6650.03,40.7550,-73.9750,40.7303,-74.0022,member
R90401175,classic_bike,2026-08-19 11:47:48,2026-08-19 12:09:08,W 41 St & 8 Ave,6419.19,University Pl & E 14 St,5183.03,40.7562,-73.9901,40.7349,-73.9922,member
R90401168,electric_bike,2026-08-19 11:51:30,2026-08-19 11:59:28,8 ave & w 31 st,6359.12,W 17 St & 8 Ave,5891.11,40.7505,-73.9947,40.7418,-74.0015,member
R90401171,classic_bike,2026-08-19 11:51:34,2026-08-19 11:54:19,Broadway & E 14 St,6115.16,University Pl & E 14 St,5183.03,40.7345,-73.9906,40.7349,-73.9922,member
R90401173,electric_bike,2026-08-19 11:57:59,,South End Ave & Liberty St ,6060.05,,,40.7112,-74.0158,,,member
R90401185,classic_bike,2026-08-19 12:01:01,2026-08-19 12:15:49,Broadway & E 14 St,6115.16,E 43 St & Vanderbilt Ave,6741.16,40.7345,-73.9906,40.7530,-73.9774,member
R90401198,classic_bike,2026-08-19 12:06:12,2026-08-19 12:16:11,Christopher  St & Greenwich St,6202.07,Broadway & E 14 St,514,40.7329,-74.0071,40.7345,-73.9906,member
R90401181,classic_bike,2026-08-19 12:09:15,2026-08-19 12:15:45,W 33 St & 7 Ave,6594.06,Broadway & W 41 St,6732.19,40.7502,-73.9908,40.7553,-73.9868,member
R90401199,classic_bike,2026-08-19 12:13:10,2026-08-19 12:21:17,Pershing Square North,6711.03,W 33 St & 7 Ave,455,40.7518,-73.9778,40.7502,-73.9908,casual
R90401182,electric_bike,2026-08-19 12:13:47,2026-08-19 12:19:17,W 45 St & 6 Ave,6785.05,Broadway & W 41 St,6732.19,40.7566,-73.9826,40.7553,-73.9868,casual
R90401189,classic_bike,2026-08-19 12:17:06,2026-08-19 12:25:51,8 Ave & W 31 St,6359.12,E 43 St & Vanderbilt Ave,6741.16,40.7505,-73.9947,40.7530,-73.9774,member
R90401187,classic_bike,2026-08-19 12:18:15,2026-08-19 12:21:43,Broadway & W 41 St,6732.19,W 41 St & 8 Ave,6419.19,40.7553,-73.9868,40.7562,-73.9901,member
R90401201,electric_bike,2026-08-19 12:23:28,2026-08-19 12:31:50,Pershing Square North,6711.03,W 41 St & 8 Ave,6419.19,40.7518,-73.9778,40.7562,-73.9901,member
R90401197,electric_bike,2026-08-19 12:27:50,2026-08-19 12:34:17,W 41 St & 8 Ave,6419.19,w 45 st & 6 ave,6785.05,40.7562,-73.9901,40.7566,-73.9826,member
R90401184,classic_bike,2026-08-19 12:30:11,2026-08-19 12:37:37,Lafayette St & E 8 St,5906.08,Broadway & E 14 St,6115.16,40.7302,-73.9911,40.7345,-73.9906,member
R90401183,classic_bike,2026-08-19 12:31:18,2026-08-19 12:41:09,W 20 St & 11 Ave,5160.04,W 33 St & 7 Ave,6594.06,40.7465,-74.0077,40.7502,-73.9908,member
R90401193,classic_bike,2026-08-19 12:36:14,2026-08-19 12:46:07,Pershing Square North,6711.03,W 41 St & 8 Ave,6419.19,40.7518,-73.9778,40.7562,-73.9901,member
R90401202,classic_bike,2026-08-19 12:37:05,2026-08-19 12:47:05,Broadway & W 41 St,6732.19,W 21 St & 6 Ave,6173.11,40.7553,-73.9868,40.7417,-73.9942,casual
R90401186,docked_bike,2026-08-19 12:38:01,2026-08-19 12:50:26,Broadway & E 14 St,514,Cleveland Pl & Spring St,6679.12,40.7345,-73.9906,40.7220,-73.9973,member
R90401194,electric_bike,2026-08-19 12:41:46,2026-08-19 12:43:53,University Pl & E 14 St,5183.03,Broadway & E 14 St,6115.16,40.7349,-73.9922,40.7345,-73.9906,casual
R90401192,electric_bike,2026-08-19 12:42:32,2026-08-19 12:59:09,Christopher St & Greenwich St,6202.07,w 33 st & 7 ave,6594.06,40.7329,-74.0071,40.7502,-73.9908,member
R90401200,classic_bike,2026-08-19 12:45:07,2026-08-19 12:53:08,w 33 st & 7 ave,6594.06,Pershing Square North,6711.03,40.7502,-73.9908,40.7518,-73.9778,member
R90401191,electric_bike,2026-08-19 12:45:46,2026-08-19 12:50:52,lafayette st & e 8 st,5906.08,University Pl & E 14 St,5183.03,40.7302,-73.9911,40.7349,-73.9922,member
R90401188,electric_bike,2026-08-19 12:46:05,2026-08-19 12:52:46,W 33 St & 7 Ave,6594.06,W 45 St & 6 Ave,6785.05,40.7502,-73.9908,40.7566,-73.9826,member
R90401196,classic_bike,2026-08-19 12:47:53,2026-08-19 13:06:24,Vesey Pl & River Terrace,6741.09,university pl & e 14 st,5183.03,40.7153,-74.0163,40.7349,-73.9922,casual
R90401195,classic_bike,2026-08-19 12:48:13,2026-08-19 13:00:07,W 33 St & 7 Ave,6594.06,E 47 St & Park Ave,6462.07,40.7502,-73.9908,40.7550,-73.9750,casual
R90401190,electric_bike,2026-08-19 12:57:04,2026-08-19 13:04:03,Cleveland Pl & Spring St,6679.12,Lafayette  St & E 8 St,5906.08,40.7220,-73.9973,40.7302,-73.9911,member
R90401205,electric_bike,2026-08-19 13:05:03,2026-08-19 13:15:15,9 Ave & W 22 St,6088.11,Broadway & E 14 St,6115.16,40.7455,-74.0019,40.7345,-73.9906,member
R90401218,classic_bike,2026-08-19 13:05:36,2026-08-19 13:12:02,W 33 St & 7 Ave,6594.06,W 21 St & 6 Ave,6173.11,40.7502,-73.9908,40.7417,-73.9942,member
R90401214,classic_bike,2026-08-19 13:06:00,2026-08-19 13:19:54,W 33 St & 7 Ave,6594.06,Christopher St & Greenwich St,499,40.7502,-73.9908,40.7329,-74.0071,member
R90401221,electric_bike,2026-08-19 13:06:24,2026-08-19 13:13:37,W 20 St & 11 Ave,5160.04,W 17 St & 8 Ave,5891.11,40.7465,-74.0077,40.7418,-74.0015,casual
R90401225,classic_bike,2026-08-19 13:06:28,2026-08-19 13:13:55,W 33 St & 7 Ave,6594.06,W 26 St & 8 Ave,6253.07,40.7502,-73.9908,40.7472,-73.9973,member
R90401209,classic_bike,2026-08-19 13:08:02,2026-08-19 13:15:51,Lexington Ave & E 63 St,5734.15,E 75 St & 3 Ave,6186.15,40.7642,-73.9660,40.7714,-73.9573,casual
R90401206,classic_bike,2026-08-19 13:09:44,2026-08-19 13:28:31,W 41 St & 8 Ave,6419.19,1 Ave & E 68 St,6056.19,40.7562,-73.9901,40.7651,-73.9582,casual
R90401216,classic_bike,2026-08-19 13:12:16,2026-08-19 13:14:04,E 17 St & Broadway,5307.10,University Pl & E 14 St,5183.03,40.7371,-73.9902,40.7349,-73.9922,member
R90401203,electric_bike,2026-08-19 13:13:18,2026-08-19 13:21:52,W 20 St & 11 Ave,5160.04,E 17 St & Broadway,5307.10,40.7465,-74.0077,40.7371,-73.9902,casual
R90401210,classic_bike,2026-08-19 13:14:34,2026-08-19 13:24:43,8 Ave & W 31 St,475,Broadway & W 41 St,6732.19,40.7505,-73.9947,40.7553,-73.9868,member
R90401219,electric_bike,2026-08-19 13:21:55,2026-08-19 13:37:16,9 Ave & W 22 St,339,Lexington Ave & E 63 St,5734.15,40.7455,-74.0019,40.7642,-73.9660,casual
R90401211,classic_bike,2026-08-19 13:25:58,2026-08-19 13:32:09,Broadway & W 41 St,6732.19,W 45 St & 6 Ave,6785.05,40.7553,-73.9868,40.7566,-73.9826,member
R90401215,classic_bike,2026-08-19 13:31:35,2026-08-19 13:38:19,Lafayette St & E 8 St,5906.08,University Pl & E 14 St,5183.03,40.7302,-73.9911,40.7349,-73.9922,member
R90401220,classic_bike,2026-08-19 13:38:15,2026-08-19 13:42:38,W 21 St & 6 Ave,6173.11,W 26 St & 8 Ave,6253.07,40.7417,-73.9942,40.7472,-73.9973,casual
R90401204,classic_bike,2026-08-19 13:38:52,2026-08-19 13:48:03,W 33 St & 7 Ave,6594.06,Pershing Square North,6711.03,40.7502,-73.9908,40.7518,-73.9778,member
R90401224,classic_bike,2026-08-19 13:39:27,2026-08-19 14:01:24,Carmine St & 6 Ave,6650.03,Broadway & W 41 St,6732.19,40.7303,-74.0022,40.7553,-73.9868,casual
R90401213,classic_bike,2026-08-19 13:41:22,2026-08-19 13:49:21,W 45 St & 6 Ave,6785.05,W 33 St & 7 Ave,6594.06,40.7566,-73.9826,40.7502,-73.9908,member
R90401222,classic_bike,2026-08-19 13:42:10,2026-08-19 13:44:46,Pershing Square North,6711.03,E 43 St & Vanderbilt Ave,6741.16,40.7518,-73.9778,40.7530,-73.9774,member
R90401212,classic_bike,2026-08-19 13:43:47,2026-08-19 13:56:24,W 33 St & 7 Ave,6594.06,e 47 st & park ave,6462.07,40.7502,-73.9908,40.7550,-73.9750,member
R90401208,docked_bike,2026-08-19 13:44:49,2026-08-19 13:51:55,W 33 St & 7 Ave,6594.06,6 Ave & W 33 St,5431.02,40.7502,-73.9908,40.7490,-73.9880,casual
R90401223,electric_bike,2026-08-19 13:54:21,2026-08-19 14:03:13,Lexington Ave & E 63 St,5734.15,E 72 St & York Ave,6000.10,40.7642,-73.9660,40.7660,-73.9535,member
R90401217,classic_bike,2026-08-19 13:55:47,2026-08-19 14:09:41,West St & Chambers St,379,Lafayette St & E 8 St,5906.08,40.7175,-74.0132,40.7302,-73.9911,member
R90401207,classic_bike,2026-08-19 13:56:00,2026-08-19 14:06:49,W 21 St & 6 Ave,6173.11,Lafayette St & E 8 St,5906.08,40.7417,-73.9942,40.7302,-73.9911,casual
R90401234,classic_bike,2026-08-19 14:01:57,2026-08-19 14:10:29,9 Ave & W 22 St,6088.11,Broadway & E 14 St,6115.16,40.7455,-74.0019,40.7345,-73.9906,casual
R90401234,classic_bike,2026-08-19 14:01:57,2026-08-19 14:10:29,9 Ave & W 22 St,6088.11,Broadway & E 14 St,6115.16,40.7455,-74.0019,40.7345,-73.9906,casual
R90401232,classic_bike,2026-08-19 14:03:31,2026-08-19 14:14:24,Lexington Ave & E 63 St,5734.15,Pershing Square North,301,40.7642,-73.9660,40.7518,-73.9778,casual
R90401231,classic_bike,2026-08-19 14:04:48,2026-08-19 14:13:15,6 Ave & W 33 St,5431.02,Pershing Square North,6711.03,40.7490,-73.9880,40.7518,-73.9778,member
R90401226,classic_bike,2026-08-19 14:06:20,2026-08-19 14:20:04,Broadway & E 14 St,6115.16,Broadway & W 41 St,6732.19,40.7345,-73.9906,40.7553,-73.9868,member
R90401242,classic_bike,2026-08-19 14:22:09,2026-08-19 14:57:19,university pl & e 14 st,5183.03,E 75 St & 3 Ave,6186.15,40.7349,-73.9922,40.7714,-73.9573,casual
R90401233,electric_bike,2026-08-19 14:25:29,2026-08-19 14:44:26,South End Ave & Liberty St,6060.05,Carmine St & 6 Ave,6650.03,40.7112,-74.0158,40.7303,-74.0022,casual
R90401236,classic_bike,2026-08-19 14:30:28,2026-08-19 14:36:05,Christopher St & Greenwich St,6202.07,Carmine  St & 6 Ave,6650.03,40.7329,-74.0071,40.7303,-74.0022,member
R90401237,classic_bike,2026-08-19 14:32:15,2026-08-19 14:37:55,e 72 st & york ave,348,E 75 St & 3 Ave,6186.15,40.7660,-73.9535,40.7714,-73.9573,member
R90401239,classic_bike,2026-08-19 14:35:46,2026-08-19 14:44:02,E 7 St & Avenue A,5428.06,University Pl & E 14 St,5183.03,40.7263,-73.9838,40.7349,-73.9922,casual
R90401228,electric_bike,2026-08-19 14:36:25,2026-08-19 14:44:44,8 Ave & W 31 St,6359.12,Broadway & W 41 St,6732.19,40.7505,-73.9947,40.7553,-73.9868,member
R90401229,electric_bike,2026-08-19 14:43:26,2026-08-19 14:50:10,W 20 St & 11 Ave,5160.04,W 17 St & 8 Ave,5891.11,40.7465,-74.0077,40.7418,-74.0015,member
R90401240,classic_bike,2026-08-19 14:47:55,2026-08-19 14:54:16,E  43 St & Vanderbilt Ave,6741.16,Pershing Square North ,6711.03,40.7530,-73.9774,40.7518,-73.9778,casual
R90401230,electric_bike,2026-08-19 14:51:24,2026-08-19 14:55:13,Lafayette St & E 8 St,5906.08,Carmine St & 6 Ave,6650.03,40.7302,-73.9911,40.7303,-74.0022,member
R90401230,electric_bike,2026-08-19 14:51:24,2026-08-19 14:55:13,Lafayette St & E 8 St,5906.08,Carmine St & 6 Ave,6650.03,40.7302,-73.9911,40.7303,-74.0022,member
R90401241,classic_bike,2026-08-19 14:51:30,2026-08-19 14:56:28,8 Ave & W 31 St,6359.12,9 Ave & W 22 St,6088.11,40.7505,-73.9947,40.7455,-74.0019,member
R90401235,classic_bike,2026-08-19 14:53:05,2026-08-19 15:07:34,Lexington Ave & E 63 St,5734.15,W 41 St & 8 Ave,6419.19,40.7642,-73.9660,40.7562,-73.9901,member
R90401227,classic_bike,2026-08-19 14:55:10,2026-08-19 15:11:21,w 17 st & 8 ave,5891.11,Pershing Square North,6711.03,40.7418,-74.0015,40.7518,-73.9778,member
R90401238,electric_bike,2026-08-19 14:58:03,2026-08-19 15:11:54,Lafayette St & E 8 St,5906.08,W  26 St & 8 Ave,6253.07,40.7302,-73.9911,40.7472,-73.9973,member
R90401246,classic_bike,2026-08-19 15:00:13,2026-08-19 15:09:35,8 Ave & W 31 St,475,W 21 St & 6 Ave,6173.11,40.7505,-73.9947,40.7417,-73.9942,casual
R90401257,classic_bike,2026-08-19 15:05:13,2026-08-19 15:17:19,Lafayette St & E 8 St,5906.08,W 26 St & 8 Ave,6253.07,40.7302,-73.9911,40.7472,-73.9973,casual
R90401260,electric_bike,2026-08-19 15:09:49,2026-08-19 15:13:44,W 21 St & 6 Ave,6173.11,W 26 St & 8 Ave,6253.07,40.7417,-73.9942,40.7472,-73.9973,casual
R90401245,classic_bike,2026-08-19 15:11:26,2026-08-19 15:25:40,W 20 St & 11 Ave ,5160.04,W 33 St & 7 Ave,6594.06,40.7465,-74.0077,40.7502,-73.9908,casual
R90401256,classic_bike,2026-08-19 15:12:11,2026-08-19 15:18:58,Carmine St & 6 Ave,6650.03,university pl & e 14 st,5183.03,40.7303,-74.0022,40.7349,-73.9922,member
R90401249,classic_bike,2026-08-19 15:12:26,2026-08-19 15:30:18,W 41 St & 8 Ave,6419.19,1 Ave & E 68 St,6056.19,40.7562,-73.9901,40.7651,-73.9582,member
R90401264,classic_bike,2026-08-19 15:12:29,2026-08-19 15:16:31,Broadway & W 41 St,6732.19,6 Ave & W 33 St ,5431.02,40.7553,-73.9868,40.7490,-73.9880,casual
R90401262,classic_bike,2026-08-19 15:12:35,2026-08-19 15:16:05,E 43 St & Vanderbilt Ave,6741.16,Pershing Square North,6711.03,40.7530,-73.9774,40.7518,-73.9778,member
R90401253,electric_bike,2026-08-19 15:13:01,2026-08-19 15:19:34,8 Ave & W 31 St,6359.12,Broadway & W 41 St,6732.19,40.7505,-73.9947,40.7553,-73.9868,casual
R90401261,electric_bike,2026-08-19 15:14:41,2026-08-19 15:18:52,W 26 St & 8 Ave,6253.07,9 Ave & W 22 St,6088.11,40.7472,-73.9973,40.7455,-74.0019,member
R90401254,electric_bike,2026-08-19 15:15:13,2026-08-19 15:24:00,E 7 St & Avenue A,5428.06,Cleveland Pl & Spring St,6679.12,40.7263,-73.9838,40.7220,-73.9973,member
R90401252,classic_bike,2026-08-19 15:20:17,2026-08-19 15:26:37,W 17 St & 8 Ave,5891.11,9 Ave & W 22 St,6088.11,40.7418,-74.0015,40.7455,-74.0019,member
R90401259,electric_bike,2026-08-19 15:22:48,2026-08-19 15:32:05,8 Ave & W 31 St,6359.12,W 20 St & 11 Ave,5160.04,40.7505,-73.9947,40.7465,-74.0077,casual
R90401244,classic_bike,2026-08-19 15:23:34,2026-08-19 15:31:40,W 17 St & 8 Ave,5891.11,8 Ave & W 31 St,6359.12,40.7418,-74.0015,40.7505,-73.9947,member
R90401247,electric_bike,2026-08-19 15:32:35,2026-08-19 15:36:51,W 41 St & 8 Ave,6419.19,Broadway & W 41 St,6732.19,40.7562,-73.9901,40.7553,-73.9868,member
R90401248,classic_bike,2026-08-19 15:32:46,2026-08-19 15:44:47,W 21 St & 6 Ave,6173.11,W 41 St & 8 Ave,6419.19,40.7417,-73.9942,40.7562,-73.9901,member
R90401243,classic_bike,2026-08-19 15:40:58,2026-08-19 15:50:42,E 17 St & Broadway,5307.10,E 7 St & Avenue A,5428.06,40.7371,-73.9902,40.7263,-73.9838,casual
R90401263,electric_bike,2026-08-19 15:44:58,2026-08-19 15:54:00,Cleveland Pl & Spring St,6679.12,E 7 St & Avenue A,5428.06,40.7220,-73.9973,40.7263,-73.9838,member
R90401251,classic_bike,2026-08-19 15:49:36,2026-08-19 15:59:53,E 47 St and Park Ave,6462.07,Broadway & W 41 St,6732.19,40.7550,-73.9750,40.7553,-73.9868,member
R90401255,classic_bike,2026-08-19 15:50:07,2026-08-19 15:56:22,W 21 St & 6 Ave,6173.11,8  Ave & W 31 St,6359.12,40.7417,-73.9942,40.7505,-73.9947,member
R90401258,classic_bike,2026-08-19 15:52:08,2026-08-19 16:03:02,W 33 St & 7 Ave,6594.06,W 17 St & 8 Ave,5891.11,40.7502,-73.9908,40.7418,-74.0015,member
R90401250,electric_bike,2026-08-19 15:57:02,2026-08-19 16:03:44,6 Ave & W 33 St,5431.02,Broadway & W 41 St,6732.19,40.7490,-73.9880,40.7553,-73.9868,member
R90401282,electric_bike,2026-08-19 16:00:27,2026-08-19 16:10:28,e 43 st & vanderbilt ave,6741.16,University Pl & E 14 St,5183.03,40.7530,-73.9774,40.7349,-73.9922,casual
R90401286,classic_bike,2026-08-19 16:04:41,2026-08-19 16:08:56,W 33 St & 7 Ave,6594.06,6 Ave & W 33 St,5431.02,40.7502,-73.9908,40.7490,-73.9880,member
R90401275,classic_bike,2026-08-19 16:06:20,2026-08-19 16:17:00,W 17 St & 8 Ave,5891.11,8 Ave & W 31 St,475,40.7418,-74.0015,40.7505,-73.9947,member
R90401276,classic_bike,2026-08-19 16:07:46,2026-08-19 16:18:27,W  21 St & 6 Ave,6173.11,Pershing Square North,6711.03,40.7417,-73.9942,40.7518,-73.9778,member
R90401269,electric_bike,2026-08-19 16:14:12,2026-08-19 16:23:25,W 17 St & 8 Ave ,5891.11,University Pl & E 14 St,5183.03,40.7418,-74.0015,40.7349,-73.9922,casual
R90401293,electric_bike,2026-08-19 16:16:05,2026-08-19 16:24:17,Cleveland Pl & Spring St ,6679.12,University Pl & E 14 St,5183.03,40.7220,-73.9973,40.7349,-73.9922,member
R90401281,classic_bike,2026-08-19 16:16:07,2026-08-19 16:28:53,W 45 St & 6 Ave,6785.05,9 Ave & W 22 St,6088.11,40.7566,-73.9826,40.7455,-74.0019,casual
R90401273,classic_bike,2026-08-19 16:18:29,2026-08-19 16:25:07,West St & Chambers St,6917.09,Vesey Pl & River Terrace,6741.09,40.7175,-74.0132,40.7153,-74.0163,member
R90401267,classic_bike,2026-08-19 16:23:27,2026-08-19 16:34:29,6 Ave & W 33 St,5431.02,Broadway & E 14 St,6115.16,40.7490,-73.9880,40.7345,-73.9906,member
R90401290,electric_bike,2026-08-19 16:24:58,2026-08-19 16:39:38,Pershing Square North,6711.03,E 72 St & York Ave,6000.10,40.7518,-73.9778,40.7660,-73.9535,member
R90401271,classic_bike,2026-08-19 16:26:34,,Cleveland Pl & Spring St,6679.12,,,40.7220,-73.9973,,,casual
R90401287,classic_bike,2026-08-19 16:27:31,2026-08-19 16:41:52,W 41 St and 8 Ave,6419.19,E 17 St & Broadway,5307.10,40.7562,-73.9901,40.7371,-73.9902,member
R90401272,classic_bike,2026-08-19 16:29:02,2026-08-19 16:38:13,Cleveland Pl & Spring St,6679.12,Lafayette St & E 8 St,5906.08,40.7220,-73.9973,40.7302,-73.9911,member
R90401278,classic_bike,2026-08-19 16:29:20,2026-08-19 16:33:59,W 45 St & 6 Ave,366,W 33 St & 7 Ave,6594.06,40.7566,-73.9826,40.7502,-73.9908,member
R90401280,classic_bike,2026-08-19 16:33:06,2026-08-19 16:35:24,Pershing Square North,6711.03,E 43 St & Vanderbilt Ave,6741.16,40.7518,-73.9778,40.7530,-73.9774,member
R90401265,classic_bike,2026-08-19 16:34:40,2026-08-19 16:40:53,University Pl & E 14 St,5183.03,Broadway & E 14 St,6115.16,40.7349,-73.9922,40.7345,-73.9906,casual
R90401274,electric_bike,2026-08-19 16:35:12,2026-08-19 16:38:25,Pershing Square North,6711.03,E 43 St & Vanderbilt Ave,6741.16,40.7518,-73.9778,40.7530,-73.9774,casual
R90401279,classic_bike,2026-08-19 16:37:46,2026-08-19 16:51:33,W 41 St & 8 Ave,6419.19,E  17 St & Broadway,5307.10,40.7562,-73.9901,40.7371,-73.9902,member
R90401291,classic_bike,2026-08-19 16:38:02,2026-08-19 16:43:36,W 33 St & 7 Ave,6594.06,Broadway & W 41 St,6732.19,40.7502,-73.9908,40.7553,-73.9868,member
R90401277,classic_bike,2026-08-19 16:40:25,,W 45 St & 6 Ave,6785.05,,,40.7566,-73.9826,,,member
R90401266,classic_bike,2026-08-19 16:42:47,2026-08-19 16:49:40,6 Ave & W 33 St,5431.02,W 21 St & 6 Ave,6173.11,40.7490,-73.9880,40.7417,-73.9942,member
R90401283,classic_bike,2026-08-19 16:44:17,2026-08-19 16:54:24,9 Ave & W 22 St,6088.11,broadway & e 14 st,6115.16,40.7455,-74.0019,40.7345,-73.9906,member
R90401270,classic_bike,2026-08-19 16:44:32,2026-08-19 16:53:58,Cleveland Pl & Spring St,6679.12,Lafayette  St & E 8 St,5906.08,40.7220,-73.9973,40.7302,-73.9911,member
R90401284,docked_bike,2026-08-19 16:46:41,2026-08-19 17:06:02,W 41 St & 8 Ave,6419.19,E 7 St & Avenue A,5428.06,40.7562,-73.9901,40.7263,-73.9838,casual
R90401289,classic_bike,2026-08-19 16:50:28,2026-08-19 17:02:49,W  33 St & 7 Ave,6594.06,Christopher St & Greenwich St,6202.07,40.7502,-73.9908,40.7329,-74.0071,member
R90401268,classic_bike,2026-08-19 16:53:20,2026-08-19 17:09:23,South End Ave & Liberty St,6060.05,Carmine St & 6 Ave,6650.03,40.7112,-74.0158,40.7303,-74.0022,member
R90401285,electric_bike,2026-08-19 16:56:32,2026-08-19 17:02:36,W 33 St & 7 Ave,6594.06,Broadway & W 41 St,6732.19,40.7502,-73.9908,40.7553,-73.9868,member
R90401288,classic_bike,2026-08-19 16:58:43,2026-08-19 17:05:21,South End Ave & Liberty St,6060.05,West St & Chambers St,6917.09,40.7112,-74.0158,40.7175,-74.0132,member
R90401292,classic_bike,2026-08-19 16:59:01,2026-08-19 17:18:53,West St & Chambers St,6917.09,W 21 St & 6 Ave ,6173.11,40.7175,-74.0132,40.7417,-73.9942,casual
R90401334,classic_bike,2026-08-19 17:01:45,2026-08-19 17:15:15,Broadway & E 14 St,6115.16,Christopher St & Greenwich St,6202.07,40.7345,-73.9906,40.7329,-74.0071,member
R90401309,classic_bike,2026-08-19 17:02:47,2026-08-19 17:26:42,6 Ave & W 33 St,5431.02,1 Ave & E 68 St,6056.19,40.7490,-73.9880,40.7651,-73.9582,member
R90401296,electric_bike,2026-08-19 17:04:10,2026-08-19 17:13:30,Christopher St & Greenwich St,6202.07,W 20 St & 11 Ave,5160.04,40.7329,-74.0071,40.7465,-74.0077,casual
R90401313,electric_bike,2026-08-19 17:04:36,2026-08-19 17:09:02,Pershing Square North,6711.03,E 43 St & Vanderbilt Ave,6741.16,40.7518,-73.9778,40.7530,-73.9774,member
R90401326,classic_bike,2026-08-19 17:04:47,2026-08-19 17:14:47,West St and Chambers St,6917.09,Christopher St & Greenwich St,6202.07,40.7175,-74.0132,40.7329,-74.0071,casual
R90401294,electric_bike,2026-08-19 17:07:59,2026-08-19 17:14:24,W 45 St & 6 Ave,6785.05,Broadway & W 41 St,6732.19,40.7566,-73.9826,40.7553,-73.9868,casual
R90401328,electric_bike,2026-08-19 17:08:57,2026-08-19 17:12:22,University Pl & E 14 St,5183.03,Broadway & E 14 St,6115.16,40.7349,-73.9922,40.7345,-73.9906,member
R90401308,classic_bike,2026-08-19 17:09:33,2026-08-19 17:19:08,Broadway & E 14 St,6115.16,Carmine St & 6 Ave,6650.03,40.7345,-73.9906,40.7303,-74.0022,casual
R90401327,electric_bike,2026-08-19 17:10:39,2026-08-19 17:16:31,6 Ave & W 33 St,5431.02,W 26 St and 8 Ave,6253.07,40.7490,-73.9880,40.7472,-73.9973,member
R90401305,classic_bike,2026-08-19 17:11:56,2026-08-19 17:17:32,E 17 St & Broadway,5307.10,University Pl & E 14 St,5183.03,40.7371,-73.9902,40.7349,-73.9922,member
R90401325,classic_bike,2026-08-19 17:13:52,2026-08-19 17:19:48,Pershing Square North,6711.03,E 47 St & Park Ave,6462.07,40.7518,-73.9778,40.7550,-73.9750,member
R90401332,classic_bike,2026-08-19 17:14:11,2026-08-19 17:17:59,Vesey Pl & River Terrace,6741.09,west st & chambers st,379,40.7153,-74.0163,40.7175,-74.0132,member
R90401329,classic_bike,2026-08-19 17:14:22,2026-08-19 17:46:48,E 47 St & Park Ave,6462.07,South End Ave & Liberty St,6060.05,40.7550,-73.9750,40.7112,-74.0158,casual
R90401321,classic_bike,2026-08-19 17:14:36,2026-08-19 17:23:57,Pershing Square North,301,W 21 St & 6 Ave,6173.11,40.7518,-73.9778,40.7417,-73.9942,casual
R90401312,classic_bike,2026-08-19 17:16:48,2026-08-19 17:33:40,w 45 st & 6 ave,6785.05,Broadway & E 14 St,6115.16,40.7566,-73.9826,40.7345,-73.9906,member
R90401302,classic_bike,2026-08-19 17:22:22,2026-08-19 17:41:26,West St & Chambers St,6917.09,Lafayette St & E 8 St,568,40.7175,-74.0132,40.7302,-73.9911,casual
R90401304,classic_bike,2026-08-19 17:26:15,2026-08-19 17:34:13,W 21 St & 6 Ave,6173.11,Broadway & E 14 St,6115.16,40.7417,-73.9942,40.7345,-73.9906,member
R90401337,classic_bike,2026-08-19 17:28:08,2026-08-19 17:33:14,West St & Chambers St ,6917.09,Vesey Pl & River Terrace,6741.09,40.7175,-74.0132,40.7153,-74.0163,member
R90401320,classic_bike,2026-08-19 17:29:06,2026-08-19 17:34:35,W 33 St & 7 Ave,6594.06,W 26 St & 8 Ave,6253.07,40.7502,-73.9908,40.7472,-73.9973,member
R90401307,classic_bike,2026-08-19 17:30:18,2026-08-19 17:39:38,8 Ave & W 31 St ,6359.12,W 17 St & 8 Ave,5891.11,40.7505,-73.9947,40.7418,-74.0015,member
R90401324,classic_bike,2026-08-19 17:30:45,2026-08-19 17:43:19,Vesey Pl & River Terrace ,6741.09,Cleveland Pl & Spring St,6679.12,40.7153,-74.0163,40.7220,-73.9973,member
R90401298,electric_bike,2026-08-19 17:33:12,2026-08-19 17:39:40,W 33 St & 7 Ave,6594.06,Pershing Square North,6711.03,40.7502,-73.9908,40.7518,-73.9778,member
R90401319,electric_bike,2026-08-19 17:35:39,2026-08-19 17:53:11,6 Ave & W 33 St,5431.02,1 Ave & E 68 St,6056.19,40.7490,-73.9880,40.7651,-73.9582,casual
R90401300,classic_bike,2026-08-19 17:40:27,2026-08-19 17:58:06,Broadway & W 41 St,6732.19,Broadway & E 14 St,6115.16,40.7553,-73.9868,40.7345,-73.9906,member
R90401335,classic_bike,2026-08-19 17:40:33,2026-08-19 17:54:39,6 Ave & W 33 St,5431.02,Broadway & E 14 St,6115.16,40.7490,-73.9880,40.7345,-73.9906,member
R90401303,electric_bike,2026-08-19 17:45:01,2026-08-19 17:52:34,6 Ave & W 33 St,5431.02,E 43 St & Vanderbilt Ave,6741.16,40.7490,-73.9880,40.7530,-73.9774,casual
R90401316,classic_bike,2026-08-19 17:45:41,2026-08-19 17:51:14,E 43 St & Vanderbilt Ave ,6741.16,Pershing Square North,6711.03,40.7530,-73.9774,40.7518,-73.9778,member
R90401330,electric_bike,2026-08-19 17:46:33,2026-08-19 17:49:16,W 45 St & 6 Ave,6785.05,Broadway & W 41 St,6732.19,40.7566,-73.9826,40.7553,-73.9868,member
R90401317,electric_bike,2026-08-19 17:46:34,2026-08-19 17:53:51,W 41 St and 8 Ave,6419.19,W  45 St & 6 Ave,6785.05,40.7562,-73.9901,40.7566,-73.9826,member
R90401297,classic_bike,2026-08-19 17:47:21,2026-08-19 18:19:27,lexington ave & e 63 st,5734.15,E 7 St & Avenue A,578,40.7642,-73.9660,40.7263,-73.9838,member
R90401299,classic_bike,2026-08-19 17:48:50,2026-08-19 17:54:49,W 17 St & 8 Ave,5891.11,9 Ave & W 22 St,6088.11,40.7418,-74.0015,40.7455,-74.0019,member
R90401301,electric_bike,2026-08-19 17:48:53,2026-08-19 17:53:01,Broadway & W 41 St,6732.19,8 Ave & W 31 St,6359.12,40.7553,-73.9868,40.7505,-73.9947,member
R90401315,classic_bike,2026-08-19 17:49:21,2026-08-19 18:04:39,E 17 St & Broadway,5307.10,E 7 St & Avenue A,5428.06,40.7371,-73.9902,40.7263,-73.9838,member
R90401318,classic_bike,2026-08-19 17:50:04,2026-08-19 18:04:15,8 Ave & W 31 St,6359.12,E 17 St & Broadway,5307.10,40.7505,-73.9947,40.7371,-73.9902,member
R90401331,docked_bike,2026-08-19 17:50:31,2026-08-19 17:59:19,Broadway & E 14 St,6115.16,8 Ave & W 31 St,475,40.7345,-73.9906,40.7505,-73.9947,member
R90401322,electric_bike,2026-08-19 17:51:22,2026-08-19 17:58:55,W 41 St & 8 Ave,6419.19,Pershing Square North ,6711.03,40.7562,-73.9901,40.7518,-73.9778,casual
R90401322,electric_bike,2026-08-19 17:51:22,2026-08-19 17:58:55,W 41 St & 8 Ave,6419.19,Pershing Square North ,6711.03,40.7562,-73.9901,40.7518,-73.9778,casual
R90401306,classic_bike,2026-08-19 17:51:47,,Lafayette St & E 8 St,5906.08,,,40.7302,-73.9911,,,member
R90401333,classic_bike,2026-08-19 17:52:46,2026-08-19 18:05:36,W 41 St & 8 Ave,6419.19,Broadway & E 14 St,6115.16,40.7562,-73.9901,40.7345,-73.9906,member
R90401310,classic_bike,2026-08-19 17:54:51,2026-08-19 18:12:03,Cleveland Pl & Spring St ,6679.12,9 Ave & W 22 St,6088.11,40.7220,-73.9973,40.7455,-74.0019,member
R90401323,classic_bike,2026-08-19 17:54:58,,W 45 St & 6 Ave,6785.05,,,40.7566,-73.9826,,,casual
R90401295,electric_bike,2026-08-19 17:55:26,2026-08-19 18:02:46,6 Ave & W 33 St,5431.02,E 17 St & Broadway,5307.10,40.7490,-73.9880,40.7371,-73.9902,member
R90401314,electric_bike,2026-08-19 17:55:54,2026-08-19 18:18:38,E 43 St & Vanderbilt Ave,6741.16,Christopher St & Greenwich St,499,40.7530,-73.9774,40.7329,-74.0071,member
R90401336,classic_bike,2026-08-19 17:58:43,2026-08-19 18:00:41,6 Ave & W 33 St,5431.02,W 33 St & 7 Ave,6594.06,40.7490,-73.9880,40.7502,-73.9908,member
R90401311,electric_bike,2026-08-19 17:59:35,2026-08-19 18:13:26,E 43 St & Vanderbilt Ave,6741.16,Broadway & E 14 St,6115.16,40.7530,-73.9774,40.7345,-73.9906,casual
R90401372,electric_bike,2026-08-19 18:00:58,2026-08-19 18:13:25,broadway & w 41 st,6732.19,W 20 St & 11 Ave,5160.04,40.7553,-73.9868,40.7465,-74.0077,member
R90401346,classic_bike,2026-08-19 18:01:05,2026-08-19 18:09:04,8 Ave & W 31 St,6359.12,Broadway & W 41 St,6732.19,40.7505,-73.9947,40.7553,-73.9868,member
R90401378,classic_bike,2026-08-19 18:01:34,2026-08-19 18:20:30,W 41 St & 8 Ave,6419.19,Broadway & E 14 St,6115.16,40.7562,-73.9901,40.7345,-73.9906,member
R90401345,classic_bike,2026-08-19 18:01:40,2026-08-19 18:06:48,W 41 St & 8 Ave,6419.19,W 45 St & 6 Ave,6785.05,40.7562,-73.9901,40.7566,-73.9826,member
R90401352,classic_bike,2026-08-19 18:01:42,2026-08-19 18:18:23,Broadway & W 41 St ,6732.19,Broadway & E 14 St,6115.16,40.7553,-73.9868,40.7345,-73.9906,member
R90401348,classic_bike,2026-08-19 18:04:22,2026-08-19 18:11:46,W 41 St & 8 Ave,6419.19,W 45 St & 6 Ave ,6785.05,40.7562,-73.9901,40.7566,-73.9826,member
R90401344,classic_bike,2026-08-19 18:08:42,2026-08-19 18:15:32,W 20 St & 11 Ave,5160.04,W 17 St & 8 Ave,5891.11,40.7465,-74.0077,40.7418,-74.0015,member
R90401379,classic_bike,2026-08-19 18:12:21,2026-08-19 18:27:49,Vesey Pl & River Terrace,6741.09,Carmine St & 6 Ave,6650.03,40.7153,-74.0163,40.7303,-74.0022,member
R90401342,electric_bike,2026-08-19 18:13:20,2026-08-19 18:20:07,1 Ave & E 68 St,6056.19,E 72 St & York Ave,6000.10,40.7651,-73.9582,40.7660,-73.9535,member
R90401356,classic_bike,2026-08-19 18:14:15,2026-08-19 18:28:54,9 Ave & W 22 St ,6088.11,Broadway & E 14 St,6115.16,40.7455,-74.0019,40.7345,-73.9906,member
R90401339,classic_bike,2026-08-19 18:15:06,,Broadway & E 14 St,6115.16,,,40.7345,-73.9906,,,member
R90401363,electric_bike,2026-08-19 18:15:36,2026-08-22 13:15:36,W 33 St & 7 Ave,6594.06,W 20 St & 11 Ave,5160.04,40.7502,-73.9908,40.7465,-74.0077,member
R90401358,classic_bike,2026-08-19 18:15:52,2026-08-19 18:27:02,W 45 St & 6 Ave,6785.05,Lexington Ave & E 63 St,5734.15,40.7566,-73.9826,40.7642,-73.9660,casual
R90401375,classic_bike,2026-08-19 18:17:38,2026-08-19 18:25:39,Broadway & E 14 St,6115.16,university pl & e 14 st,5183.03,40.7345,-73.9906,40.7349,-73.9922,member
R90401377,classic_bike,2026-08-19 18:18:17,2026-08-19 18:32:07,West St & Chambers St,6917.09,Lafayette St & E 8 St,5906.08,40.7175,-74.0132,40.7302,-73.9911,casual
R90401368,classic_bike,2026-08-19 18:19:22,2026-08-19 18:46:02,broadway & battery pl,6881.14,University Pl & E 14 St,5183.03,40.7045,-74.0136,40.7349,-73.9922,member
R90401357,classic_bike,2026-08-19 18:20:47,2026-08-19 18:26:29,university pl & e 14 st,5183.03,W 21 St and 6 Ave,6173.11,40.7349,-73.9922,40.7417,-73.9942,member
R90401374,classic_bike,2026-08-19 18:21:40,2026-08-19 18:30:00,W 20 St & 11 Ave,5160.04,W 17 St & 8 Ave ,5891.11,40.7465,-74.0077,40.7418,-74.0015,member
R90401343,electric_bike,2026-08-19 18:21:50,2026-08-19 18:27:38,W 20 St & 11 Ave,5160.04,9 Ave & W 22 St,6088.11,40.7465,-74.0077,40.7455,-74.0019,member
R90401373,classic_bike,2026-08-19 18:21:57,,E 43 St & Vanderbilt Ave,6741.16,,,40.7530,-73.9774,,,member
R90401341,classic_bike,2026-08-19 18:22:31,2026-08-19 18:14:31,8 Ave & W 31 St,6359.12,E 17 St & Broadway,5307.10,40.7505,-73.9947,40.7371,-73.9902,member
R90401371,electric_bike,2026-08-19 18:23:06,2026-08-19 18:36:02,E 47 St & Park Ave,6462.07,E 72 St & York Ave,6000.10,40.7550,-73.9750,40.7660,-73.9535,casual
R90401347,classic_bike,2026-08-19 18:23:59,2026-08-19 18:43:38,South End Ave & Liberty St,6060.05,E 7 St & Avenue A,5428.06,40.7112,-74.0158,40.7263,-73.9838,casual
R90401360,classic_bike,2026-08-19 18:25:10,2026-08-19 18:29:21,Broadway & W 41 St,6732.19,W 33 St & 7 Ave,6594.06,40.7553,-73.9868,40.7502,-73.9908,member
R90401364,electric_bike,2026-08-19 18:29:03,2026-08-19 18:42:04,E 47 St & Park Ave,6462.07,Lafayette St & E 8 St,5906.08,40.7550,-73.9750,40.7302,-73.9911,casual
R90401351,classic_bike,2026-08-19 18:31:02,2026-08-19 18:40:54,6 Ave & W 33 St,5431.02,E 43 St & Vanderbilt Ave,6741.16,40.7490,-73.9880,40.7530,-73.9774,casual
R90401376,classic_bike,2026-08-19 18:35:29,2026-08-19 18:52:15,E 43 St & Vanderbilt Ave,6741.16,E 72 St & York Ave,6000.10,40.7530,-73.9774,40.7660,-73.9535,casual
R90401366,classic_bike,2026-08-19 18:35:58,2026-08-19 18:52:33,Pershing Square North,6711.03,University Pl & E 14 St,5183.03,40.7518,-73.9778,40.7349,-73.9922,member
R90401338,classic_bike,2026-08-19 18:38:40,2026-08-19 18:50:00,W 41 St & 8 Ave,254,E 47 St & Park Ave,6462.07,40.7562,-73.9901,40.7550,-73.9750,member
R90401353,classic_bike,2026-08-19 18:40:06,2026-08-19 18:44:34,broadway & e 14 st,6115.16,University Pl & E 14 St,5183.03,40.7345,-73.9906,40.7349,-73.9922,member
R90401340,classic_bike,2026-08-19 18:41:30,2026-08-19 18:49:08,E 43 St & Vanderbilt Ave,6741.16,6 Ave & W 33 St,5431.02,40.7530,-73.9774,40.7490,-73.9880,member
R90401349,classic_bike,2026-08-19 18:41:38,2026-08-19 18:59:50,Pershing Square North,6711.03,E 72 St & York Ave,6000.10,40.7518,-73.9778,40.7660,-73.9535,member
R90401355,electric_bike,2026-08-19 18:42:39,2026-08-19 18:49:12,Cleveland Pl & Spring St ,6679.12,University Pl & E 14 St,5183.03,40.7220,-73.9973,40.7349,-73.9922,member
R90401367,classic_bike,2026-08-19 18:45:51,2026-08-19 19:05:53,W 45 St & 6 Ave,6785.05,Lafayette St & E 8 St,5906.08,40.7566,-73.9826,40.7302,-73.9911,member
R90401362,classic_bike,2026-08-19 18:48:57,2026-08-19 19:05:33,W 41 St & 8 Ave,6419.19,E 17 St & Broadway,5307.10,40.7562,-73.9901,40.7371,-73.9902,member
R90401361,classic_bike,2026-08-19 18:50:19,2026-08-19 19:02:04,Lexington Ave & E 63 St,5734.15,Pershing Square North,6711.03,40.7642,-73.9660,40.7518,-73.9778,casual
R90401359,classic_bike,2026-08-19 18:54:32,2026-08-19 19:11:45,Vesey Pl & River Terrace ,6741.09,Carmine St and 6 Ave,6650.03,40.7153,-74.0163,40.7303,-74.0022,member
R90401370,classic_bike,2026-08-19 18:56:42,2026-08-19 19:12:27,9 Ave & W 22 St,6088.11,W 45 St & 6 Ave,6785.05,40.7455,-74.0019,40.7566,-73.9826,member
R90401365,classic_bike,2026-08-19 18:57:17,2026-08-19 19:09:17,6 Ave & W 33 St,5431.02,Broadway & E 14 St,6115.16,40.7490,-73.9880,40.7345,-73.9906,casual
R90401369,electric_bike,2026-08-19 18:57:19,2026-08-19 19:11:11,Vesey Pl & River Terrace,6741.09,Carmine St & 6 Ave,6650.03,40.7153,-74.0163,40.7303,-74.0022,member
R90401350,classic_bike,2026-08-19 18:58:12,2026-08-19 19:13:21,W 33 St & 7 Ave,6594.06,University Pl & E 14 St,5183.03,40.7502,-73.9908,40.7349,-73.9922,member
R90401354,classic_bike,2026-08-19 18:58:12,2026-08-19 19:13:42,Broadway & W 41 St,6732.19,University Pl & E 14 St,5183.03,40.7553,-73.9868,40.7349,-73.9922,casual
R90401398,classic_bike,2026-08-19 19:00:58,2026-08-19 19:09:32,9 ave & w 22 st,6088.11,Broadway & E 14 St,6115.16,40.7455,-74.0019,40.7345,-73.9906,member
R90401388,classic_bike,2026-08-19 19:02:43,2026-08-19 19:11:05,Broadway & W 41 St,6732.19,8 Ave & W 31 St,6359.12,40.7553,-73.9868,40.7505,-73.9947,casual
R90401405,electric_bike,2026-08-19 19:03:02,2026-08-19 19:16:27,Vesey Pl & River Terrace,6741.09,University Pl & E 14 St,5183.03,40.7153,-74.0163,40.7349,-73.9922,member
R90401402,classic_bike,2026-08-19 19:03:29,2026-08-19 19:19:43,E 72 St & York Ave,6000.10,E 43 St & Vanderbilt Ave,6741.16,40.7660,-73.9535,40.7530,-73.9774,casual
R90401402,classic_bike,2026-08-19 19:03:29,2026-08-19 19:19:43,E 72 St & York Ave,6000.10,E 43 St & Vanderbilt Ave,6741.16,40.7660,-73.9535,40.7530,-73.9774,casual
R90401393,electric_bike,2026-08-19 19:06:46,2026-08-19 19:19:03,Broadway & W 41 St,6732.19,W 21 St & 6 Ave,6173.11,40.7553,-73.9868,40.7417,-73.9942,member
R90401394,classic_bike,2026-08-19 19:08:55,2026-08-19 19:13:30,6 Ave & W 33 St,5431.02,W 33 St & 7 Ave,6594.06,40.7490,-73.9880,40.7502,-73.9908,member
R90401397,classic_bike,2026-08-19 19:09:02,2026-08-19 19:30:40,Broadway & W 41 St,6732.19,Carmine St & 6 Ave,6650.03,40.7553,-73.9868,40.7303,-74.0022,casual
R90401386,docked_bike,2026-08-19 19:09:15,2026-08-19 19:29:33,W 41 St & 8 Ave,6419.19,Lafayette St & E 8 St,5906.08,40.7562,-73.9901,40.7302,-73.9911,member
R90401408,electric_bike,2026-08-19 19:10:11,2026-08-19 19:14:34,Broadway & W 41 St ,6732.19,W 33 St & 7 Ave,6594.06,40.7553,-73.9868,40.7502,-73.9908,member
R90401381,electric_bike,2026-08-19 19:10:54,2026-08-19 19:17:38,W 41 St & 8 Ave ,6419.19,Pershing Square North,301,40.7562,-73.9901,40.7518,-73.9778,casual
R90401387,electric_bike,2026-08-19 19:12:53,2026-08-19 19:19:44,W 45 St & 6 Ave,6785.05,6 Ave & W 33 St,5431.02,40.7566,-73.9826,40.7490,-73.9880,member
R90401390,classic_bike,2026-08-19 19:15:48,2026-08-19 19:24:47,6 Ave & W 33 St,5431.02,Broadway & W 41 St,6732.19,40.7490,-73.9880,40.7553,-73.9868,member
R90401396,classic_bike,2026-08-19 19:24:12,2026-08-19 19:37:09,vesey pl & river terrace,6741.09,Christopher  St & Greenwich St,6202.07,40.7153,-74.0163,40.7329,-74.0071,casual
R90401401,classic_bike,2026-08-19 19:30:05,2026-08-19 19:31:48,E 43 St & Vanderbilt Ave,590,Pershing Square North,6711.03,40.7530,-73.9774,40.7518,-73.9778,member
R90401400,electric_bike,2026-08-19 19:32:51,2026-08-19 19:40:50,W 17 St & 8 Ave,5891.11,University Pl & E 14 St,5183.03,40.7418,-74.0015,40.7349,-73.9922,member
R90401380,classic_bike,2026-08-19 19:39:22,2026-08-19 20:05:05,Lexington Ave & E 63 St,5734.15,9 Ave & W 22 St,6088.11,40.7642,-73.9660,40.7455,-74.0019,member
R90401395,electric_bike,2026-08-19 19:41:03,2026-08-19 19:59:31,Lafayette St & E 8 St,5906.08,W 41 St & 8 Ave,6419.19,40.7302,-73.9911,40.7562,-73.9901,member
R90401399,classic_bike,2026-08-19 19:42:26,2026-08-19 19:54:34,8 Ave & W 31 St,6359.12,E 17 St & Broadway ,5307.10,40.7505,-73.9947,40.7371,-73.9902,member
R90401391,electric_bike,2026-08-19 19:44:05,2026-08-19 19:58:45,Pershing Square North,6711.03,W 17 St & 8 Ave,5891.11,40.7518,-73.9778,40.7418,-74.0015,member
R90401404,electric_bike,2026-08-19 19:46:30,2026-08-19 19:49:21,Pershing Square North,6711.03,E 43 St & Vanderbilt Ave,6741.16,40.7518,-73.9778,40.7530,-73.9774,member
R90401406,classic_bike,2026-08-19 19:46:56,2026-08-19 20:10:14,6 Ave & W 33 St,5431.02,1 Ave & E 68 St,6056.19,40.7490,-73.9880,40.7651,-73.9582,member
R90401383,classic_bike,2026-08-19 19:47:01,2026-08-19 19:52:18,1 Ave & E 68 St,6056.19,E 72 St & York Ave,6000.10,40.7651,-73.9582,40.7660,-73.9535,member
R90401389,classic_bike,2026-08-19 19:47:31,2026-08-19 19:52:21,W 33 St & 7 Ave,6594.06,6 Ave & W 33 St,532,40.7502,-73.9908,40.7490,-73.9880,member
R90401403,classic_bike,2026-08-19 19:48:35,,South End Ave & Liberty St,6060.05,,,40.7112,-74.0158,,,casual
R90401384,classic_bike,2026-08-19 19:51:06,2026-08-19 19:58:01,Pershing Square North,301,W 41 St & 8 Ave,6419.19,40.7518,-73.9778,40.7562,-73.9901,member
R90401382,classic_bike,2026-08-19 19:53:56,2026-08-19 20:07:11,Broadway & W 41 St,6732.19,Broadway & E 14 St,6115.16,40.7553,-73.9868,40.7345,-73.9906,member
R90401392,classic_bike,2026-08-19 19:54:08,2026-08-19 20:05:03,Broadway & E 14 St,6115.16,9 Ave & W 22 St,6088.11,40.7345,-73.9906,40.7455,-74.0019,casual
R90401385,classic_bike,2026-08-19 19:54:25,2026-08-19 20:19:00,West St & Chambers St,6917.09,W 33 St & 7 Ave,6594.06,40.7175,-74.0132,40.7502,-73.9908,member
R90401407,electric_bike,2026-08-19 19:55:51,2026-08-19 20:09:45,E 47 St & Park Ave ,6462.07,E  75 St & 3 Ave,6186.15,40.7550,-73.9750,40.7714,-73.9573,member
R90401414,docked_bike,2026-08-19 20:02:46,2026-08-19 20:08:18,9 Ave & W 22 St,6088.11,W 20 St & 11 Ave,5160.04,40.7455,-74.0019,40.7465,-74.0077,casual
R90401409,classic_bike,2026-08-19 20:03:14,2026-08-19 20:12:44,E 43 St and Vanderbilt Ave,6741.16,W 21 St & 6 Ave,6173.11,40.7530,-73.9774,40.7417,-73.9942,member
R90401411,classic_bike,2026-08-19 20:03:50,2026-08-19 20:14:01,Broadway & E 14 St,514,Christopher St & Greenwich St,6202.07,40.7345,-73.9906,40.7329,-74.0071,casual
R90401416,classic_bike,2026-08-19 20:04:11,2026-08-19 20:12:58,W 20 St & 11 Ave,5160.04,8 Ave & W 31 St,6359.12,40.7465,-74.0077,40.7505,-73.9947,member
R90401424,classic_bike,2026-08-19 20:05:02,2026-08-19 20:14:37,W  26 St & 8 Ave,6253.07,W 33 St & 7 Ave,6594.06,40.7472,-73.9973,40.7502,-73.9908,casual
R90401415,classic_bike,2026-08-19 20:07:21,2026-08-19 20:21:23,West St & Chambers St,6917.09,E 17 St & Broadway,5307.10,40.7175,-74.0132,40.7371,-73.9902,member
R90401410,electric_bike,2026-08-19 20:08:59,2026-08-19 20:15:46,South End Ave & Liberty St,259,West St and Chambers St,6917.09,40.7112,-74.0158,40.7175,-74.0132,casual
R90401413,classic_bike,2026-08-19 20:15:22,2026-08-19 20:23:32,6 Ave & W 33 St,5431.02,W 45 St & 6 Ave,6785.05,40.7490,-73.9880,40.7566,-73.9826,member
R90401421,electric_bike,2026-08-19 20:16:37,2026-08-19 20:39:56,E 72 St & York Ave,6000.10,Broadway & E 14 St,6115.16,40.7660,-73.9535,40.7345,-73.9906,member
R90401412,classic_bike,2026-08-19 20:23:49,2026-08-19 20:27:46,9 Ave & W 22 St,339,w 17 st & 8 ave,5891.11,40.7455,-74.0019,40.7418,-74.0015,member
R90401420,classic_bike,2026-08-19 20:24:44,2026-08-19 20:32:34,Broadway & Battery Pl,6881.14,South End Ave & Liberty St,6060.05,40.7045,-74.0136,40.7112,-74.0158,member
R90401419,electric_bike,2026-08-19 20:29:46,2026-08-19 20:42:04,E 43 St & Vanderbilt Ave,6741.16,1 Ave & E 68 St,6056.19,40.7530,-73.9774,40.7651,-73.9582,member
R90401422,electric_bike,2026-08-19 20:35:16,2026-08-19 20:52:20,West St & Chambers St,6917.09,E 17 St & Broadway,5307.10,40.7175,-74.0132,40.7371,-73.9902,member
R90401423,electric_bike,2026-08-19 20:38:11,2026-08-19 20:44:14,W 41 St & 8 Ave,6419.19,W 33 St & 7 Ave,6594.06,40.7562,-73.9901,40.7502,-73.9908,member
R90401417,classic_bike,2026-08-19 20:41:42,2026-08-19 20:58:19,W 21 St & 6 Ave,6173.11,West St & Chambers St,379,40.7417,-73.9942,40.7175,-74.0132,casual
R90401425,electric_bike,2026-08-19 20:44:56,2026-08-19 20:51:27,Pershing Square North,6711.03,w 33 st & 7 ave,6594.06,40.7518,-73.9778,40.7502,-73.9908,member
R90401418,electric_bike,2026-08-19 20:47:18,2026-08-19 21:01:15,1 Ave & E 68 St,6056.19,W 41 St & 8 Ave ,6419.19,40.7651,-73.9582,40.7562,-73.9901,member
R90401431,classic_bike,2026-08-19 21:02:06,2026-08-19 21:18:28,Lafayette St & E 8 St,5906.08,West St & Chambers St,6917.09,40.7302,-73.9911,40.7175,-74.0132,member
R90401430,classic_bike,2026-08-19 21:08:57,2026-08-19 21:24:48,e 75 st & 3 ave,6186.15,E 47 St & Park Ave,6462.07,40.7714,-73.9573,40.7550,-73.9750,casual
R90401428,classic_bike,2026-08-19 21:10:25,2026-08-19 21:20:07,W 41 St & 8 Ave,6419.19,E 47 St & Park Ave,6462.07,40.7562,-73.9901,40.7550,-73.9750,member
R90401429,classic_bike,2026-08-19 21:15:10,2026-08-19 21:34:04,Vesey Pl & River Terrace,6741.09,Broadway & E 14 St,514,40.7153,-74.0163,40.7345,-73.9906,member
R90401427,electric_bike,2026-08-19 21:20:02,2026-08-19 21:30:18,Broadway & E 14 St,6115.16,6 Ave & W 33 St,5431.02,40.7345,-73.9906,40.7490,-73.9880,casual
R90401426,electric_bike,2026-08-19 21:35:47,2026-08-19 21:50:19,E 72 St & York Ave,6000.10,Pershing Square North,6711.03,40.7660,-73.9535,40.7518,-73.9778,member
R90401434,classic_bike,2026-08-19 21:42:56,2026-08-19 21:50:14,Lafayette St & E 8 St,5906.08,W 21 St & 6 Ave,6173.11,40.7302,-73.9911,40.7417,-73.9942,casual
R90401432,classic_bike,2026-08-19 21:46:34,2026-08-21 07:46:34,E 43 St & Vanderbilt Ave ,6741.16,Pershing Square North,6711.03,40.7530,-73.9774,40.7518,-73.9778,member
R90401433,electric_bike,2026-08-19 21:48:58,2026-08-19 21:54:42,Lafayette St & E 8 St,5906.08,University Pl & E 14 St,5183.03,40.7302,-73.9911,40.7349,-73.9922,member
R90401438,classic_bike,2026-08-19 22:13:18,2026-08-19 22:26:09,e 17 st & broadway,5307.10,8 Ave & W 31 St,475,40.7371,-73.9902,40.7505,-73.9947,member
R90401437,electric_bike,2026-08-19 22:14:49,2026-08-19 22:21:39,Broadway & W 41 St,6732.19,W 41 St & 8 Ave,6419.19,40.7553,-73.9868,40.7562,-73.9901,casual
R90401435,electric_bike,2026-08-19 22:15:02,,8 Ave & W 31 St,6359.12,,,40.7505,-73.9947,,,member
R90401436,classic_bike,2026-08-19 22:44:03,2026-08-19 22:56:53,W 41 St & 8 Ave,6419.19,W 20 St & 11 Ave,5160.04,40.7562,-73.9901,40.7465,-74.0077,member
R90401440,electric_bike,2026-08-19 23:32:08,2026-08-19 23:49:21,W 21 St & 6 Ave,406,1 Ave & E 68 St,6056.19,40.7417,-73.9942,40.7651,-73.9582,member
R90401439,electric_bike,2026-08-19 23:57:17,2026-08-20 00:06:30,Carmine St & 6 Ave,6650.03,Cleveland Pl & Spring St,6679.12,40.7303,-74.0022,40.7220,-73.9973,member
R90401441,electric_bike,2026-08-20 00:05:54,2026-08-20 00:09:22,E 43 St & Vanderbilt Ave,6741.16,Pershing Square North,6711.03,40.7530,-73.9774,40.7518,-73.9778,casual
R90401443,classic_bike,2026-08-20 00:16:16,2026-08-20 00:21:28,Broadway & E 14 St,514,Carmine St & 6 Ave,6650.03,40.7345,-73.9906,40.7303,-74.0022,casual
R90401444,classic_bike,2026-08-20 00:23:29,2026-08-20 00:28:32,6 Ave & W 33 St,5431.02,E 43 St & Vanderbilt Ave,6741.16,40.7490,-73.9880,40.7530,-73.9774,member
R90401442,electric_bike,2026-08-20 00:29:28,2026-08-20 00:33:48,8 Ave & W 31 St,6359.12,9 Ave & W 22 St,6088.11,40.7505,-73.9947,40.7455,-74.0019,member
R90401445,classic_bike,2026-08-20 00:37:26,2026-08-20 00:40:44,9 Ave & W 22 St,6088.11,W 26 St & 8 Ave,6253.07,40.7455,-74.0019,40.7472,-73.9973,member
R90401446,classic_bike,2026-08-20 00:56:39,2026-08-20 01:01:45,E 47 St & Park Ave,415,Pershing Square North,6711.03,40.7550,-73.9750,40.7518,-73.9778,member
R90401447,classic_bike,2026-08-20 01:16:02,2026-08-20 01:27:24,University Pl & E 14 St,5183.03,Carmine St & 6 Ave,6650.03,40.7349,-73.9922,40.7303,-74.0022,member
R90401448,classic_bike,2026-08-20 01:56:02,2026-08-20 02:05:27,Carmine St & 6 Ave,6650.03,Cleveland Pl & Spring St,6679.12,40.7303,-74.0022,40.7220,-73.9973,member
R90401449,classic_bike,2026-08-20 03:44:36,2026-08-20 03:57:27,W 21 St & 6 Ave,6173.11,Pershing Square North,6711.03,40.7417,-73.9942,40.7518,-73.9778,member
R90401450,electric_bike,2026-08-20 04:50:44,2026-08-20 04:56:32,1 Ave & E 68 St,6056.19,Lexington Ave & E 63 St,5734.15,40.7651,-73.9582,40.7642,-73.9660,member
R90401451,classic_bike,2026-08-20 05:07:51,2026-08-20 05:12:08,9 Ave & W 22 St ,6088.11,W 17 St & 8 Ave,5891.11,40.7455,-74.0019,40.7418,-74.0015,member
R90401454,electric_bike,2026-08-20 05:11:50,2026-08-20 05:13:27,W 41 St & 8 Ave,6419.19,Broadway & W 41 St,6732.19,40.7562,-73.9901,40.7553,-73.9868,member
R90401453,classic_bike,2026-08-20 05:16:22,2026-08-20 05:32:22,W 41 St & 8 Ave,6419.19,lexington ave & e 63 st,595,40.7562,-73.9901,40.7642,-73.9660,member
R90401455,classic_bike,2026-08-20 05:25:10,2026-08-20 05:34:18,6 Ave & W 33 St,5431.02,pershing square north,6711.03,40.7490,-73.9880,40.7518,-73.9778,member
R90401452,electric_bike,2026-08-20 05:57:50,2026-08-20 06:02:49,1 Ave & E 68 St,6056.19,lexington ave & e 63 st,5734.15,40.7651,-73.9582,40.7642,-73.9660,member
R90401464,classic_bike,2026-08-20 06:06:48,2026-08-20 06:16:53,University Pl & E 14 St,382,W 17 St & 8 Ave,5891.11,40.7349,-73.9922,40.7418,-74.0015,member
R90401467,classic_bike,2026-08-20 06:11:53,2026-08-20 06:21:52,E 17 St & Broadway,5307.10,6 ave & w 33 st,5431.02,40.7371,-73.9902,40.7490,-73.9880,member
R90401457,electric_bike,2026-08-20 06:13:10,2026-08-20 06:24:58,christopher st & greenwich st,6202.07,9  Ave & W 22 St,6088.11,40.7329,-74.0071,40.7455,-74.0019,member
R90401465,classic_bike,2026-08-20 06:13:20,,E 7 St & Avenue A,5428.06,,,40.7263,-73.9838,,,member
R90401466,classic_bike,2026-08-20 06:14:38,2026-08-20 06:34:03,Vesey Pl & River Terrace,6741.09,Broadway & E 14 St,6115.16,40.7153,-74.0163,40.7345,-73.9906,casual
R90401458,classic_bike,2026-08-20 06:17:45,2026-08-20 06:39:22,Broadway & E 14 St,6115.16,W 45 St & 6 Ave,6785.05,40.7345,-73.9906,40.7566,-73.9826,member
R90401459,classic_bike,2026-08-20 06:23:28,2026-08-20 06:36:02,University Pl & E 14 St,5183.03,W 33 St & 7 Ave,6594.06,40.7349,-73.9922,40.7502,-73.9908,casual
R90401469,classic_bike,2026-08-20 06:24:53,2026-08-20 06:36:24,Carmine St & 6 Ave,6650.03,Cleveland Pl & Spring St,6679.12,40.7303,-74.0022,40.7220,-73.9973,member
R90401460,electric_bike,2026-08-20 06:29:50,2026-08-20 06:38:08,Pershing Square North,6711.03,W 33 St & 7 Ave,6594.06,40.7518,-73.9778,40.7502,-73.9908,member
R90401471,electric_bike,2026-08-20 06:32:26,2026-08-20 06:36:21,University Pl & E 14 St,5183.03,Broadway & E 14 St,6115.16,40.7349,-73.9922,40.7345,-73.9906,member
R90401463,classic_bike,2026-08-20 06:34:42,2026-08-20 06:51:45,Broadway  & E 14 St,6115.16,E 43 St & Vanderbilt Ave,6741.16,40.7345,-73.9906,40.7530,-73.9774,member
R90401474,classic_bike,2026-08-20 06:35:37,2026-08-20 06:53:42,E 72 St & York Ave,6000.10,W 45 St & 6 Ave ,6785.05,40.7660,-73.9535,40.7566,-73.9826,member
R90401461,electric_bike,2026-08-20 06:35:50,2026-08-20 06:42:46,broadway & w 41 st,6732.19,E 47 St & Park Ave,415,40.7553,-73.9868,40.7550,-73.9750,member
R90401473,classic_bike,2026-08-20 06:38:17,2026-08-20 07:08:01,E 43 St & Vanderbilt Ave,6741.16,West St & Chambers St,6917.09,40.7530,-73.9774,40.7175,-74.0132,member
R90401456,classic_bike,2026-08-20 06:38:50,2026-08-20 06:50:56,Carmine St & 6 Ave,6650.03,Vesey Pl & River Terrace,6741.09,40.7303,-74.0022,40.7153,-74.0163,member
R90401468,electric_bike,2026-08-20 06:43:22,2026-08-20 06:52:36,Broadway & E 14 St,6115.16,Christopher St & Greenwich St,6202.07,40.7345,-73.9906,40.7329,-74.0071,member
R90401472,classic_bike,2026-08-20 06:52:00,2026-08-20 06:56:18,w 45 st & 6 ave,6785.05,E 43 St & Vanderbilt Ave,6741.16,40.7566,-73.9826,40.7530,-73.9774,member
R90401462,classic_bike,2026-08-20 06:52:10,2026-08-20 06:57:15,E 75 St & 3 Ave,6186.15,E 72 St & York Ave,6000.10,40.7714,-73.9573,40.7660,-73.9535,member
R90401475,classic_bike,2026-08-20 06:56:56,2026-08-20 07:12:15,E 72 St & York Ave,6000.10,E 43 St & Vanderbilt Ave,6741.16,40.7660,-73.9535,40.7530,-73.9774,casual
R90401470,classic_bike,2026-08-20 06:58:01,,e 17 st & broadway,5307.10,,,40.7371,-73.9902,,,casual
R90401527,classic_bike,2026-08-20 07:00:20,2026-08-20 07:20:37,Lexington Ave & E 63 St,5734.15,W 41 St & 8 Ave,6419.19,40.7642,-73.9660,40.7562,-73.9901,member
R90401525,electric_bike,2026-08-20 07:01:42,2026-08-20 07:06:49,W 45 St & 6 Ave,6785.05,W 41 St & 8 Ave,6419.19,40.7566,-73.9826,40.7562,-73.9901,member
R90401515,electric_bike,2026-08-20 07:02:43,2026-08-20 07:09:48,8 Ave & W 31 St,6359.12,Broadway & W 41 St,6732.19,40.7505,-73.9947,40.7553,-73.9868,member
R90401481,classic_bike,2026-08-20 07:03:21,2026-08-20 07:07:43,Broadway & W 41 St,241,W 45 St & 6 Ave ,6785.05,40.7553,-73.9868,40.7566,-73.9826,member
R90401530,electric_bike,2026-08-20 07:03:30,,Lafayette St & E 8 St,5906.08,,,40.7302,-73.9911,,,member
R90401504,classic_bike,2026-08-20 07:03:39,2026-08-20 07:28:49,Carmine St & 6 Ave,6650.03,Broadway & Battery Pl,6881.14,40.7303,-74.0022,40.7045,-74.0136,member
R90401479,classic_bike,2026-08-20 07:04:30,2026-08-20 07:23:57,Christopher St & Greenwich St,6202.07,Pershing Square North,6711.03,40.7329,-74.0071,40.7518,-73.9778,member
R90401489,classic_bike,2026-08-20 07:09:04,2026-08-20 07:18:12,Lafayette St & E 8 St,5906.08,Cleveland Pl & Spring St,6679.12,40.7302,-73.9911,40.7220,-73.9973,member
R90401502,classic_bike,2026-08-20 07:10:08,2026-08-20 07:26:48,E 17 St & Broadway,5307.10,W 41 St & 8 Ave,6419.19,40.7371,-73.9902,40.7562,-73.9901,member
R90401494,classic_bike,2026-08-20 07:10:54,2026-08-20 07:15:34,W 45 St & 6 Ave,6785.05,Pershing Square North,6711.03,40.7566,-73.9826,40.7518,-73.9778,member
R90401519,classic_bike,2026-08-20 07:10:54,2026-08-20 07:16:01,Carmine St & 6 Ave,6650.03,Cleveland Pl and Spring St,508,40.7303,-74.0022,40.7220,-73.9973,member
R90401490,classic_bike,2026-08-20 07:13:00,2026-08-20 07:23:16,8 Ave & W 31 St,6359.12,Broadway & W 41 St,6732.19,40.7505,-73.9947,40.7553,-73.9868,member
R90401532,electric_bike,2026-08-20 07:13:02,2026-08-20 07:17:38,E 72 St & York Ave,348,1 Ave & E 68 St,371,40.7660,-73.9535,40.7651,-73.9582,member
R90401520,classic_bike,2026-08-20 07:13:32,2026-08-20 07:46:41,W 26 St & 8 Ave,6253.07,Broadway & Battery Pl,6881.14,40.7472,-73.9973,40.7045,-74.0136,member
R90401491,classic_bike,2026-08-20 07:15:25,2026-08-20 07:57:32,Lexington Ave & E 63 St,5734.15,Broadway & Battery Pl,6881.14,40.7642,-73.9660,40.7045,-74.0136,casual
R90401508,classic_bike,2026-08-20 07:16:17,2026-08-20 07:18:41,W 33 St & 7 Ave,6594.06,6 Ave & W 33 St,5431.02,40.7502,-73.9908,40.7490,-73.9880,member
R90401487,classic_bike,2026-08-20 07:17:05,2026-08-20 07:35:25,E 75 St & 3 Ave,6186.15,Pershing Square North,6711.03,40.7714,-73.9573,40.7518,-73.9778,member
R90401499,classic_bike,2026-08-20 07:18:26,2026-08-20 07:40:19,Carmine St & 6 Ave,6650.03,broadway & battery pl,6881.14,40.7303,-74.0022,40.7045,-74.0136,casual
R90401513,classic_bike,2026-08-20 07:18:33,2026-08-20 07:25:02,6 Ave and W 33 St,5431.02,w 26 st & 8 ave,6253.07,40.7490,-73.9880,40.7472,-73.9973,casual
R90401501,electric_bike,2026-08-20 07:19:16,2026-08-20 07:30:14,Lexington Ave & E 63 St,5734.15,Pershing Square North,6711.03,40.7642,-73.9660,40.7518,-73.9778,member
R90401500,electric_bike,2026-08-20 07:20:09,2026-08-20 07:28:46,Lafayette  St & E 8 St,5906.08,W 21 St & 6 Ave,6173.11,40.7302,-73.9911,40.7417,-73.9942,member
R90401482,classic_bike,2026-08-20 07:20:22,2026-08-20 07:31:12,8 Ave & W 31 St,6359.12,Broadway & W 41 St,6732.19,40.7505,-73.9947,40.7553,-73.9868,casual
R90401495,electric_bike,2026-08-20 07:20:27,2026-08-20 07:34:16,Christopher St & Greenwich St,499,Vesey Pl & River Terrace,6741.09,40.7329,-74.0071,40.7153,-74.0163,member
R90401518,electric_bike,2026-08-20 07:22:01,2026-08-20 07:38:25,Broadway & E 14 St,6115.16,Vesey Pl & River Terrace,582,40.7345,-73.9906,40.7153,-74.0163,member
R90401476,electric_bike,2026-08-20 07:22:17,2026-08-20 07:28:49,E 7 St & Avenue A,5428.06,Cleveland Pl & Spring St,6679.12,40.7263,-73.9838,40.7220,-73.9973,member
R90401492,classic_bike,2026-08-20 07:24:23,2026-08-20 07:34:35,W 33 St & 7 Ave,6594.06,E 47 St & Park Ave,6462.07,40.7502,-73.9908,40.7550,-73.9750,member
R90401521,classic_bike,2026-08-20 07:24:44,2026-08-20 07:36:31,University Pl & E 14 St,5183.03,Pershing Square North,301,40.7349,-73.9922,40.7518,-73.9778,member
R90401533,classic_bike,2026-08-20 07:25:39,2026-08-20 07:40:18,Christopher St & Greenwich St,6202.07,W 33 St & 7 Ave,6594.06,40.7329,-74.0071,40.7502,-73.9908,casual
R90401523,classic_bike,2026-08-20 07:26:01,2026-08-20 07:31:49,Lexington Ave & E 63 St,5734.15,1 Ave & E 68 St,6056.19,40.7642,-73.9660,40.7651,-73.9582,member
R90401523,classic_bike,2026-08-20 07:26:01,2026-08-20 07:31:49,Lexington Ave & E 63 St,5734.15,1 Ave & E 68 St,6056.19,40.7642,-73.9660,40.7651,-73.9582,member
R90401486,classic_bike,2026-08-20 07:26:03,2026-08-20 07:44:16,Carmine St & 6 Ave,6650.03,E 47 St and Park Ave,415,40.7303,-74.0022,40.7550,-73.9750,member
R90401497,classic_bike,2026-08-20 07:26:22,2026-08-20 07:53:05,W 21 St & 6 Ave,6173.11,West St & Chambers St,6917.09,40.7417,-73.9942,40.7175,-74.0132,member
R90401507,classic_bike,2026-08-20 07:27:37,2026-08-20 07:42:48,University Pl & E 14 St,5183.03,Pershing Square North,6711.03,40.7349,-73.9922,40.7518,-73.9778,member
R90401526,classic_bike,2026-08-20 07:30:29,2026-08-20 07:43:30,Broadway & E 14 St,6115.16,6  Ave & W 33 St,5431.02,40.7345,-73.9906,40.7490,-73.9880,member
R90401529,classic_bike,2026-08-20 07:31:34,2026-08-20 07:39:23,W 45 St & 6 Ave,6785.05,W 33 St & 7 Ave,6594.06,40.7566,-73.9826,40.7502,-73.9908,casual
R90401493,electric_bike,2026-08-20 07:31:49,2026-08-20 07:44:18,Christopher St & Greenwich St ,6202.07,Vesey Pl & River Terrace,6741.09,40.7329,-74.0071,40.7153,-74.0163,member
R90401510,electric_bike,2026-08-20 07:35:38,2026-08-20 07:54:34,1 Ave & E 68 St,6056.19,w 41 st & 8 ave,6419.19,40.7651,-73.9582,40.7562,-73.9901,member
R90401514,docked_bike,2026-08-20 07:36:45,2026-08-20 07:57:17,University Pl & E 14 St,5183.03,Vesey Pl & River Terrace,6741.09,40.7349,-73.9922,40.7153,-74.0163,member
R90401531,classic_bike,2026-08-20 07:37:07,2026-08-20 07:56:19,Lafayette St & E 8 St,5906.08,W 41 St & 8 Ave,6419.19,40.7302,-73.9911,40.7562,-73.9901,member
R90401506,electric_bike,2026-08-20 07:37:35,2026-08-20 07:48:15,Lexington Ave & E 63 St,5734.15,Pershing Square North ,6711.03,40.7642,-73.9660,40.7518,-73.9778,casual
R90401505,electric_bike,2026-08-20 07:37:44,2026-08-20 07:45:02,W 41 St & 8 Ave,6419.19,W 33 St and 7 Ave,6594.06,40.7562,-73.9901,40.7502,-73.9908,member
R90401516,classic_bike,2026-08-20 07:39:04,2026-08-20 07:55:16,Lexington Ave & E 63 St,5734.15,Pershing Square North,301,40.7642,-73.9660,40.7518,-73.9778,member
R90401516,classic_bike,2026-08-20 07:39:04,2026-08-20 07:55:16,Lexington Ave & E 63 St,5734.15,Pershing Square North,301,40.7642,-73.9660,40.7518,-73.9778,member
R90401512,classic_bike,2026-08-20 07:39:10,2026-08-20 07:53:29,E 72 St & York Ave,6000.10,Pershing Square North,6711.03,40.7660,-73.9535,40.7518,-73.9778,member
R90401477,classic_bike,2026-08-20 07:39:57,2026-08-20 08:04:00,Carmine  St & 6 Ave,6650.03,Pershing Square North,6711.03,40.7303,-74.0022,40.7518,-73.9778,casual
R90401478,classic_bike,2026-08-20 07:40:08,2026-08-20 07:50:15,Broadway & E 14 St,6115.16,6 Ave & W 33 St,5431.02,40.7345,-73.9906,40.7490,-73.9880,casual
R90401522,classic_bike,2026-08-20 07:41:01,2026-08-20 07:58:01,University Pl & E 14 St,5183.03,Vesey Pl & River Terrace,6741.09,40.7349,-73.9922,40.7153,-74.0163,member
R90401488,classic_bike,2026-08-20 07:42:22,2026-08-20 07:49:03,1 Ave & E 68 St,6056.19,E 75 St & 3 Ave,6186.15,40.7651,-73.9582,40.7714,-73.9573,member
R90401483,classic_bike,2026-08-20 07:44:29,2026-08-20 07:52:49,8 Ave & W 31 St,6359.12,W 26 St & 8 Ave,6253.07,40.7505,-73.9947,40.7472,-73.9973,member
R90401498,electric_bike,2026-08-20 07:46:10,2026-08-20 07:54:55,University Pl & E 14 St,5183.03,Cleveland Pl & Spring St ,508,40.7349,-73.9922,40.7220,-73.9973,casual
R90401517,classic_bike,2026-08-20 07:46:12,2026-08-20 08:00:53,Vesey Pl & River Terrace,6741.09,Broadway & Battery Pl,6881.14,40.7153,-74.0163,40.7045,-74.0136,member
R90401528,electric_bike,2026-08-20 07:51:17,2026-08-20 08:12:04,Lafayette St & E 8 St,5906.08,W 45 St & 6 Ave,6785.05,40.7302,-73.9911,40.7566,-73.9826,member
R90401484,electric_bike,2026-08-20 07:51:37,2026-08-20 08:01:06,Lexington Ave & E 63 St,5734.15,Pershing Square North,6711.03,40.7642,-73.9660,40.7518,-73.9778,member
R90401496,classic_bike,2026-08-20 07:53:37,2026-08-20 08:07:36,Christopher St & Greenwich St,6202.07,West St & Chambers St,6917.09,40.7329,-74.0071,40.7175,-74.0132,casual
R90401485,classic_bike,2026-08-20 07:54:27,2026-08-20 08:11:58,Cleveland Pl & Spring St,6679.12,Vesey Pl & River Terrace,582,40.7220,-73.9973,40.7153,-74.0163,member
R90401480,electric_bike,2026-08-20 07:55:36,2026-08-20 07:59:54,Lafayette St & E 8 St,5906.08,Broadway & E 14 St,6115.16,40.7302,-73.9911,40.7345,-73.9906,member
R90401509,electric_bike,2026-08-20 07:56:11,2026-08-20 07:24:11,W 41 St & 8 Ave,6419.19,Broadway and W 41 St,6732.19,40.7562,-73.9901,40.7553,-73.9868,member
R90401503,classic_bike,2026-08-20 07:57:40,2026-08-20 08:11:15,Lexington Ave & E 63 St,5734.15,W 41 St & 8 Ave,6419.19,40.7642,-73.9660,40.7562,-73.9901,member
R90401524,classic_bike,2026-08-20 07:58:17,2026-08-20 08:04:31,Lafayette St & E 8 St,5906.08,carmine st & 6 ave,284,40.7302,-73.9911,40.7303,-74.0022,member
R90401511,electric_bike,2026-08-20 07:59:08,2026-08-20 08:12:20,E 7 St & Avenue A,5428.06,W 33 St & 7 Ave,6594.06,40.7263,-73.9838,40.7502,-73.9908,member
R90401578,classic_bike,2026-08-20 08:00:25,2026-08-20 08:17:17,Carmine St & 6 Ave,6650.03,Broadway & Battery Pl,6881.14,40.7303,-74.0022,40.7045,-74.0136,member
R90401605,classic_bike,2026-08-20 08:01:07,2026-08-20 08:12:52,W 26 St & 8 Ave,6253.07,Pershing Square North,6711.03,40.7472,-73.9973,40.7518,-73.9778,member
R90401596,electric_bike,2026-08-20 08:01:19,2026-08-20 08:06:11,Lexington Ave & E 63 St,5734.15,E 72 St & York Ave ,6000.10,40.7642,-73.9660,40.7660,-73.9535,member
R90401585,electric_bike,2026-08-20 08:02:16,2026-08-20 08:17:21,Lafayette St and E 8 St,5906.08,W 41 St & 8 Ave,6419.19,40.7302,-73.9911,40.7562,-73.9901,member
R90401587,electric_bike,2026-08-20 08:03:51,2026-08-20 08:09:49,E 17 St & Broadway,5307.10,6 Ave & W 33 St,5431.02,40.7371,-73.9902,40.7490,-73.9880,member
R90401544,electric_bike,2026-08-20 08:04:09,2026-08-20 08:09:36,Lafayette St & E 8 St,5906.08,e 7 st & avenue a,5428.06,40.7302,-73.9911,40.7263,-73.9838,member
R90401594,classic_bike,2026-08-20 08:05:50,2026-08-20 08:20:02,Broadway & E 14 St,6115.16,6 Ave & W 33 St,5431.02,40.7345,-73.9906,40.7490,-73.9880,member
R90401580,electric_bike,2026-08-20 08:06:31,2026-08-20 08:13:10,W 26 St & 8 Ave,6253.07,6 Ave & W 33 St,5431.02,40.7472,-73.9973,40.7490,-73.9880,member
R90401553,docked_bike,2026-08-20 08:06:33,2026-08-20 08:22:01,Broadway & E 14 St,6115.16,E 43 St & Vanderbilt Ave,6741.16,40.7345,-73.9906,40.7530,-73.9774,member
R90401558,classic_bike,2026-08-20 08:07:01,2026-08-20 08:51:46,E 72 St & York Ave,6000.10,South End Ave & Liberty St,6060.05,40.7660,-73.9535,40.7112,-74.0158,member
R90401541,classic_bike,2026-08-20 08:09:28,2026-08-20 08:12:58,Pershing Square North,6711.03,E 43 St & Vanderbilt Ave,6741.16,40.7518,-73.9778,40.7530,-73.9774,casual
R90401555,classic_bike,2026-08-20 08:09:56,2026-08-20 08:20:16,e 17 st & broadway,5307.10,Broadway & W 41 St,6732.19,40.7371,-73.9902,40.7553,-73.9868,member
R90401557,electric_bike,2026-08-20 08:10:00,2026-08-20 08:28:20,E 7 St & Avenue A,5428.06,broadway & w 41 st,6732.19,40.7263,-73.9838,40.7553,-73.9868,casual
R90401598,classic_bike,2026-08-20 08:10:33,2026-08-20 08:34:15,Carmine St & 6 Ave,6650.03,Broadway & W 41 St ,6732.19,40.7303,-74.0022,40.7553,-73.9868,casual
R90401537,classic_bike,2026-08-20 08:10:43,2026-08-20 08:23:32,University Pl & E 14 St,5183.03,Cleveland Pl & Spring St,6679.12,40.7349,-73.9922,40.7220,-73.9973,member
R90401564,classic_bike,2026-08-20 08:12:30,2026-08-20 08:25:55,Lafayette St & E 8 St,5906.08,W 20 St & 11 Ave,5160.04,40.7302,-73.9911,40.7465,-74.0077,member
R90401603,classic_bike,2026-08-20 08:12:36,2026-08-20 08:34:52,lafayette st & e 8 st,5906.08,W 45 St & 6 Ave,6785.05,40.7302,-73.9911,40.7566,-73.9826,casual
R90401604,electric_bike,2026-08-20 08:13:20,2026-08-20 08:29:19,University Pl & E 14 St,5183.03,Vesey Pl & River Terrace,6741.09,40.7349,-73.9922,40.7153,-74.0163,member
R90401573,classic_bike,2026-08-20 08:15:02,2026-08-20 08:27:53,Lafayette St & E 8 St,5906.08,W 26 St & 8 Ave ,6253.07,40.7302,-73.9911,40.7472,-73.9973,member
R90401577,classic_bike,2026-08-20 08:16:51,2026-08-20 08:24:44,W 17 St & 8 Ave,5891.11,8 Ave & W 31 St,6359.12,40.7418,-74.0015,40.7505,-73.9947,member
R90401546,classic_bike,2026-08-20 08:18:37,2026-08-20 08:38:25,Christopher St & Greenwich St,6202.07,E 43 St & Vanderbilt Ave,6741.16,40.7329,-74.0071,40.7530,-73.9774,member
R90401559,classic_bike,2026-08-20 08:19:13,2026-08-20 08:28:58,W 45 St & 6 Ave,6785.05,6 Ave & W 33 St,532,40.7566,-73.9826,40.7490,-73.9880,member
R90401552,classic_bike,2026-08-20 08:19:47,2026-08-20 08:40:02,E 75 St & 3 Ave,6186.15,Pershing Square North,6711.03,40.7714,-73.9573,40.7518,-73.9778,member
R90401538,classic_bike,2026-08-20 08:20:16,2026-08-20 08:34:41,W 20 St & 11 Ave ,5160.04,W 41 St & 8 Ave,6419.19,40.7465,-74.0077,40.7562,-73.9901,member
R90401583,electric_bike,2026-08-20 08:20:37,2026-08-20 08:32:33,University Pl & E 14 St,5183.03,west st & chambers st,6917.09,40.7349,-73.9922,40.7175,-74.0132,member
R90401601,electric_bike,2026-08-20 08:21:14,2026-08-20 08:33:04,Broadway & E 14 St,6115.16,Broadway & W 41 St,6732.19,40.7345,-73.9906,40.7553,-73.9868,member
R90401584,classic_bike,2026-08-20 08:22:46,2026-08-20 08:37:45,E 72 St & York Ave,6000.10,W 45 St & 6 Ave,6785.05,40.7660,-73.9535,40.7566,-73.9826,member
R90401551,electric_bike,2026-08-20 08:23:17,2026-08-20 08:36:01,E 17 St & Broadway,5307.10,W 41 St & 8 Ave,6419.19,40.7371,-73.9902,40.7562,-73.9901,member
R90401569,electric_bike,2026-08-20 08:23:58,2026-08-20 08:29:20,Broadway & W 41 St,6732.19,6 ave & w 33 st,5431.02,40.7553,-73.9868,40.7490,-73.9880,member
R90401582,classic_bike,2026-08-20 08:26:38,2026-08-20 08:56:34,Lafayette St & E 8 St,5906.08,W 45 St & 6 Ave,6785.05,40.7302,-73.9911,40.7566,-73.9826,casual
R90401599,classic_bike,2026-08-20 08:27:53,2026-08-20 08:40:59,Christopher St & Greenwich St ,6202.07,W 26 St & 8 Ave,6253.07,40.7329,-74.0071,40.7472,-73.9973,member
R90401568,electric_bike,2026-08-20 08:28:00,2026-08-20 08:40:55,Christopher St & Greenwich St,6202.07,W 33 St & 7 Ave,6594.06,40.7329,-74.0071,40.7502,-73.9908,member
R90401576,classic_bike,2026-08-20 08:28:40,2026-08-20 08:38:30,Broadway & E 14 St,6115.16,6 Ave & W 33 St,5431.02,40.7345,-73.9906,40.7490,-73.9880,member
R90401540,classic_bike,2026-08-20 08:28:55,2026-08-20 08:44:03,E 17 St & Broadway,5307.10,6 Ave & W 33 St,5431.02,40.7371,-73.9902,40.7490,-73.9880,member
R90401606,classic_bike,2026-08-20 08:29:31,2026-08-20 08:38:56,Broadway & E 14 St,6115.16,Lafayette St & E 8 St,5906.08,40.7345,-73.9906,40.7302,-73.9911,member
R90401591,classic_bike,2026-08-20 08:30:08,2026-08-20 08:51:32,West St & Chambers St,6917.09,E 17 St & Broadway ,5307.10,40.7175,-74.0132,40.7371,-73.9902,member
R90401545,classic_bike,2026-08-20 08:31:31,2026-08-20 08:43:57,E  72 St & York Ave,6000.10,E 47 St & Park Ave,6462.07,40.7660,-73.9535,40.7550,-73.9750,member
R90401560,classic_bike,2026-08-20 08:32:14,2026-08-20 08:35:03,Pershing Square North,6711.03,E 43 St & Vanderbilt Ave,6741.16,40.7518,-73.9778,40.7530,-73.9774,casual
R90401579,classic_bike,2026-08-20 08:32:22,2026-08-20 08:54:17,Lexington  Ave & E 63 St,5734.15,9 Ave & W 22 St,6088.11,40.7642,-73.9660,40.7455,-74.0019,member
R90401539,classic_bike,2026-08-20 08:33:37,2026-08-20 08:48:12,6 Ave & W 33 St,5431.02,W 20 St & 11 Ave,5160.04,40.7490,-73.9880,40.7465,-74.0077,member
R90401589,classic_bike,2026-08-20 08:34:39,2026-08-20 08:39:54,W 33 St & 7 Ave,6594.06,Broadway & W 41 St,6732.19,40.7502,-73.9908,40.7553,-73.9868,member
R90401607,electric_bike,2026-08-20 08:34:52,2026-08-20 08:49:20,Broadway & E 14 St,6115.16,W 45 St & 6 Ave,6785.05,40.7345,-73.9906,40.7566,-73.9826,member
R90401562,classic_bike,2026-08-20 08:37:15,2026-08-20 08:56:08,W 21 St & 6 Ave ,6173.11,South End Ave & Liberty St,6060.05,40.7417,-73.9942,40.7112,-74.0158,casual
R90401561,electric_bike,2026-08-20 08:37:43,2026-08-20 08:44:36,University Pl & E 14 St,5183.03,cleveland pl & spring st,6679.12,40.7349,-73.9922,40.7220,-73.9973,member
R90401608,classic_bike,2026-08-20 08:39:07,2026-08-20 08:48:59,W 21 St & 6 Ave,6173.11,W 33 St & 7 Ave,455,40.7417,-73.9942,40.7502,-73.9908,casual
R90401535,classic_bike,2026-08-20 08:39:26,2026-08-20 08:50:16,E 17 St & Broadway,5307.10,W 20 St & 11 Ave,5160.04,40.7371,-73.9902,40.7465,-74.0077,member
R90401574,electric_bike,2026-08-20 08:40:56,2026-08-20 08:49:04,W 21 St & 6 Ave,6173.11,W 33 St & 7 Ave,6594.06,40.7417,-73.9942,40.7502,-73.9908,member
R90401543,classic_bike,2026-08-20 08:41:16,2026-08-20 09:00:51,Broadway & E 14 St,6115.16,Vesey Pl & River Terrace,6741.09,40.7345,-73.9906,40.7153,-74.0163,casual
R90401542,electric_bike,2026-08-20 08:42:32,2026-08-20 08:57:36,E 72 St & York Ave,6000.10,E 47 St & Park Ave,6462.07,40.7660,-73.9535,40.7550,-73.9750,casual
R90401566,classic_bike,2026-08-20 08:43:13,2026-08-20 09:01:20,Broadway & E 14 St,6115.16,W 41 St & 8 Ave,254,40.7345,-73.9906,40.7562,-73.9901,member
R90401572,classic_bike,2026-08-20 08:44:31,2026-08-20 09:09:53,Lafayette St & E 8 St,5906.08,e 47 st & park ave,6462.07,40.7302,-73.9911,40.7550,-73.9750,member
R90401548,classic_bike,2026-08-20 08:46:22,2026-08-20 09:05:08,E 75 St & 3 Ave,6186.15,E 47 St & Park Ave,6462.07,40.7714,-73.9573,40.7550,-73.9750,member
R90401534,classic_bike,2026-08-20 08:46:25,2026-08-20 08:57:50,Broadway and E 14 St,6115.16,8 Ave & W 31 St,6359.12,40.7345,-73.9906,40.7505,-73.9947,member
R90401593,classic_bike,2026-08-20 08:46:35,2026-08-20 09:01:56,E 72 St & York Ave,6000.10,W 45 St & 6 Ave,6785.05,40.7660,-73.9535,40.7566,-73.9826,member
R90401563,classic_bike,2026-08-20 08:47:08,2026-08-20 08:56:29,E 7 St & Avenue A,5428.06,Cleveland Pl & Spring St ,6679.12,40.7263,-73.9838,40.7220,-73.9973,member
R90401590,classic_bike,2026-08-20 08:48:57,2026-08-20 08:59:32,Christopher St & Greenwich St,6202.07,W 21 St & 6 Ave,6173.11,40.7329,-74.0071,40.7417,-73.9942,member
R90401550,electric_bike,2026-08-20 08:49:15,2026-08-20 09:01:19,carmine st & 6 ave,6650.03,South End Ave & Liberty St,6060.05,40.7303,-74.0022,40.7112,-74.0158,member
R90401567,classic_bike,2026-08-20 08:49:40,2026-08-20 09:09:44,Broadway & E 14 St,6115.16,W 45 St & 6 Ave,6785.05,40.7345,-73.9906,40.7566,-73.9826,member
R90401581,electric_bike,2026-08-20 08:49:54,2026-08-20 09:01:32,University Pl & E 14 St,5183.03,W 33 St & 7 Ave,455,40.7349,-73.9922,40.7502,-73.9908,member
R90401556,classic_bike,2026-08-20 08:50:38,2026-08-20 09:00:14,University Pl & E 14 St,5183.03,W 33 St & 7 Ave,6594.06,40.7349,-73.9922,40.7502,-73.9908,member
R90401571,classic_bike,2026-08-20 08:51:41,2026-08-20 09:06:44,Broadway & E 14 St ,514,E 43 St & Vanderbilt Ave,6741.16,40.7345,-73.9906,40.7530,-73.9774,member
R90401536,classic_bike,2026-08-20 08:52:36,2026-08-20 09:03:27,E 17 St & Broadway,5307.10,8 Ave & W 31 St,6359.12,40.7371,-73.9902,40.7505,-73.9947,member
R90401586,classic_bike,2026-08-20 08:53:06,2026-08-20 09:13:59,Broadway & E 14 St,6115.16,w 41 st & 8 ave,6419.19,40.7345,-73.9906,40.7562,-73.9901,casual
R90401592,classic_bike,2026-08-20 08:53:12,2026-08-20 09:00:40,W  45 St & 6 Ave,6785.05,Pershing Square North,6711.03,40.7566,-73.9826,40.7518,-73.9778,casual
R90401595,electric_bike,2026-08-20 08:53:39,2026-08-20 09:02:00,Pershing Square North,6711.03,6 Ave & W 33 St,5431.02,40.7518,-73.9778,40.7490,-73.9880,member
R90401597,electric_bike,2026-08-20 08:54:18,2026-08-20 09:01:14,Lafayette St & E 8 St,5906.08,Cleveland Pl & Spring St,6679.12,40.7302,-73.9911,40.7220,-73.9973,member
R90401600,classic_bike,2026-08-20 08:54:51,2026-08-20 09:13:14,E 7 St & Avenue A,5428.06,W 26 St & 8 Ave,6253.07,40.7263,-73.9838,40.7472,-73.9973,casual
R90401547,electric_bike,2026-08-20 08:54:56,2026-08-20 09:06:36,Christopher St & Greenwich St,6202.07,w 33 st & 7 ave,6594.06,40.7329,-74.0071,40.7502,-73.9908,member
R90401565,classic_bike,2026-08-20 08:57:16,2026-08-20 09:25:07,Broadway & E 14 St,6115.16,Vesey Pl & River Terrace,6741.09,40.7345,-73.9906,40.7153,-74.0163,member
R90401554,classic_bike,2026-08-20 08:57:37,2026-08-20 09:16:31,Lafayette St & E 8 St,5906.08,E 47 St & Park Ave,6462.07,40.7302,-73.9911,40.7550,-73.9750,member
R90401588,classic_bike,2026-08-20 08:58:29,2026-08-20 09:21:02,carmine st & 6 ave,6650.03,south end ave & liberty st,6060.05,40.7303,-74.0022,40.7112,-74.0158,member
R90401602,classic_bike,2026-08-20 08:59:06,2026-08-20 09:15:23,Carmine St & 6 Ave,6650.03,Vesey Pl & River Terrace,6741.09,40.7303,-74.0022,40.7153,-74.0163,member
R90401570,classic_bike,2026-08-20 08:59:07,2026-08-20 09:10:25,1 Ave & E 68 St,6056.19,E 43 St & Vanderbilt Ave,6741.16,40.7651,-73.9582,40.7530,-73.9774,casual
R90401575,classic_bike,2026-08-20 08:59:08,2026-08-20 09:10:45,1 Ave & E 68 St,6056.19,E 47 St & Park Ave,6462.07,40.7651,-73.9582,40.7550,-73.9750,member
R90401549,classic_bike,2026-08-20 08:59:35,2026-08-20 09:21:29,E 7 St & Avenue A,5428.06,broadway & battery pl,6881.14,40.7263,-73.9838,40.7045,-74.0136,member
R90401614,classic_bike,2026-08-20 09:00:32,2026-08-20 09:18:48,W 20 St & 11 Ave,5160.04,E 47 St & Park Ave ,6462.07,40.7465,-74.0077,40.7550,-73.9750,member
R90401644,classic_bike,2026-08-20 09:00:50,2026-08-20 09:19:15,E 72 St & York Ave,6000.10,Pershing Square North,6711.03,40.7660,-73.9535,40.7518,-73.9778,member
R90401621,classic_bike,2026-08-20 09:02:28,2026-08-20 09:06:51,w 33 st & 7 ave,6594.06,W 26 St & 8 Ave,6253.07,40.7502,-73.9908,40.7472,-73.9973,casual
R90401633,classic_bike,2026-08-20 09:04:10,2026-08-20 09:09:29,6  Ave & W 33 St,5431.02,Broadway & W 41 St,6732.19,40.7490,-73.9880,40.7553,-73.9868,member
R90401623,classic_bike,2026-08-20 09:04:11,2026-08-20 09:28:31,Lafayette St & E 8 St,568,E 47 St & Park Ave,6462.07,40.7302,-73.9911,40.7550,-73.9750,member
R90401641,classic_bike,2026-08-20 09:06:41,2026-08-20 09:15:31,Carmine St & 6 Ave,6650.03,Cleveland Pl & Spring St,6679.12,40.7303,-74.0022,40.7220,-73.9973,member
R90401628,classic_bike,2026-08-20 09:07:34,2026-08-20 09:18:31,E  17 St & Broadway,5307.10,8 Ave & W 31 St,6359.12,40.7371,-73.9902,40.7505,-73.9947,member
R90401618,electric_bike,2026-08-20 09:10:46,2026-08-20 09:26:15,Broadway & E 14 St,6115.16,E 43 St & Vanderbilt Ave,6741.16,40.7345,-73.9906,40.7530,-73.9774,casual
R90401642,classic_bike,2026-08-20 09:11:53,2026-08-20 09:27:49,E 72 St & York Ave,6000.10,Pershing Square North,6711.03,40.7660,-73.9535,40.7518,-73.9778,member
R90401642,classic_bike,2026-08-20 09:11:53,2026-08-20 09:27:49,E 72 St & York Ave,6000.10,Pershing Square North,6711.03,40.7660,-73.9535,40.7518,-73.9778,member
R90401617,classic_bike,2026-08-20 09:13:22,2026-08-20 09:35:09,E 17 St & Broadway,5307.10,W 41 St & 8 Ave ,6419.19,40.7371,-73.9902,40.7562,-73.9901,member
R90401627,classic_bike,2026-08-20 09:13:59,2026-08-20 09:23:36,Lafayette St & E 8 St,5906.08,Cleveland Pl & Spring St,6679.12,40.7302,-73.9911,40.7220,-73.9973,member
R90401632,electric_bike,2026-08-20 09:16:59,2026-08-20 09:34:06,1 Ave & E 68 St ,6056.19,6 Ave & W 33 St,5431.02,40.7651,-73.9582,40.7490,-73.9880,member
R90401625,electric_bike,2026-08-20 09:17:23,2026-08-20 09:26:51,Christopher St & Greenwich St,6202.07,West St & Chambers St,6917.09,40.7329,-74.0071,40.7175,-74.0132,member
R90401639,classic_bike,2026-08-20 09:17:57,2026-08-20 09:26:20,W 33 St & 7 Ave,6594.06,W 26 St & 8 Ave,6253.07,40.7502,-73.9908,40.7472,-73.9973,casual
R90401610,classic_bike,2026-08-20 09:20:48,2026-08-20 09:29:43,W 20 St & 11 Ave,5160.04,8 Ave & W 31 St,6359.12,40.7465,-74.0077,40.7505,-73.9947,member
R90401609,classic_bike,2026-08-20 09:24:57,2026-08-20 09:35:21,W 21 St and 6 Ave,6173.11,W 41 St & 8 Ave,6419.19,40.7417,-73.9942,40.7562,-73.9901,member
R90401638,electric_bike,2026-08-20 09:27:17,2026-08-20 09:41:18,University Pl & E 14 St,5183.03,Vesey Pl & River Terrace,6741.09,40.7349,-73.9922,40.7153,-74.0163,member
R90401611,classic_bike,2026-08-20 09:29:03,2026-08-20 09:40:20,Lexington Ave & E 63 St,5734.15,W 45 St & 6 Ave,6785.05,40.7642,-73.9660,40.7566,-73.9826,member
R90401620,electric_bike,2026-08-20 09:32:41,2026-08-20 09:44:30,Lafayette St & E 8 St,5906.08,6 Ave & W 33 St,5431.02,40.7302,-73.9911,40.7490,-73.9880,casual
R90401643,classic_bike,2026-08-20 09:34:22,2026-08-20 10:06:23,Carmine St & 6 Ave,6650.03,e 47 st & park ave,6462.07,40.7303,-74.0022,40.7550,-73.9750,member
R90401629,classic_bike,2026-08-20 09:34:40,2026-08-20 09:55:11,Carmine St & 6 Ave ,6650.03,Broadway & W 41 St,6732.19,40.7303,-74.0022,40.7553,-73.9868,member
R90401624,classic_bike,2026-08-20 09:35:08,2026-08-20 09:51:08,Lexington Ave & E 63 St,5734.15,W 41 St & 8 Ave,6419.19,40.7642,-73.9660,40.7562,-73.9901,member
R90401612,classic_bike,2026-08-20 09:37:34,2026-08-20 09:57:29,E 17 St & Broadway,5307.10,Broadway & W 41 St,6732.19,40.7371,-73.9902,40.7553,-73.9868,member
R90401636,classic_bike,2026-08-20 09:39:06,2026-08-20 09:49:15,Lafayette St & E 8 St,5906.08,Cleveland Pl & Spring St,6679.12,40.7302,-73.9911,40.7220,-73.9973,member
R90401645,classic_bike,2026-08-20 09:40:01,2026-08-20 09:55:09,Broadway & E 14 St,6115.16,W 41 St & 8 Ave,6419.19,40.7345,-73.9906,40.7562,-73.9901,member
R90401630,classic_bike,2026-08-20 09:42:43,2026-08-20 09:59:34,Broadway & E 14 St,6115.16,Broadway & W 41 St,241,40.7345,-73.9906,40.7553,-73.9868,member
R90401637,classic_bike,2026-08-20 09:42:47,2026-08-20 09:49:46,W 45 St & 6 Ave,6785.05,Pershing Square North,6711.03,40.7566,-73.9826,40.7518,-73.9778,member
R90401622,classic_bike,2026-08-20 09:43:10,2026-08-20 09:50:34,W 26 St & 8 Ave,6253.07,Broadway & W 41 St,6732.19,40.7472,-73.9973,40.7553,-73.9868,member
R90401646,classic_bike,2026-08-20 09:44:12,2026-08-20 10:00:39,E  72 St & York Ave,6000.10,E 43 St & Vanderbilt Ave,6741.16,40.7660,-73.9535,40.7530,-73.9774,member
R90401640,classic_bike,2026-08-20 09:44:22,2026-08-20 10:01:51,1 Ave & E 68 St,6056.19,w 41 st & 8 ave,6419.19,40.7651,-73.9582,40.7562,-73.9901,member
R90401616,classic_bike,2026-08-20 09:44:55,2026-08-20 10:01:54,E 75 St & 3 Ave,6186.15,6 Ave & W 33 St,532,40.7714,-73.9573,40.7490,-73.9880,member
R90401619,electric_bike,2026-08-20 09:48:27,2026-08-20 09:51:51,University Pl & E 14 St,5183.03,Lafayette St & E 8 St,5906.08,40.7349,-73.9922,40.7302,-73.9911,casual
R90401635,classic_bike,2026-08-20 09:49:01,2026-08-20 09:58:22,Lexington Ave & E 63 St,5734.15,E 43 St & Vanderbilt Ave,6741.16,40.7642,-73.9660,40.7530,-73.9774,member
R90401613,classic_bike,2026-08-20 09:51:41,2026-08-20 10:02:57,W 21 St & 6 Ave,6173.11,Pershing Square North,6711.03,40.7417,-73.9942,40.7518,-73.9778,member
R90401634,classic_bike,2026-08-20 09:52:42,2026-08-20 10:11:46,Lafayette St & E 8 St ,5906.08,W 45 St & 6 Ave,6785.05,40.7302,-73.9911,40.7566,-73.9826,casual
R90401626,classic_bike,2026-08-20 09:55:53,2026-08-20 10:07:54,W 21 St & 6 Ave,6173.11,Broadway & W 41 St ,6732.19,40.7417,-73.9942,40.7553,-73.9868,member
R90401631,classic_bike,2026-08-20 09:56:11,2026-08-20 10:15:34,University Pl & E 14 St,5183.03,West St & Chambers St,6917.09,40.7349,-73.9922,40.7175,-74.0132,member
R90401615,classic_bike,2026-08-20 09:56:49,2026-08-20 10:12:35,E 75 St & 3 Ave,6186.15,Pershing Square North,301,40.7714,-73.9573,40.7518,-73.9778,member
R90401648,classic_bike,2026-08-20 10:01:57,2026-08-20 10:06:52,W 33 St & 7 Ave,6594.06,Broadway & W 41 St,6732.19,40.7502,-73.9908,40.7553,-73.9868,member
R90401649,classic_bike,2026-08-20 10:02:54,2026-08-20 10:15:40,Broadway & W 41 St,6732.19,W 26 St & 8 Ave,6253.07,40.7553,-73.9868,40.7472,-73.9973,member
R90401667,classic_bike,2026-08-20 10:10:04,2026-08-20 10:17:26,W 21 St & 6 Ave,6173.11,8 Ave & W 31 St,6359.12,40.7417,-73.9942,40.7505,-73.9947,member
R90401660,classic_bike,2026-08-20 10:12:25,2026-08-20 10:24:27,Broadway & W 41 St,6732.19,W 26 St & 8 Ave ,6253.07,40.7553,-73.9868,40.7472,-73.9973,member
R90401654,classic_bike,2026-08-20 10:16:33,2026-08-20 10:24:18,cleveland pl & spring st,508,E 7 St & Avenue A,5428.06,40.7220,-73.9973,40.7263,-73.9838,casual
R90401657,classic_bike,2026-08-20 10:21:05,2026-08-20 10:22:15,E  43 St & Vanderbilt Ave,6741.16,Pershing Square North,6711.03,40.7530,-73.9774,40.7518,-73.9778,member
R90401647,classic_bike,2026-08-20 10:24:06,2026-08-20 10:34:39,e 43 st & vanderbilt ave,590,W 45 St & 6 Ave ,6785.05,40.7530,-73.9774,40.7566,-73.9826,member
R90401661,classic_bike,2026-08-20 10:25:24,2026-08-20 10:33:16,University Pl & E 14 St,5183.03,9 Ave & W 22 St,6088.11,40.7349,-73.9922,40.7455,-74.0019,member
R90401659,classic_bike,2026-08-20 10:27:37,2026-08-20 10:33:54,6 Ave & W 33 St,5431.02,W 33 St & 7 Ave,6594.06,40.7490,-73.9880,40.7502,-73.9908,casual
R90401664,electric_bike,2026-08-20 10:28:06,2026-08-20 10:35:21,9 Ave & W 22 St,6088.11,8 Ave & W 31 St,6359.12,40.7455,-74.0019,40.7505,-73.9947,member
R90401662,docked_bike,2026-08-20 10:28:44,2026-08-20 10:41:01,W 26 St & 8 Ave,6253.07,Lafayette St & E 8 St,5906.08,40.7472,-73.9973,40.7302,-73.9911,member
R90401650,classic_bike,2026-08-20 10:29:50,2026-08-20 10:37:51,W 45 St & 6 Ave ,6785.05,W 33 St & 7 Ave,6594.06,40.7566,-73.9826,40.7502,-73.9908,member
R90401658,classic_bike,2026-08-20 10:39:23,2026-08-20 10:41:31,Vesey Pl & River Terrace,6741.09,west st & chambers st,6917.09,40.7153,-74.0163,40.7175,-74.0132,member
R90401655,electric_bike,2026-08-20 10:41:12,2026-08-20 10:33:12,Christopher St & Greenwich St,6202.07,West St & Chambers St,6917.09,40.7329,-74.0071,40.7175,-74.0132,member
R90401652,classic_bike,2026-08-20 10:43:23,2026-08-20 10:50:28,Lexington Ave & E 63 St,5734.15,1 Ave & E 68 St,6056.19,40.7642,-73.9660,40.7651,-73.9582,casual
R90401651,classic_bike,2026-08-20 10:43:45,2026-08-20 10:51:32,W 21 St & 6 Ave,6173.11,8 Ave & W 31 St,6359.12,40.7417,-73.9942,40.7505,-73.9947,member
R90401653,classic_bike,2026-08-20 10:48:53,2026-08-20 10:51:40,1 Ave & E 68 St,6056.19,E 72 St & York Ave,6000.10,40.7651,-73.9582,40.7660,-73.9535,member
R90401656,electric_bike,2026-08-20 10:49:01,2026-08-20 10:51:55,E 43 St & Vanderbilt Ave,6741.16,Pershing Square North,301,40.7530,-73.9774,40.7518,-73.9778,member
R90401663,classic_bike,2026-08-20 10:50:44,2026-08-20 10:57:44,University Pl & E 14 St,5183.03,E 7 St & Avenue A,5428.06,40.7349,-73.9922,40.7263,-73.9838,casual
R90401665,classic_bike,2026-08-20 10:51:12,2026-08-20 10:58:22,E 72 St & York Ave,6000.10,E 75 St & 3 Ave,6186.15,40.7660,-73.9535,40.7714,-73.9573,casual
R90401666,classic_bike,2026-08-20 10:58:41,2026-08-20 11:06:37,8 Ave & W 31 St,6359.12,Broadway & W 41 St,6732.19,40.7505,-73.9947,40.7553,-73.9868,member
R90401674,electric_bike,2026-08-20 11:07:50,2026-08-20 11:15:01,W 45 St & 6 Ave,6785.05,W 33 St & 7 Ave,6594.06,40.7566,-73.9826,40.7502,-73.9908,member
R90401671,electric_bike,2026-08-20 11:10:49,2026-08-20 11:20:36,W 41 St & 8 Ave,6419.19,Pershing Square North,6711.03,40.7562,-73.9901,40.7518,-73.9778,member
R90401672,classic_bike,2026-08-20 11:14:59,2026-08-20 11:17:24,W 20 St & 11 Ave,5160.04,9 Ave & W 22 St,6088.11,40.7465,-74.0077,40.7455,-74.0019,member
R90401669,electric_bike,2026-08-20 11:15:41,,W 26 St & 8 Ave,439,,,40.7472,-73.9973,,,member
R90401673,classic_bike,2026-08-20 11:21:50,2026-08-20 11:31:12,Cleveland Pl & Spring St,6679.12,West St & Chambers St,6917.09,40.7220,-73.9973,40.7175,-74.0132,member
R90401675,classic_bike,2026-08-20 11:41:34,2026-08-20 11:52:12,E 47 St & Park Ave,6462.07,W 33 St & 7 Ave,6594.06,40.7550,-73.9750,40.7502,-73.9908,casual
R90401670,electric_bike,2026-08-20 11:47:48,2026-08-20 11:56:56,E 17 St & Broadway,5307.10,6 Ave & W 33 St,5431.02,40.7371,-73.9902,40.7490,-73.9880,member
R90401668,classic_bike,2026-08-20 11:55:24,2026-08-20 11:59:11,6 Ave & W 33 St,5431.02,W 33 St & 7 Ave,455,40.7490,-73.9880,40.7502,-73.9908,casual
R90401690,classic_bike,2026-08-20 12:02:21,2026-08-20 12:14:08,Lexington Ave & E 63 St,5734.15,E 43 St & Vanderbilt Ave,6741.16,40.7642,-73.9660,40.7530,-73.9774,casual
R90401686,electric_bike,2026-08-20 12:03:09,2026-08-20 12:11:19,8 Ave & W 31 St,6359.12,W 21 St & 6 Ave,406,40.7505,-73.9947,40.7417,-73.9942,member
R90401679,classic_bike,2026-08-20 12:05:10,2026-08-20 12:21:45,Pershing Square North,6711.03,W 21 St & 6 Ave,6173.11,40.7518,-73.9778,40.7417,-73.9942,casual
R90401677,classic_bike,2026-08-20 12:14:35,2026-08-20 12:28:58,W 26 St & 8 Ave,6253.07,Pershing Square North,6711.03,40.7472,-73.9973,40.7518,-73.9778,member
R90401680,electric_bike,2026-08-20 12:16:17,2026-08-20 12:20:21,1 Ave & E 68 St,6056.19,E 72 St & York Ave,6000.10,40.7651,-73.9582,40.7660,-73.9535,member
R90401681,electric_bike,2026-08-20 12:16:42,2026-08-20 12:38:26,Broadway & Battery Pl,6881.14,University Pl & E 14 St ,5183.03,40.7045,-74.0136,40.7349,-73.9922,member
R90401687,electric_bike,2026-08-20 12:18:29,2026-08-20 12:26:38,E 75 St & 3 Ave,6186.15,Lexington Ave & E 63 St,595,40.7714,-73.9573,40.7642,-73.9660,member
R90401689,classic_bike,2026-08-20 12:22:49,2026-08-20 12:38:17,Broadway & E 14 St,6115.16,W 41 St & 8 Ave,6419.19,40.7345,-73.9906,40.7562,-73.9901,casual
R90401688,classic_bike,2026-08-20 12:25:21,2026-08-20 12:29:58,1 Ave & E 68 St,371,E 75 St & 3 Ave,6186.15,40.7651,-73.9582,40.7714,-73.9573,member
R90401685,electric_bike,2026-08-20 12:27:24,2026-08-20 12:45:05,W 26 St & 8 Ave,6253.07,Vesey Pl & River Terrace,6741.09,40.7472,-73.9973,40.7153,-74.0163,member
R90401682,classic_bike,2026-08-20 12:47:03,2026-08-20 12:52:42,W 41 St & 8 Ave,6419.19,W 33 St & 7 Ave,6594.06,40.7562,-73.9901,40.7502,-73.9908,member
R90401678,electric_bike,2026-08-20 12:49:12,2026-08-20 12:53:34,Vesey Pl & River Terrace,6741.09,West St & Chambers St,6917.09,40.7153,-74.0163,40.7175,-74.0132,member
R90401684,classic_bike,2026-08-20 12:49:53,2026-08-20 12:56:56,Pershing Square North,6711.03,W 41 St & 8 Ave,6419.19,40.7518,-73.9778,40.7562,-73.9901,member
R90401676,classic_bike,2026-08-20 12:51:51,2026-08-20 13:08:37,Broadway & E 14 St,6115.16,E 43 St & Vanderbilt Ave,6741.16,40.7345,-73.9906,40.7530,-73.9774,member
R90401691,electric_bike,2026-08-20 12:53:28,2026-08-20 13:01:38,E 47 St & Park Ave,415,W 33 St & 7 Ave,455,40.7550,-73.9750,40.7502,-73.9908,casual
R90401683,electric_bike,2026-08-20 12:55:47,2026-08-20 12:58:45,Lafayette St & E 8 St,5906.08,University Pl & E 14 St,5183.03,40.7302,-73.9911,40.7349,-73.9922,member
R90401697,classic_bike,2026-08-20 13:06:23,2026-08-20 13:22:55,W 41 St & 8 Ave,6419.19,E 17 St & Broadway,5307.10,40.7562,-73.9901,40.7371,-73.9902,casual
R90401695,electric_bike,2026-08-20 13:13:02,2026-08-20 13:22:43,W 41 St & 8 Ave,6419.19,E 47 St & Park Ave,6462.07,40.7562,-73.9901,40.7550,-73.9750,member
R90401704,classic_bike,2026-08-20 13:17:34,2026-08-20 13:24:04,Lafayette St & E 8 St,5906.08,University Pl & E 14 St,382,40.7302,-73.9911,40.7349,-73.9922,member
R90401707,classic_bike,2026-08-20 13:20:52,2026-08-20 13:33:07,W 41 St & 8 Ave,6419.19,lexington ave & e 63 st,5734.15,40.7562,-73.9901,40.7642,-73.9660,casual
R90401706,electric_bike,2026-08-20 13:28:21,2026-08-20 13:41:17,E 47 St & Park Ave,6462.07,E 72 St & York Ave,6000.10,40.7550,-73.9750,40.7660,-73.9535,member
R90401701,classic_bike,2026-08-20 13:28:42,2026-08-20 13:47:10,6 Ave & W 33 St,5431.02,1 Ave & E 68 St,6056.19,40.7490,-73.9880,40.7651,-73.9582,casual
R90401709,classic_bike,2026-08-20 13:30:47,2026-08-20 13:37:28,E 43 St & Vanderbilt Ave,6741.16,W 45 St & 6 Ave,6785.05,40.7530,-73.9774,40.7566,-73.9826,member
R90401693,electric_bike,2026-08-20 13:32:06,2026-08-20 13:54:17,broadway & battery pl,6881.14,9 ave & w 22 st,6088.11,40.7045,-74.0136,40.7455,-74.0019,member
R90401696,docked_bike,2026-08-20 13:32:06,2026-08-20 13:42:19,W 26 St & 8 Ave,439,Broadway & W 41 St,6732.19,40.7472,-73.9973,40.7553,-73.9868,casual
R90401708,classic_bike,2026-08-20 13:32:21,2026-08-20 13:40:30,E 7 St & Avenue A,5428.06,Cleveland Pl & Spring St,6679.12,40.7263,-73.9838,40.7220,-73.9973,member
R90401705,classic_bike,2026-08-20 13:37:19,2026-08-20 13:43:12,W 26 St & 8 Ave,6253.07,W 21 St & 6 Ave,6173.11,40.7472,-73.9973,40.7417,-73.9942,member
R90401698,electric_bike,2026-08-20 13:38:41,2026-08-20 14:03:02,E 75 St & 3 Ave,6186.15,University Pl & E 14 St,5183.03,40.7714,-73.9573,40.7349,-73.9922,member
R90401703,classic_bike,2026-08-20 13:42:14,2026-08-20 13:50:40,9 ave & w 22 st,6088.11,Broadway & E 14 St,6115.16,40.7455,-74.0019,40.7345,-73.9906,casual
R90401694,electric_bike,2026-08-20 13:42:55,2026-08-20 13:57:16,West St & Chambers St,6917.09,W 21 St & 6 Ave,6173.11,40.7175,-74.0132,40.7417,-73.9942,member
R90401700,electric_bike,2026-08-20 13:44:38,2026-08-20 13:54:48,W 26 St & 8 Ave,6253.07,E 43 St & Vanderbilt Ave,6741.16,40.7472,-73.9973,40.7530,-73.9774,member
R90401702,electric_bike,2026-08-20 13:46:34,2026-08-20 13:51:49,Broadway & W 41 St,241,W 33 St & 7 Ave,6594.06,40.7553,-73.9868,40.7502,-73.9908,casual
R90401699,electric_bike,2026-08-20 13:52:20,2026-08-20 14:00:38,W 26 St & 8 Ave,6253.07,W 21 St & 6 Ave,6173.11,40.7472,-73.9973,40.7417,-73.9942,casual
R90401692,electric_bike,2026-08-20 13:55:12,2026-08-20 14:00:54,1 Ave & E 68 St,6056.19,E 72 St & York Ave,6000.10,40.7651,-73.9582,40.7660,-73.9535,member
R90401721,electric_bike,2026-08-20 14:03:12,2026-08-20 14:15:40,E 75 St & 3 Ave,6186.15,E 47 St & Park Ave,6462.07,40.7714,-73.9573,40.7550,-73.9750,casual
R90401720,classic_bike,2026-08-20 14:04:52,2026-08-20 14:14:00,W 33 St & 7 Ave,6594.06,Broadway & W 41 St,6732.19,40.7502,-73.9908,40.7553,-73.9868,member
R90401715,electric_bike,2026-08-20 14:13:04,2026-08-20 14:19:34,west st & chambers st,6917.09,Vesey Pl & River Terrace,6741.09,40.7175,-74.0132,40.7153,-74.0163,member
R90401711,classic_bike,2026-08-20 14:13:05,2026-08-20 14:30:05,E 7 St & Avenue A,5428.06,Christopher St & Greenwich St,499,40.7263,-73.9838,40.7329,-74.0071,member
R90401711,classic_bike,2026-08-20 14:13:05,2026-08-20 14:30:05,E 7 St & Avenue A,5428.06,Christopher St & Greenwich St,499,40.7263,-73.9838,40.7329,-74.0071,member
R90401716,classic_bike,2026-08-20 14:14:03,2026-08-20 14:17:10,Pershing Square North,6711.03,E 43 St and Vanderbilt Ave,6741.16,40.7518,-73.9778,40.7530,-73.9774,casual
R90401719,electric_bike,2026-08-20 14:14:54,2026-08-20 14:18:21,W 41 St & 8 Ave,6419.19,W 45 St & 6 Ave,6785.05,40.7562,-73.9901,40.7566,-73.9826,casual
R90401710,electric_bike,2026-08-20 14:19:38,2026-08-20 14:25:52,8 Ave & W 31 St,6359.12,9 Ave and W 22 St,6088.11,40.7505,-73.9947,40.7455,-74.0019,member
R90401713,electric_bike,2026-08-20 14:21:12,2026-08-20 14:25:33,Broadway & E 14 St,6115.16,Lafayette St & E 8 St,5906.08,40.7345,-73.9906,40.7302,-73.9911,member
R90401718,classic_bike,2026-08-20 14:25:59,2026-08-20 14:50:26,E 75 St & 3 Ave,6186.15,W 33 St & 7 Ave,6594.06,40.7714,-73.9573,40.7502,-73.9908,casual
R90401722,classic_bike,2026-08-20 14:29:37,2026-08-20 14:34:11,W 17 St & 8 Ave,5891.11,W 20 St & 11 Ave,5160.04,40.7418,-74.0015,40.7465,-74.0077,member
R90401726,electric_bike,2026-08-20 14:31:59,2026-08-20 14:35:37,Christopher St and Greenwich St,6202.07,Carmine St & 6 Ave,6650.03,40.7329,-74.0071,40.7303,-74.0022,member
R90401712,electric_bike,2026-08-20 14:33:01,2026-08-20 14:38:50,Pershing Square North,6711.03,E 47 St & Park Ave,6462.07,40.7518,-73.9778,40.7550,-73.9750,member
R90401724,classic_bike,2026-08-20 14:43:12,2026-08-20 14:50:56,South End Ave & Liberty St,6060.05,Broadway & Battery Pl,6881.14,40.7112,-74.0158,40.7045,-74.0136,member
R90401714,electric_bike,2026-08-20 14:43:40,2026-08-20 14:52:04,W 33 St & 7 Ave,6594.06,W 20 St & 11 Ave,5160.04,40.7502,-73.9908,40.7465,-74.0077,casual
R90401725,classic_bike,2026-08-20 14:53:26,2026-08-20 15:00:32,W 33 St & 7 Ave,6594.06,Broadway & W 41 St,241,40.7502,-73.9908,40.7553,-73.9868,member
R90401717,electric_bike,2026-08-20 14:55:03,2026-08-20 15:07:19,W 26 St & 8 Ave,6253.07,lafayette st & e 8 st,5906.08,40.7472,-73.9973,40.7302,-73.9911,member
R90401723,classic_bike,2026-08-20 14:57:23,2026-08-20 15:16:45,W 33 St & 7 Ave,6594.06,E 75 St & 3 Ave,6186.15,40.7502,-73.9908,40.7714,-73.9573,member
R90401730,classic_bike,2026-08-20 15:00:05,2026-08-20 15:13:13,Christopher St & Greenwich St,6202.07,9 Ave & W 22 St,6088.11,40.7329,-74.0071,40.7455,-74.0019,casual
R90401728,classic_bike,2026-08-20 15:09:02,2026-08-20 15:53:11,E 75 St & 3 Ave,6186.15,E 7 St & Avenue A,5428.06,40.7714,-73.9573,40.7263,-73.9838,member
R90401731,classic_bike,2026-08-20 15:11:32,2026-08-20 15:20:20,Lafayette St & E 8 St,568,W 21 St & 6 Ave,6173.11,40.7302,-73.9911,40.7417,-73.9942,member
R90401743,classic_bike,2026-08-20 15:18:13,2026-08-20 15:33:51,Christopher St & Greenwich St,6202.07,W 33 St & 7 Ave,6594.06,40.7329,-74.0071,40.7502,-73.9908,member
R90401742,classic_bike,2026-08-20 15:25:40,2026-08-20 15:29:33,Broadway & E 14 St,6115.16,University Pl & E 14 St,5183.03,40.7345,-73.9906,40.7349,-73.9922,member
R90401741,electric_bike,2026-08-20 15:27:20,2026-08-20 15:39:13,Christopher St & Greenwich St,6202.07,E 7 St & Avenue A,5428.06,40.7329,-74.0071,40.7263,-73.9838,member
R90401737,classic_bike,2026-08-20 15:31:04,2026-08-20 15:42:07,W 41 St & 8 Ave,6419.19,w 20 st & 11 ave,5160.04,40.7562,-73.9901,40.7465,-74.0077,member
R90401734,classic_bike,2026-08-20 15:33:43,2026-08-20 15:39:31,9 Ave & W 22 St,6088.11,8 Ave & W 31 St,475,40.7455,-74.0019,40.7505,-73.9947,member
R90401729,classic_bike,2026-08-20 15:34:19,2026-08-20 15:42:22,cleveland pl & spring st,6679.12,Carmine St & 6 Ave,6650.03,40.7220,-73.9973,40.7303,-74.0022,member
R90401740,classic_bike,2026-08-20 15:35:09,2026-08-20 15:38:26,Pershing Square North,6711.03,E 47 St & Park Ave,415,40.7518,-73.9778,40.7550,-73.9750,member
R90401736,docked_bike,2026-08-20 15:36:08,2026-08-20 15:37:45,E 43 St & Vanderbilt Ave,6741.16,Pershing Square North,6711.03,40.7530,-73.9774,40.7518,-73.9778,member
R90401732,classic_bike,2026-08-20 15:38:50,2026-08-20 15:45:29,E 7 St & Avenue A,5428.06,Lafayette St & E 8 St,5906.08,40.7263,-73.9838,40.7302,-73.9911,member
R90401735,classic_bike,2026-08-20 15:44:14,2026-08-20 15:48:38,W 17 St & 8 Ave,5891.11,W 20 St & 11 Ave,5160.04,40.7418,-74.0015,40.7465,-74.0077,member
R90401733,electric_bike,2026-08-20 15:45:28,2026-08-20 15:51:49,Pershing Square North,6711.03,W 33 St & 7 Ave,455,40.7518,-73.9778,40.7502,-73.9908,member
R90401739,electric_bike,2026-08-20 15:52:50,2026-08-20 15:58:29,E 75 St & 3 Ave,6186.15,E 72 St and York Ave,6000.10,40.7714,-73.9573,40.7660,-73.9535,member
R90401745,electric_bike,2026-08-20 15:58:19,2026-08-20 16:10:55,Broadway & E 14 St,6115.16,W 41 St & 8 Ave,6419.19,40.7345,-73.9906,40.7562,-73.9901,casual
R90401738,classic_bike,2026-08-20 15:59:14,2026-08-20 16:13:12,Pershing Square North,6711.03,W 26 St & 8 Ave,6253.07,40.7518,-73.9778,40.7472,-73.9973,member
R90401727,classic_bike,2026-08-20 15:59:36,2026-08-20 16:11:43,Lafayette St & E 8 St,5906.08,W 21 St & 6 Ave,406,40.7302,-73.9911,40.7417,-73.9942,member
R90401744,classic_bike,2026-08-20 15:59:58,2026-08-20 16:09:31,broadway & w 41 st,6732.19,E 47 St & Park Ave,6462.07,40.7553,-73.9868,40.7550,-73.9750,member
R90401762,classic_bike,2026-08-20 16:01:03,2026-08-20 16:07:42,6 Ave & W 33 St,5431.02,E 43 St & Vanderbilt Ave,6741.16,40.7490,-73.9880,40.7530,-73.9774,member
R90401764,docked_bike,2026-08-20 16:05:28,2026-08-20 16:09:41,W 45 St & 6 Ave,6785.05,Broadway  & W 41 St,241,40.7566,-73.9826,40.7553,-73.9868,member
R90401754,electric_bike,2026-08-20 16:05:57,2026-08-20 16:19:08,Pershing Square North,6711.03,E 72 St & York Ave,6000.10,40.7518,-73.9778,40.7660,-73.9535,member
R90401748,classic_bike,2026-08-20 16:07:07,,E 47 St & Park Ave,6462.07,,,40.7550,-73.9750,,,casual
R90401759,classic_bike,2026-08-20 16:10:14,2026-08-20 16:30:42,W 41 St & 8 Ave,6419.19,E 7 St & Avenue A,5428.06,40.7562,-73.9901,40.7263,-73.9838,member
R90401750,classic_bike,2026-08-20 16:11:03,2026-08-20 16:25:45,E 47 St & Park Ave,6462.07,E 17 St & Broadway,5307.10,40.7550,-73.9750,40.7371,-73.9902,member
R90401756,classic_bike,2026-08-20 16:11:28,2026-08-20 16:29:45,W 41 St & 8 Ave,6419.19,Broadway & E 14 St,514,40.7562,-73.9901,40.7345,-73.9906,member
R90401752,classic_bike,2026-08-20 16:12:31,2026-08-20 16:24:17,pershing square north,6711.03,Lexington Ave & E 63 St,5734.15,40.7518,-73.9778,40.7642,-73.9660,casual
R90401761,classic_bike,2026-08-20 16:13:05,2026-08-20 16:24:22,Pershing Square North ,6711.03,W 33 St & 7 Ave,6594.06,40.7518,-73.9778,40.7502,-73.9908,member
R90401749,electric_bike,2026-08-20 16:14:03,2026-08-20 16:25:48,8 Ave & W 31 St,6359.12,Broadway & E 14 St,6115.16,40.7505,-73.9947,40.7345,-73.9906,member
R90401751,classic_bike,2026-08-20 16:14:19,2026-08-20 16:23:43,6 Ave & W 33 St,5431.02,e 17 st & broadway,5307.10,40.7490,-73.9880,40.7371,-73.9902,member
R90401760,electric_bike,2026-08-20 16:17:35,2026-08-20 16:34:09,E 43 St & Vanderbilt Ave,6741.16,1 Ave & E 68 St,6056.19,40.7530,-73.9774,40.7651,-73.9582,member
R90401757,electric_bike,2026-08-20 16:20:44,2026-08-20 16:24:08,christopher st & greenwich st,6202.07,Carmine St & 6 Ave,6650.03,40.7329,-74.0071,40.7303,-74.0022,member
R90401753,electric_bike,2026-08-20 16:21:27,2026-08-20 16:29:14,Cleveland Pl & Spring St,6679.12,e 7 st & avenue a,5428.06,40.7220,-73.9973,40.7263,-73.9838,member
R90401766,classic_bike,2026-08-20 16:22:36,2026-08-20 16:42:55,West  St & Chambers St,6917.09,university pl & e 14 st,5183.03,40.7175,-74.0132,40.7349,-73.9922,member
R90401765,electric_bike,2026-08-20 16:28:22,2026-08-20 16:35:27,W 17 St & 8 Ave,5891.11,8 Ave & W 31 St,475,40.7418,-74.0015,40.7505,-73.9947,casual
R90401767,classic_bike,2026-08-20 16:31:49,2026-08-20 16:47:24,Vesey Pl & River Terrace,6741.09,Broadway & E 14 St ,6115.16,40.7153,-74.0163,40.7345,-73.9906,member
R90401763,classic_bike,2026-08-20 16:32:29,2026-08-20 16:37:02,West  St & Chambers St,6917.09,Vesey Pl & River Terrace,6741.09,40.7175,-74.0132,40.7153,-74.0163,member
R90401768,classic_bike,2026-08-20 16:36:12,2026-08-20 16:42:58,Lafayette St & E 8 St,5906.08,Carmine St & 6 Ave,6650.03,40.7302,-73.9911,40.7303,-74.0022,casual
R90401755,classic_bike,2026-08-20 16:37:37,2026-08-20 16:42:50,W 33 St & 7 Ave,455,W 41 St & 8 Ave,6419.19,40.7502,-73.9908,40.7562,-73.9901,member
R90401758,classic_bike,2026-08-20 16:46:38,2026-08-20 16:53:09,e 43 st & vanderbilt ave,6741.16,6 Ave & W 33 St,5431.02,40.7530,-73.9774,40.7490,-73.9880,member
R90401747,classic_bike,2026-08-20 16:51:38,2026-08-20 16:59:41,Cleveland Pl & Spring St,6679.12,E 7 St & Avenue A,5428.06,40.7220,-73.9973,40.7263,-73.9838,member
R90401746,classic_bike,2026-08-20 16:57:00,2026-08-20 17:14:37,Pershing Square North,6711.03,E 72 St & York Ave,6000.10,40.7518,-73.9778,40.7660,-73.9535,member
R90401798,classic_bike,2026-08-20 17:04:23,2026-08-20 17:11:49,1 Ave & E 68 St,6056.19,Lexington Ave & E 63 St,5734.15,40.7651,-73.9582,40.7642,-73.9660,member
R90401770,classic_bike,2026-08-20 17:06:32,2026-08-20 17:27:06,Broadway & Battery Pl,6881.14,University Pl & E 14 St,5183.03,40.7045,-74.0136,40.7349,-73.9922,casual
R90401789,classic_bike,2026-08-20 17:06:42,2026-08-20 17:15:38,Cleveland Pl & Spring St,6679.12,Carmine St & 6 Ave,6650.03,40.7220,-73.9973,40.7303,-74.0022,casual
R90401791,classic_bike,2026-08-20 17:07:18,2026-08-20 17:14:40,6 Ave & W 33 St ,5431.02,Pershing Square North,6711.03,40.7490,-73.9880,40.7518,-73.9778,member
R90401790,classic_bike,2026-08-20 17:07:58,2026-08-20 17:22:48,E 43 St & Vanderbilt Ave,6741.16,E 72 St & York Ave,6000.10,40.7530,-73.9774,40.7660,-73.9535,member
R90401799,electric_bike,2026-08-20 17:08:36,2026-08-20 17:21:40,W 26 St & 8 Ave,6253.07,Lafayette St & E 8 St,5906.08,40.7472,-73.9973,40.7302,-73.9911,member
R90401804,electric_bike,2026-08-20 17:08:36,2026-08-20 17:18:38,Vesey Pl & River Terrace,6741.09,broadway & battery pl,6881.14,40.7153,-74.0163,40.7045,-74.0136,member
R90401808,classic_bike,2026-08-20 17:12:07,2026-08-20 17:22:58,W 33 St & 7 Ave,6594.06,W 45 St & 6 Ave,6785.05,40.7502,-73.9908,40.7566,-73.9826,member
R90401771,classic_bike,2026-08-20 17:13:33,2026-08-20 17:25:10,South End Ave & Liberty St,6060.05,Cleveland Pl & Spring St,6679.12,40.7112,-74.0158,40.7220,-73.9973,member
R90401803,classic_bike,2026-08-20 17:15:44,2026-08-20 17:26:05,W 41 St & 8 Ave,6419.19,W 20 St & 11 Ave,5160.04,40.7562,-73.9901,40.7465,-74.0077,member
R90401792,classic_bike,2026-08-20 17:16:25,2026-08-20 17:23:10,Broadway & W 41 St,6732.19,E 47 St & Park Ave,6462.07,40.7553,-73.9868,40.7550,-73.9750,member
R90401779,classic_bike,2026-08-20 17:17:02,2026-08-20 17:28:06,E 43 St & Vanderbilt Ave,6741.16,1 Ave & E 68 St,6056.19,40.7530,-73.9774,40.7651,-73.9582,member
R90401772,classic_bike,2026-08-20 17:18:20,2026-08-20 17:36:03,Pershing Square North,6711.03,W 26 St & 8 Ave,6253.07,40.7518,-73.9778,40.7472,-73.9973,casual
R90401786,electric_bike,2026-08-20 17:18:32,2026-08-20 17:34:21,W 41 St & 8 Ave,6419.19,Lafayette St & E 8 St,5906.08,40.7562,-73.9901,40.7302,-73.9911,member
R90401809,classic_bike,2026-08-20 17:18:58,2026-08-20 17:28:30,W  41 St & 8 Ave,6419.19,W 33 St & 7 Ave,455,40.7562,-73.9901,40.7502,-73.9908,member
R90401782,classic_bike,2026-08-20 17:19:13,2026-08-20 17:25:45,Broadway & W 41 St,6732.19,W 41 St & 8 Ave,6419.19,40.7553,-73.9868,40.7562,-73.9901,casual
R90401781,classic_bike,2026-08-20 17:21:54,2026-08-20 17:30:14,Cleveland Pl & Spring St,6679.12,Lafayette St & E 8 St,5906.08,40.7220,-73.9973,40.7302,-73.9911,member
R90401795,classic_bike,2026-08-20 17:22:10,2026-08-20 17:27:07,Broadway & W 41 St,241,W 41 St & 8 Ave,6419.19,40.7553,-73.9868,40.7562,-73.9901,member
R90401813,classic_bike,2026-08-20 17:25:16,2026-08-20 17:33:19,Cleveland Pl & Spring St,6679.12,Lafayette St & E 8 St,5906.08,40.7220,-73.9973,40.7302,-73.9911,member
R90401796,electric_bike,2026-08-20 17:26:03,2026-08-20 17:34:08,E 47 St & Park Ave,6462.07,W 41 St & 8 Ave,6419.19,40.7550,-73.9750,40.7562,-73.9901,member
R90401787,classic_bike,2026-08-20 17:26:16,2026-08-20 17:39:45,West St & Chambers St,6917.09,Christopher St & Greenwich St,6202.07,40.7175,-74.0132,40.7329,-74.0071,member
R90401783,classic_bike,2026-08-20 17:27:25,2026-08-20 17:33:34,South End Ave & Liberty St,6060.05,West St & Chambers St,6917.09,40.7112,-74.0158,40.7175,-74.0132,member
R90401805,classic_bike,2026-08-20 17:28:24,2026-08-20 17:36:25,Vesey Pl & River Terrace,6741.09,South End Ave & Liberty St,6060.05,40.7153,-74.0163,40.7112,-74.0158,member
R90401801,classic_bike,2026-08-20 17:29:05,2026-08-20 17:32:46,W 41 St & 8 Ave,6419.19,Broadway & W 41 St,6732.19,40.7562,-73.9901,40.7553,-73.9868,member
R90401812,classic_bike,2026-08-20 17:29:40,2026-08-20 17:40:08,W 45 St & 6 Ave,6785.05,Lexington Ave & E 63 St,5734.15,40.7566,-73.9826,40.7642,-73.9660,member
R90401807,classic_bike,2026-08-20 17:29:51,2026-08-20 17:37:53,Pershing Square North,6711.03,W 41 St & 8 Ave,6419.19,40.7518,-73.9778,40.7562,-73.9901,member
R90401788,electric_bike,2026-08-20 17:30:52,2026-08-20 17:32:53,W 41 St & 8 Ave,6419.19,Broadway & W 41 St,6732.19,40.7562,-73.9901,40.7553,-73.9868,member
R90401802,electric_bike,2026-08-20 17:31:33,2026-08-20 17:42:38,Christopher St & Greenwich St,6202.07,E 7 St & Avenue A,5428.06,40.7329,-74.0071,40.7263,-73.9838,member
R90401778,electric_bike,2026-08-20 17:33:54,2026-08-20 17:39:42,W 41 St & 8 Ave,6419.19,Pershing Square North,6711.03,40.7562,-73.9901,40.7518,-73.9778,casual
R90401811,classic_bike,2026-08-20 17:34:38,2026-08-20 17:45:02,E 47 St & Park Ave,415,W 41 St & 8 Ave,6419.19,40.7550,-73.9750,40.7562,-73.9901,casual
R90401810,classic_bike,2026-08-20 17:36:46,2026-08-20 17:51:16,Pershing Square North,6711.03,Lexington Ave & E 63 St ,5734.15,40.7518,-73.9778,40.7642,-73.9660,member
R90401776,electric_bike,2026-08-20 17:37:42,2026-08-20 17:54:26,9 Ave & W 22 St,6088.11,Lexington Ave & E 63 St,5734.15,40.7455,-74.0019,40.7642,-73.9660,member
R90401785,electric_bike,2026-08-20 17:40:22,2026-08-20 17:44:51,West St & Chambers St,6917.09,Vesey Pl & River Terrace,6741.09,40.7175,-74.0132,40.7153,-74.0163,member
R90401794,classic_bike,2026-08-20 17:40:24,,Vesey Pl & River Terrace,6741.09,,,40.7153,-74.0163,,,casual
R90401806,electric_bike,2026-08-20 17:41:23,2026-08-20 17:49:41,E 17 St & Broadway,5307.10,E 7 St & Avenue A,5428.06,40.7371,-73.9902,40.7263,-73.9838,member
R90401800,classic_bike,2026-08-20 17:42:35,2026-08-20 17:50:19,west st & chambers st,379,South End Ave & Liberty St,6060.05,40.7175,-74.0132,40.7112,-74.0158,member
R90401797,classic_bike,2026-08-20 17:45:05,2026-08-20 17:53:46,Cleveland Pl & Spring St,6679.12,Lafayette St & E 8 St,5906.08,40.7220,-73.9973,40.7302,-73.9911,member
R90401780,electric_bike,2026-08-20 17:48:24,2026-08-20 17:56:26,E 47 St & Park Ave,415,Broadway & W 41 St,6732.19,40.7550,-73.9750,40.7553,-73.9868,member
R90401777,classic_bike,2026-08-20 17:48:36,2026-08-20 17:56:35,Cleveland Pl & Spring St,6679.12,Lafayette St & E 8 St,5906.08,40.7220,-73.9973,40.7302,-73.9911,member
R90401784,classic_bike,2026-08-20 17:48:49,2026-08-20 17:58:54,Cleveland Pl & Spring St,6679.12,Lafayette St & E 8 St,5906.08,40.7220,-73.9973,40.7302,-73.9911,casual
R90401775,classic_bike,2026-08-20 17:51:02,2026-08-20 18:06:21,E 47 St & Park Ave,415,E 72 St & York Ave,6000.10,40.7550,-73.9750,40.7660,-73.9535,member
R90401769,classic_bike,2026-08-20 17:51:37,2026-08-20 18:13:26,E 43 St & Vanderbilt Ave,6741.16,Christopher St & Greenwich St,6202.07,40.7530,-73.9774,40.7329,-74.0071,member
R90401793,classic_bike,2026-08-20 17:51:41,2026-08-20 18:01:44,Cleveland Pl & Spring St,6679.12,E 7 St & Avenue A,5428.06,40.7220,-73.9973,40.7263,-73.9838,casual
R90401774,electric_bike,2026-08-20 17:52:04,2026-08-20 17:58:26,University Pl & E 14 St,5183.03,Broadway & E 14 St,6115.16,40.7349,-73.9922,40.7345,-73.9906,member
R90401773,electric_bike,2026-08-20 17:58:33,2026-08-20 18:08:44,9 Ave & W 22 St,6088.11,Broadway & E 14 St ,6115.16,40.7455,-74.0019,40.7345,-73.9906,member
R90401818,classic_bike,2026-08-20 18:00:52,2026-08-20 18:07:18,E 7 St & Avenue A,578,Lafayette St & E 8 St,5906.08,40.7263,-73.9838,40.7302,-73.9911,member
R90401848,classic_bike,2026-08-20 18:01:11,2026-08-20 18:24:38,Vesey Pl & River Terrace,6741.09,Broadway & E 14 St,6115.16,40.7153,-74.0163,40.7345,-73.9906,member
R90401856,classic_bike,2026-08-20 18:02:19,2026-08-20 18:20:19,E 43 St & Vanderbilt Ave,6741.16,E 72 St & York Ave,6000.10,40.7530,-73.9774,40.7660,-73.9535,member
R90401820,classic_bike,2026-08-20 18:03:59,2026-08-20 18:11:14,W 45 St & 6 Ave,6785.05,pershing square north,6711.03,40.7566,-73.9826,40.7518,-73.9778,member
R90401859,classic_bike,2026-08-20 18:04:13,2026-08-20 18:21:23,E 47 St & Park Ave,6462.07,Broadway & E 14 St,6115.16,40.7550,-73.9750,40.7345,-73.9906,member
R90401860,electric_bike,2026-08-20 18:04:23,2026-08-20 18:13:33,Cleveland Pl & Spring St ,6679.12,West St & Chambers St,6917.09,40.7220,-73.9973,40.7175,-74.0132,member
R90401833,docked_bike,2026-08-20 18:04:29,2026-08-20 18:10:16,W 45 St & 6 Ave,6785.05,W 33 St & 7 Ave,455,40.7566,-73.9826,40.7502,-73.9908,member
R90401817,electric_bike,2026-08-20 18:04:50,2026-08-20 18:13:16,W 33 St & 7 Ave,6594.06,W 21 St & 6 Ave,6173.11,40.7502,-73.9908,40.7417,-73.9942,member
R90401831,classic_bike,2026-08-20 18:06:24,2026-08-20 18:16:57,9 Ave & W 22 St,6088.11,Carmine St & 6 Ave,6650.03,40.7455,-74.0019,40.7303,-74.0022,member
R90401830,electric_bike,2026-08-20 18:07:34,2026-08-20 18:11:42,Broadway & W 41 St,6732.19,W 41 St & 8 Ave,6419.19,40.7553,-73.9868,40.7562,-73.9901,casual
R90401839,classic_bike,2026-08-20 18:08:23,2026-08-20 18:35:21,W 20 St & 11 Ave,5160.04,Lexington Ave & E 63 St,5734.15,40.7465,-74.0077,40.7642,-73.9660,member
R90401862,classic_bike,2026-08-20 18:08:59,2026-08-20 18:16:40,Carmine St & 6 Ave,6650.03,Lafayette St & E 8 St,568,40.7303,-74.0022,40.7302,-73.9911,member
R90401850,classic_bike,2026-08-20 18:09:51,2026-08-20 18:27:54,Pershing Square North,6711.03,Christopher St & Greenwich St,6202.07,40.7518,-73.9778,40.7329,-74.0071,casual
R90401829,classic_bike,2026-08-20 18:10:07,2026-08-20 18:15:26,South End Ave & Liberty St,6060.05,Broadway & Battery Pl,519,40.7112,-74.0158,40.7045,-74.0136,member
R90401847,electric_bike,2026-08-20 18:10:30,2026-08-20 18:25:25,Vesey Pl & River Terrace,6741.09,E 7 St and Avenue A,5428.06,40.7153,-74.0163,40.7263,-73.9838,member
R90401846,classic_bike,2026-08-20 18:10:44,2026-08-20 18:17:21,Broadway & W 41 St,6732.19,W 33 St & 7 Ave,6594.06,40.7553,-73.9868,40.7502,-73.9908,member
R90401863,classic_bike,2026-08-20 18:17:38,2026-08-20 18:20:00,broadway & w 41 st,6732.19,W 41 St & 8 Ave,6419.19,40.7553,-73.9868,40.7562,-73.9901,casual
R90401861,classic_bike,2026-08-20 18:18:55,2026-08-20 18:25:58,E 72 St & York Ave,6000.10,1 Ave & E 68 St,6056.19,40.7660,-73.9535,40.7651,-73.9582,casual
R90401828,electric_bike,2026-08-20 18:19:24,2026-08-20 18:22:34,6 Ave & W 33 St,5431.02,w 33 st & 7 ave,6594.06,40.7490,-73.9880,40.7502,-73.9908,member
R90401828,electric_bike,2026-08-20 18:19:24,2026-08-20 18:22:34,6 Ave & W 33 St,5431.02,w 33 st & 7 ave,6594.06,40.7490,-73.9880,40.7502,-73.9908,member
R90401821,classic_bike,2026-08-20 18:19:26,2026-08-20 18:37:04,E 47 St and Park Ave,6462.07,Lafayette St & E 8 St,5906.08,40.7550,-73.9750,40.7302,-73.9911,member
R90401826,classic_bike,2026-08-20 18:20:24,2026-08-20 18:22:41,West St & Chambers St,6917.09,Vesey Pl & River Terrace,6741.09,40.7175,-74.0132,40.7153,-74.0163,member
R90401824,classic_bike,2026-08-20 18:21:10,2026-08-20 18:37:49,E 47 St & Park Ave,6462.07,E 72 St & York Ave,6000.10,40.7550,-73.9750,40.7660,-73.9535,member
R90401864,electric_bike,2026-08-20 18:21:42,2026-08-20 18:24:39,Broadway & W 41 St,6732.19,W 41 St & 8 Ave,6419.19,40.7553,-73.9868,40.7562,-73.9901,casual
R90401837,electric_bike,2026-08-20 18:22:16,2026-08-20 18:30:05,E 47 St & Park Ave,6462.07,W 41 St & 8 Ave,6419.19,40.7550,-73.9750,40.7562,-73.9901,member
R90401823,electric_bike,2026-08-20 18:22:23,2026-08-20 18:31:06,Cleveland Pl & Spring St,6679.12,lafayette st & e 8 st,5906.08,40.7220,-73.9973,40.7302,-73.9911,casual
R90401815,electric_bike,2026-08-20 18:23:12,2026-08-20 18:34:35,Broadway & W 41 St,6732.19,Broadway & E 14 St,6115.16,40.7553,-73.9868,40.7345,-73.9906,member
R90401834,classic_bike,2026-08-20 18:24:15,2026-08-20 18:40:53,W 41 St & 8 Ave,6419.19,broadway & e 14 st,6115.16,40.7562,-73.9901,40.7345,-73.9906,member
R90401854,classic_bike,2026-08-20 18:25:33,2026-08-20 18:36:57,Broadway & W 41 St,6732.19,W 21 St & 6 Ave,6173.11,40.7553,-73.9868,40.7417,-73.9942,member
R90401851,classic_bike,2026-08-20 18:26:42,2026-08-20 18:42:06,Vesey Pl & River Terrace,6741.09,carmine st & 6 ave,6650.03,40.7153,-74.0163,40.7303,-74.0022,casual
R90401858,electric_bike,2026-08-20 18:28:04,2026-08-20 18:39:34,University Pl & E 14 St,5183.03,Pershing Square North,6711.03,40.7349,-73.9922,40.7518,-73.9778,casual
R90401840,classic_bike,2026-08-20 18:29:04,2026-08-20 18:49:00,Pershing Square North,6711.03,Carmine St & 6 Ave,6650.03,40.7518,-73.9778,40.7303,-74.0022,member
R90401832,electric_bike,2026-08-20 18:29:44,2026-08-20 18:34:28,Lafayette St & E 8 St,5906.08,University  Pl & E 14 St,5183.03,40.7302,-73.9911,40.7349,-73.9922,member
R90401816,classic_bike,2026-08-20 18:30:30,2026-08-20 18:38:33,6 Ave & W 33 St,5431.02,W 26 St & 8 Ave,6253.07,40.7490,-73.9880,40.7472,-73.9973,member
R90401855,classic_bike,2026-08-20 18:31:17,2026-08-20 18:42:56,W 33 St & 7 Ave,6594.06,University Pl & E 14 St,5183.03,40.7502,-73.9908,40.7349,-73.9922,member
R90401825,classic_bike,2026-08-20 18:32:39,2026-08-20 18:55:03,Broadway & Battery Pl,6881.14,University Pl & E 14 St,5183.03,40.7045,-74.0136,40.7349,-73.9922,member
R90401814,classic_bike,2026-08-20 18:32:57,2026-08-20 18:48:47,W 41 St & 8 Ave,6419.19,1 Ave & E 68 St,6056.19,40.7562,-73.9901,40.7651,-73.9582,member
R90401844,classic_bike,2026-08-20 18:33:37,2026-08-20 18:43:09,W 33 St & 7 Ave,6594.06,W 45 St & 6 Ave,6785.05,40.7502,-73.9908,40.7566,-73.9826,member
R90401849,electric_bike,2026-08-20 18:34:01,2026-08-20 18:44:32,Broadway & W 41 St,6732.19,Broadway & E 14 St,6115.16,40.7553,-73.9868,40.7345,-73.9906,member
R90401838,electric_bike,2026-08-20 18:34:21,2026-08-20 18:51:41,W 41 St & 8 Ave,6419.19,Lafayette St & E 8 St,5906.08,40.7562,-73.9901,40.7302,-73.9911,member
R90401835,classic_bike,2026-08-20 18:34:23,2026-08-20 18:41:16,Pershing Square North,6711.03,W 33 St & 7 Ave ,6594.06,40.7518,-73.9778,40.7502,-73.9908,member
R90401845,classic_bike,2026-08-20 18:36:17,2026-08-20 18:43:50,Pershing Square North,6711.03,W 26 St & 8 Ave,6253.07,40.7518,-73.9778,40.7472,-73.9973,member
R90401842,classic_bike,2026-08-20 18:43:30,2026-08-20 18:55:42,Pershing Square North,6711.03,Lexington Ave & E 63 St,5734.15,40.7518,-73.9778,40.7642,-73.9660,member
R90401827,electric_bike,2026-08-20 18:45:13,2026-08-20 18:55:43,E 47 St & Park Ave,6462.07,E 72 St & York Ave,6000.10,40.7550,-73.9750,40.7660,-73.9535,member
R90401819,classic_bike,2026-08-20 18:45:49,2026-08-20 19:11:02,6 Ave and W 33 St,5431.02,E 75 St & 3 Ave,6186.15,40.7490,-73.9880,40.7714,-73.9573,member
R90401865,classic_bike,2026-08-20 18:47:27,2026-08-20 19:16:30,Pershing Square North,301,University Pl & E 14 St,5183.03,40.7518,-73.9778,40.7349,-73.9922,member
R90401853,classic_bike,2026-08-20 18:50:44,2026-08-20 19:05:51,W 41 St & 8 Ave,6419.19,Lexington Ave & E 63 St,5734.15,40.7562,-73.9901,40.7642,-73.9660,member
R90401857,classic_bike,2026-08-20 18:51:27,2026-08-20 18:57:19,Pershing Square North,6711.03,W 45 St & 6 Ave,6785.05,40.7518,-73.9778,40.7566,-73.9826,member
R90401852,classic_bike,2026-08-20 18:52:20,2026-08-20 18:54:11,W 41 St & 8 Ave,6419.19,W 41 St & 8 Ave ,6419.19,40.7562,-73.9901,40.7562,-73.9901,member
R90401843,classic_bike,2026-08-20 18:53:19,2026-08-20 19:02:15,Lafayette St & E 8 St,5906.08,Carmine St & 6 Ave,6650.03,40.7302,-73.9911,40.7303,-74.0022,member
R90401841,classic_bike,2026-08-20 18:53:39,2026-08-20 19:02:28,W 20 St & 11 Ave,5160.04,W 17 St & 8 Ave,5891.11,40.7465,-74.0077,40.7418,-74.0015,member
R90401822,classic_bike,2026-08-20 18:54:59,2026-08-20 19:02:39,Pershing Square North,6711.03,w 45 st & 6 ave,6785.05,40.7518,-73.9778,40.7566,-73.9826,member
R90401836,classic_bike,2026-08-20 18:58:00,2026-08-20 19:01:21,Broadway & W 41 St ,241,W 45 St & 6 Ave,6785.05,40.7553,-73.9868,40.7566,-73.9826,member
R90401881,electric_bike,2026-08-20 19:01:13,2026-08-20 19:14:03,Broadway  & W 41 St,241,E 17 St & Broadway,5307.10,40.7553,-73.9868,40.7371,-73.9902,member
R90401879,classic_bike,2026-08-20 19:01:46,2026-08-20 19:08:34,Broadway & W 41 St,6732.19,8 Ave & W 31 St,6359.12,40.7553,-73.9868,40.7505,-73.9947,member
R90401867,docked_bike,2026-08-20 19:08:01,2026-08-20 19:12:04,Broadway & W 41 St,6732.19,W 33 St & 7 Ave,6594.06,40.7553,-73.9868,40.7502,-73.9908,member
R90401871,classic_bike,2026-08-20 19:12:31,2026-08-20 19:29:26,Pershing Square North,6711.03,Lexington Ave & E 63 St,5734.15,40.7518,-73.9778,40.7642,-73.9660,member
R90401884,electric_bike,2026-08-20 19:23:46,2026-08-20 19:30:19,Broadway & W 41 St,6732.19,W 45 St & 6 Ave,6785.05,40.7553,-73.9868,40.7566,-73.9826,member
R90401875,classic_bike,2026-08-20 19:25:08,2026-08-20 19:37:09,Cleveland Pl & Spring St,6679.12,E 7 St & Avenue A,5428.06,40.7220,-73.9973,40.7263,-73.9838,member
R90401874,classic_bike,2026-08-20 19:25:53,2026-08-20 19:35:12,E 47 St & Park Ave,6462.07,broadway & w 41 st,6732.19,40.7550,-73.9750,40.7553,-73.9868,casual
R90401883,classic_bike,2026-08-20 19:26:08,2026-08-20 19:42:22,West St and Chambers St,6917.09,University Pl & E 14 St,5183.03,40.7175,-74.0132,40.7349,-73.9922,member
R90401882,classic_bike,2026-08-20 19:26:12,2026-08-20 19:35:49,6 Ave & W 33 St,5431.02,W 26 St & 8 Ave,6253.07,40.7490,-73.9880,40.7472,-73.9973,casual
R90401888,classic_bike,2026-08-20 19:28:35,2026-08-20 19:41:26,W 41 St & 8 Ave,6419.19,Lexington Ave & E 63 St,5734.15,40.7562,-73.9901,40.7642,-73.9660,member
R90401887,classic_bike,2026-08-20 19:30:19,2026-08-20 19:37:44,Carmine St & 6 Ave,6650.03,Lafayette St & E 8 St,5906.08,40.7303,-74.0022,40.7302,-73.9911,member
R90401877,electric_bike,2026-08-20 19:32:10,2026-08-20 19:45:28,E 43 St & Vanderbilt Ave,6741.16,1 Ave & E 68 St,6056.19,40.7530,-73.9774,40.7651,-73.9582,member
R90401876,classic_bike,2026-08-20 19:33:16,2026-08-20 19:53:13,E 47 St & Park Ave,6462.07,Lafayette St & E 8 St,5906.08,40.7550,-73.9750,40.7302,-73.9911,member
R90401886,classic_bike,2026-08-20 19:36:50,2026-08-20 19:49:52,6 Ave & W 33 St,5431.02,Broadway & E 14 St,6115.16,40.7490,-73.9880,40.7345,-73.9906,member
R90401880,classic_bike,2026-08-20 19:40:58,2026-08-20 19:48:35,6 Ave & W 33 St,5431.02,w 45 st & 6 ave,6785.05,40.7490,-73.9880,40.7566,-73.9826,member
R90401872,electric_bike,2026-08-20 19:41:51,2026-08-20 19:49:39,E 75 St & 3 Ave,6186.15,Lexington Ave & E 63 St,5734.15,40.7714,-73.9573,40.7642,-73.9660,member
R90401869,classic_bike,2026-08-20 19:42:47,2026-08-20 19:55:46,Christopher St & Greenwich St ,6202.07,E 7 St & Avenue A,5428.06,40.7329,-74.0071,40.7263,-73.9838,member
R90401885,classic_bike,2026-08-20 19:47:06,2026-08-20 20:00:12,Broadway & W 41 St,6732.19,Broadway & E 14 St,6115.16,40.7553,-73.9868,40.7345,-73.9906,member
R90401873,classic_bike,2026-08-20 19:50:10,2026-08-20 19:57:58,Cleveland Pl & Spring St,508,Lafayette St & E 8 St,5906.08,40.7220,-73.9973,40.7302,-73.9911,member
R90401866,electric_bike,2026-08-20 19:50:58,2026-08-20 20:05:37,Broadway & W 41 St,6732.19,E 7 St & Avenue A,5428.06,40.7553,-73.9868,40.7263,-73.9838,member
R90401868,electric_bike,2026-08-20 19:53:56,2026-08-20 19:57:55,W 33 St & 7 Ave,6594.06,W 26 St & 8 Ave,6253.07,40.7502,-73.9908,40.7472,-73.9973,member
R90401870,electric_bike,2026-08-20 19:54:39,2026-08-20 20:07:56,pershing square north,6711.03,E 75 St & 3 Ave,6186.15,40.7518,-73.9778,40.7714,-73.9573,casual
R90401878,electric_bike,2026-08-20 19:59:28,2026-08-20 20:19:07,Pershing Square North,6711.03,Christopher St & Greenwich St,499,40.7518,-73.9778,40.7329,-74.0071,casual
R90401898,classic_bike,2026-08-20 20:10:36,2026-08-20 20:21:47,W 21 St & 6 Ave,6173.11,Broadway & W 41 St,6732.19,40.7417,-73.9942,40.7553,-73.9868,casual
R90401890,classic_bike,2026-08-20 20:14:43,2026-08-20 20:19:50,Broadway & W 41 St,6732.19,W 41 St & 8 Ave,6419.19,40.7553,-73.9868,40.7562,-73.9901,member
R90401891,classic_bike,2026-08-20 20:17:47,2026-08-20 21:05:51,South End Ave & Liberty St,6060.05,e 72 st & york ave,6000.10,40.7112,-74.0158,40.7660,-73.9535,casual
R90401899,electric_bike,2026-08-20 20:25:42,2026-08-20 20:29:51,W 26 St & 8 Ave,6253.07,W 21 St & 6 Ave,6173.11,40.7472,-73.9973,40.7417,-73.9942,member
R90401900,classic_bike,2026-08-20 20:30:04,2026-08-20 20:45:36,Lexington Ave & E 63 St,5734.15,W 41 St & 8 Ave,6419.19,40.7642,-73.9660,40.7562,-73.9901,member
R90401900,classic_bike,2026-08-20 20:30:04,2026-08-20 20:45:36,Lexington Ave & E 63 St,5734.15,W 41 St & 8 Ave,6419.19,40.7642,-73.9660,40.7562,-73.9901,member
R90401896,docked_bike,2026-08-20 20:30:52,2026-08-20 20:41:25,9 Ave & W 22 St,6088.11,6 Ave & W 33 St,5431.02,40.7455,-74.0019,40.7490,-73.9880,casual
R90401893,classic_bike,2026-08-20 20:36:16,2026-08-20 20:42:36,6 Ave & W 33 St,5431.02,Broadway & W 41 St,6732.19,40.7490,-73.9880,40.7553,-73.9868,member
R90401889,classic_bike,2026-08-20 20:36:47,2026-08-20 20:49:47,8 Ave & W 31 St,6359.12,Broadway & E 14 St,6115.16,40.7505,-73.9947,40.7345,-73.9906,member
R90401892,classic_bike,2026-08-20 20:44:49,2026-08-20 20:53:04,Broadway and W 41 St,6732.19,6 Ave & W 33 St ,5431.02,40.7553,-73.9868,40.7490,-73.9880,member
R90401894,classic_bike,2026-08-20 20:47:51,2026-08-20 21:14:18,Broadway & Battery Pl,6881.14,lafayette st & e 8 st,5906.08,40.7045,-74.0136,40.7302,-73.9911,member
R90401897,classic_bike,2026-08-20 20:48:09,2026-08-20 20:57:00,Broadway & W 41 St ,6732.19,W 33 St & 7 Ave,6594.06,40.7553,-73.9868,40.7502,-73.9908,member
R90401901,electric_bike,2026-08-20 20:52:10,2026-08-20 20:57:01,Broadway & W 41 St,6732.19,W 33 St & 7 Ave,6594.06,40.7553,-73.9868,40.7502,-73.9908,member
R90401895,classic_bike,2026-08-20 20:58:47,2026-08-20 21:17:28,E 47 St & Park Ave,6462.07,Carmine St & 6 Ave,6650.03,40.7550,-73.9750,40.7303,-74.0022,casual
R90401903,classic_bike,2026-08-20 21:01:51,2026-08-20 21:19:07,1 Ave & E 68 St,6056.19,E 43 St & Vanderbilt Ave,6741.16,40.7651,-73.9582,40.7530,-73.9774,member
R90401906,classic_bike,2026-08-20 21:04:28,2026-08-20 21:13:56,West St & Chambers St,6917.09,Broadway & Battery Pl ,6881.14,40.7175,-74.0132,40.7045,-74.0136,member
R90401911,electric_bike,2026-08-20 21:09:41,2026-08-20 21:29:10,1 Ave & E 68 St,6056.19,6 Ave & W 33 St,5431.02,40.7651,-73.9582,40.7490,-73.9880,casual
R90401908,classic_bike,2026-08-20 21:17:03,2026-08-20 21:34:28,8 Ave & W 31 St,6359.12,E 7 St & Avenue A,5428.06,40.7505,-73.9947,40.7263,-73.9838,member
R90401904,classic_bike,2026-08-20 21:17:48,2026-08-20 21:23:04,Broadway & E 14 St,6115.16,Lafayette St & E 8 St,5906.08,40.7345,-73.9906,40.7302,-73.9911,member
R90401905,classic_bike,2026-08-20 21:26:11,2026-08-20 21:34:14,e 75 st & 3 ave,6186.15,1 Ave & E 68 St,6056.19,40.7714,-73.9573,40.7651,-73.9582,member
R90401912,electric_bike,2026-08-20 21:33:57,2026-08-20 21:37:08,W 20 St & 11 Ave ,5160.04,9 Ave & W 22 St,6088.11,40.7465,-74.0077,40.7455,-74.0019,member
R90401907,classic_bike,2026-08-20 21:41:26,2026-08-20 21:49:12,E 7 St & Avenue A,5428.06,Cleveland Pl & Spring St,6679.12,40.7263,-73.9838,40.7220,-73.9973,casual
R90401913,classic_bike,2026-08-20 21:41:49,2026-08-20 21:50:24,E 47 St & Park Ave,6462.07,Broadway & W 41 St,6732.19,40.7550,-73.9750,40.7553,-73.9868,casual
R90401910,electric_bike,2026-08-20 21:52:55,2026-08-20 22:00:04,W 41 St & 8 Ave,6419.19,Broadway & W 41 St,6732.19,40.7562,-73.9901,40.7553,-73.9868,member
R90401909,electric_bike,2026-08-20 21:58:07,2026-08-20 22:03:11,Lafayette St & E 8 St,5906.08,Broadway and E 14 St,6115.16,40.7302,-73.9911,40.7345,-73.9906,casual
R90401902,classic_bike,2026-08-20 21:58:52,2026-08-20 22:02:57,9 Ave & W 22 St,6088.11,W 26 St & 8 Ave,6253.07,40.7455,-74.0019,40.7472,-73.9973,casual
R90401917,classic_bike,2026-08-20 22:06:50,2026-08-20 22:13:19,w 33 st & 7 ave,6594.06,W 26 St & 8 Ave,439,40.7502,-73.9908,40.7472,-73.9973,member
R90401914,electric_bike,2026-08-20 22:11:04,2026-08-20 22:22:07,8 Ave & W 31 St,6359.12,W 21 St & 6 Ave,6173.11,40.7505,-73.9947,40.7417,-73.9942,member
R90401915,classic_bike,2026-08-20 22:15:36,2026-08-20 22:40:37,Broadway & Battery Pl,6881.14,E 7 St & Avenue A,578,40.7045,-74.0136,40.7263,-73.9838,casual
R90401916,classic_bike,2026-08-20 22:33:04,2026-08-20 22:40:06,8 Ave and W 31 St,6359.12,Broadway & W 41 St,6732.19,40.7505,-73.9947,40.7553,-73.9868,casual
R90401918,classic_bike,2026-08-20 22:51:42,2026-08-20 23:04:30,Lexington Ave & E 63 St,5734.15,W 45 St & 6 Ave,6785.05,40.7642,-73.9660,40.7566,-73.9826,casual
R90401920,classic_bike,2026-08-20 23:24:39,2026-08-20 23:39:04,E 17 St & Broadway,5307.10,8 Ave & W 31 St,475,40.7371,-73.9902,40.7505,-73.9947,member
R90401919,electric_bike,2026-08-20 23:50:36,2026-08-21 00:05:34,South End Ave & Liberty St,6060.05,E 7 St & Avenue A,5428.06,40.7112,-74.0158,40.7263,-73.9838,member
R90401924,classic_bike,2026-08-21 01:04:10,2026-08-21 01:13:12,6 Ave & W 33 St,5431.02,Pershing Square North,6711.03,40.7490,-73.9880,40.7518,-73.9778,member
R90401921,classic_bike,2026-08-21 01:06:36,2026-08-21 01:10:06,South End Ave & Liberty St,6060.05,Vesey Pl & River Terrace,6741.09,40.7112,-74.0158,40.7153,-74.0163,casual
R90401926,classic_bike,2026-08-21 01:14:39,2026-08-21 01:22:25,6 Ave & W 33 St,5431.02,Broadway & W 41 St,6732.19,40.7490,-73.9880,40.7553,-73.9868,member
R90401922,electric_bike,2026-08-21 01:26:41,2026-08-21 01:30:11,Lexington Ave & E 63 St,5734.15,1 Ave & E 68 St,6056.19,40.7642,-73.9660,40.7651,-73.9582,member
R90401923,electric_bike,2026-08-21 01:54:25,2026-08-21 02:04:56,Cleveland Pl & Spring St ,6679.12,University Pl & E 14 St,5183.03,40.7220,-73.9973,40.7349,-73.9922,casual
R90401925,electric_bike,2026-08-21 01:55:02,2026-08-21 02:03:24,9 Ave & W 22 St,6088.11,8 Ave & W 31 St,6359.12,40.7455,-74.0019,40.7505,-73.9947,member
R90401928,classic_bike,2026-08-21 03:14:55,2026-08-21 03:21:33,Lexington Ave & E 63 St,5734.15,E 72 St & York Ave,6000.10,40.7642,-73.9660,40.7660,-73.9535,casual
R90401929,classic_bike,2026-08-21 03:50:08,2026-08-21 03:56:00,W 45 St & 6 Ave,6785.05,Broadway and W 41 St,6732.19,40.7566,-73.9826,40.7553,-73.9868,member
R90401927,classic_bike,2026-08-21 03:53:47,2026-08-21 03:59:25,W 33 St & 7 Ave,6594.06,W 26 St & 8 Ave,6253.07,40.7502,-73.9908,40.7472,-73.9973,member
R90401930,classic_bike,2026-08-21 04:15:52,2026-08-21 04:25:05,Broadway & W 41 St,6732.19,W 21 St & 6 Ave,6173.11,40.7553,-73.9868,40.7417,-73.9942,member
R90401933,classic_bike,2026-08-21 05:08:38,2026-08-21 05:15:46,8 Ave & W 31 St,6359.12,W 21 St & 6 Ave,6173.11,40.7505,-73.9947,40.7417,-73.9942,member
R90401931,classic_bike,2026-08-21 05:37:52,2026-08-21 05:46:40,6 Ave & W 33 St ,5431.02,W 45 St & 6 Ave,6785.05,40.7490,-73.9880,40.7566,-73.9826,casual
R90401932,classic_bike,2026-08-21 05:46:20,2026-08-21 06:03:29,Broadway & E 14 St,6115.16,E 43 St & Vanderbilt Ave,6741.16,40.7345,-73.9906,40.7530,-73.9774,member
R90401935,classic_bike,2026-08-21 06:02:25,2026-08-21 06:08:31,Pershing Square North,6711.03,E 47 St & Park Ave,6462.07,40.7518,-73.9778,40.7550,-73.9750,member
R90401943,electric_bike,2026-08-21 06:02:40,2026-08-21 06:11:20,University Pl & E 14 St,382,Cleveland Pl & Spring St,6679.12,40.7349,-73.9922,40.7220,-73.9973,member
R90401934,electric_bike,2026-08-21 06:02:51,2026-08-21 06:10:02,Carmine St & 6 Ave,6650.03,Cleveland Pl & Spring St,6679.12,40.7303,-74.0022,40.7220,-73.9973,member
R90401942,classic_bike,2026-08-21 06:07:29,2026-08-21 06:23:13,University Pl & E 14 St,5183.03,West St & Chambers St,6917.09,40.7349,-73.9922,40.7175,-74.0132,member
R90401936,classic_bike,2026-08-21 06:10:44,2026-08-21 06:29:52,Broadway & E 14 St,6115.16,E 43 St & Vanderbilt Ave,6741.16,40.7345,-73.9906,40.7530,-73.9774,casual
R90401939,electric_bike,2026-08-21 06:11:35,2026-08-21 06:29:47,University Pl & E 14 St,5183.03,West St & Chambers St,6917.09,40.7349,-73.9922,40.7175,-74.0132,member
R90401941,classic_bike,2026-08-21 06:11:54,2026-08-21 06:16:20,Broadway & W 41 St,6732.19,W 41 St & 8 Ave,6419.19,40.7553,-73.9868,40.7562,-73.9901,member
R90401944,classic_bike,2026-08-21 06:18:49,2026-08-21 06:32:47,E 17 St & Broadway,5307.10,W 41 St & 8 Ave,6419.19,40.7371,-73.9902,40.7562,-73.9901,member
R90401950,classic_bike,2026-08-21 06:25:55,2026-08-21 06:33:14,University Pl & E 14 St,5183.03,W 21 St & 6 Ave,6173.11,40.7349,-73.9922,40.7417,-73.9942,member
R90401940,classic_bike,2026-08-21 06:34:36,2026-08-21 06:51:37,Christopher St & Greenwich St,6202.07,West St & Chambers St,6917.09,40.7329,-74.0071,40.7175,-74.0132,member
R90401947,classic_bike,2026-08-21 06:39:17,2026-08-21 06:46:22,1 Ave & E 68 St,6056.19,E 75 St & 3 Ave,6186.15,40.7651,-73.9582,40.7714,-73.9573,member
R90401937,electric_bike,2026-08-21 06:39:40,2026-08-21 06:49:20,broadway & e 14 st,6115.16,6 Ave & W 33 St,5431.02,40.7345,-73.9906,40.7490,-73.9880,member
R90401945,classic_bike,2026-08-21 06:40:01,2026-08-21 06:50:12,University Pl & E 14 St,5183.03,W 33 St & 7 Ave,455,40.7349,-73.9922,40.7502,-73.9908,member
R90401949,classic_bike,2026-08-21 06:41:00,2026-08-21 07:02:34,Lafayette St & E 8 St,5906.08,W 41 St & 8 Ave,6419.19,40.7302,-73.9911,40.7562,-73.9901,member
R90401948,electric_bike,2026-08-21 06:46:54,2026-08-21 06:57:53,University Pl & E 14 St,5183.03,W 33 St and 7 Ave,6594.06,40.7349,-73.9922,40.7502,-73.9908,casual
R90401938,classic_bike,2026-08-21 06:49:46,2026-08-21 07:05:51,Broadway  & E 14 St,6115.16,W 45 St & 6 Ave,6785.05,40.7345,-73.9906,40.7566,-73.9826,member
R90401946,classic_bike,2026-08-21 06:58:51,2026-08-21 07:18:31,E 72 St & York Ave,6000.10,E 43 St & Vanderbilt Ave,6741.16,40.7660,-73.9535,40.7530,-73.9774,member
R90401977,classic_bike,2026-08-21 07:00:58,2026-08-21 07:11:57,8 ave & w 31 st,6359.12,Broadway & W 41 St,6732.19,40.7505,-73.9947,40.7553,-73.9868,member
R90401964,classic_bike,2026-08-21 07:01:22,2026-08-21 07:15:40,Pershing Square North,6711.03,W 17 St & 8 Ave,5891.11,40.7518,-73.9778,40.7418,-74.0015,member
R90401981,classic_bike,2026-08-21 07:01:58,2026-08-21 07:12:55,Lexington Ave & E 63 St,5734.15,Pershing Square North,6711.03,40.7642,-73.9660,40.7518,-73.9778,member
R90401965,classic_bike,2026-08-21 07:02:40,2026-08-21 07:23:04,E 72 St & York Ave,6000.10,W 45 St & 6 Ave,6785.05,40.7660,-73.9535,40.7566,-73.9826,member
R90401994,electric_bike,2026-08-21 07:03:09,2026-08-21 07:18:36,Lafayette St & E 8 St,5906.08,W 45 St & 6 Ave,6785.05,40.7302,-73.9911,40.7566,-73.9826,casual
R90401969,electric_bike,2026-08-21 07:05:35,2026-08-21 07:18:17,Broadway & E 14 St,6115.16,Broadway & W 41 St,6732.19,40.7345,-73.9906,40.7553,-73.9868,member
R90401961,classic_bike,2026-08-21 07:07:32,2026-08-21 07:11:34,W 33 St & 7 Ave,6594.06,W 41 St & 8 Ave,6419.19,40.7502,-73.9908,40.7562,-73.9901,casual
R90401963,classic_bike,2026-08-21 07:07:43,2026-08-21 07:13:32,E  17 St & Broadway,5307.10,University Pl & E 14 St,5183.03,40.7371,-73.9902,40.7349,-73.9922,member
R90401985,electric_bike,2026-08-21 07:08:06,2026-08-21 07:16:29,Cleveland Pl & Spring St,6679.12,West St & Chambers St,6917.09,40.7220,-73.9973,40.7175,-74.0132,member
R90401991,classic_bike,2026-08-21 07:10:19,2026-08-21 07:23:17,Christopher St & Greenwich St,6202.07,W 33 St & 7 Ave ,6594.06,40.7329,-74.0071,40.7502,-73.9908,member
R90401986,electric_bike,2026-08-21 07:13:14,2026-08-21 07:29:55,E 7 St & Avenue A,5428.06,Broadway & Battery Pl,6881.14,40.7263,-73.9838,40.7045,-74.0136,member
R90401987,classic_bike,2026-08-21 07:15:41,2026-08-21 07:33:56,E 72 St & York Ave,6000.10,E  47 St & Park Ave,6462.07,40.7660,-73.9535,40.7550,-73.9750,casual
R90401957,docked_bike,2026-08-21 07:16:47,2026-08-21 07:33:29,E 17 St & Broadway,5307.10,W 41 St & 8 Ave,6419.19,40.7371,-73.9902,40.7562,-73.9901,member
R90401951,docked_bike,2026-08-21 07:18:40,2026-08-21 07:31:07,University Pl & E 14 St,5183.03,W 33 St & 7 Ave,6594.06,40.7349,-73.9922,40.7502,-73.9908,casual
R90401955,classic_bike,2026-08-21 07:19:21,2026-08-21 07:29:01,E 7 St & Avenue A,5428.06,University Pl & E 14 St,382,40.7263,-73.9838,40.7349,-73.9922,member
R90401962,classic_bike,2026-08-21 07:19:48,2026-08-21 07:25:53,West St & Chambers St,6917.09,South End Ave & Liberty St,6060.05,40.7175,-74.0132,40.7112,-74.0158,member
R90401960,electric_bike,2026-08-21 07:19:49,2026-08-21 07:36:07,Christopher St & Greenwich St,6202.07,W 33 St & 7 Ave,6594.06,40.7329,-74.0071,40.7502,-73.9908,member
R90401992,classic_bike,2026-08-21 07:21:55,2026-08-21 07:28:21,6 Ave & W 33 St,5431.02,Broadway & W 41 St,241,40.7490,-73.9880,40.7553,-73.9868,member
R90401956,classic_bike,2026-08-21 07:22:03,2026-08-21 07:35:00,E 7 St & Avenue A,5428.06,W  17 St & 8 Ave,5891.11,40.7263,-73.9838,40.7418,-74.0015,member
R90401953,classic_bike,2026-08-21 07:23:27,2026-08-21 07:31:24,8 Ave & W 31 St,6359.12,W 45 St & 6 Ave,6785.05,40.7505,-73.9947,40.7566,-73.9826,member
R90401995,electric_bike,2026-08-21 07:24:54,2026-08-21 07:39:18,E 7 St & Avenue A,5428.06,W 33 St & 7 Ave,6594.06,40.7263,-73.9838,40.7502,-73.9908,casual
R90401993,classic_bike,2026-08-21 07:25:13,2026-08-21 07:43:13,Christopher St and Greenwich St,6202.07,Pershing  Square North,6711.03,40.7329,-74.0071,40.7518,-73.9778,member
R90401998,classic_bike,2026-08-21 07:26:07,2026-08-21 07:32:07,W 45 St & 6 Ave,6785.05,Pershing Square North,6711.03,40.7566,-73.9826,40.7518,-73.9778,casual
R90401975,electric_bike,2026-08-21 07:26:30,2026-08-21 07:36:34,Lexington Ave & E 63 St,5734.15,W 41 St & 8 Ave ,6419.19,40.7642,-73.9660,40.7562,-73.9901,casual
R90401970,classic_bike,2026-08-21 07:27:36,2026-08-21 07:43:40,Lexington Ave & E 63 St,5734.15,Pershing Square North,6711.03,40.7642,-73.9660,40.7518,-73.9778,member
R90401990,electric_bike,2026-08-21 07:33:14,2026-08-21 07:45:43,broadway & e 14 st,6115.16,Broadway & W 41 St,241,40.7345,-73.9906,40.7553,-73.9868,member
R90401976,classic_bike,2026-08-21 07:33:56,2026-08-21 07:37:01,E 43 St & Vanderbilt Ave,6741.16,Pershing Square North,6711.03,40.7530,-73.9774,40.7518,-73.9778,member
R90401958,electric_bike,2026-08-21 07:35:40,2026-08-21 07:42:25,e 72 st & york ave,6000.10,1 Ave & E 68 St,6056.19,40.7660,-73.9535,40.7651,-73.9582,member
R90401973,electric_bike,2026-08-21 07:35:43,2026-08-21 07:49:31,Lafayette St & E 8 St,5906.08,West St & Chambers St,379,40.7302,-73.9911,40.7175,-74.0132,member
R90401972,electric_bike,2026-08-21 07:36:49,2026-08-21 07:52:04,Broadway & E 14 St,6115.16,Vesey Pl & River Terrace,6741.09,40.7345,-73.9906,40.7153,-74.0163,member
R90401971,classic_bike,2026-08-21 07:37:04,2026-08-21 07:53:49,W 17 St & 8 Ave,5891.11,E 7 St & Avenue A ,5428.06,40.7418,-74.0015,40.7263,-73.9838,member
R90401983,classic_bike,2026-08-21 07:40:17,2026-08-21 07:54:39,E 72 St & York Ave,6000.10,E 47 St & Park Ave,6462.07,40.7660,-73.9535,40.7550,-73.9750,member
R90401989,classic_bike,2026-08-21 07:40:43,2026-08-21 07:50:02,E 47 St & Park Ave,6462.07,W 33 St & 7 Ave,6594.06,40.7550,-73.9750,40.7502,-73.9908,member
R90401979,classic_bike,2026-08-21 07:41:05,2026-08-21 07:58:55,E 7 St & Avenue A,5428.06,South End Ave & Liberty St,6060.05,40.7263,-73.9838,40.7112,-74.0158,member
R90401959,classic_bike,2026-08-21 07:41:28,2026-08-21 07:51:28,E 7 St & Avenue A,5428.06,Cleveland Pl & Spring St,6679.12,40.7263,-73.9838,40.7220,-73.9973,member
R90401978,classic_bike,2026-08-21 07:44:38,2026-08-21 07:55:41,Christopher St & Greenwich St ,6202.07,University Pl & E 14 St,5183.03,40.7329,-74.0071,40.7349,-73.9922,member
R90401954,electric_bike,2026-08-21 07:44:46,2026-08-21 07:49:45,w 26 st & 8 ave,6253.07,6 Ave & W 33 St,5431.02,40.7472,-73.9973,40.7490,-73.9880,member
R90401980,electric_bike,2026-08-21 07:45:28,2026-08-21 07:53:58,Lexington Ave and E 63 St,5734.15,Pershing Square North,6711.03,40.7642,-73.9660,40.7518,-73.9778,member
R90401974,classic_bike,2026-08-21 07:51:39,2026-08-21 08:01:00,W 26 St & 8 Ave,6253.07,6 Ave & W 33 St,5431.02,40.7472,-73.9973,40.7490,-73.9880,member
R90401984,classic_bike,2026-08-21 07:53:53,2026-08-21 08:03:08,University Pl & E 14 St ,5183.03,Carmine St & 6 Ave,6650.03,40.7349,-73.9922,40.7303,-74.0022,member
R90401967,classic_bike,2026-08-21 07:54:07,2026-08-21 08:06:37,W 21 St & 6 Ave,6173.11,W 33 St & 7 Ave,6594.06,40.7417,-73.9942,40.7502,-73.9908,member
R90401997,classic_bike,2026-08-21 07:54:07,2026-08-21 08:04:44,Lexington Ave & E 63 St,5734.15,Pershing Square North,6711.03,40.7642,-73.9660,40.7518,-73.9778,member
R90401988,classic_bike,2026-08-21 07:54:53,2026-08-21 08:12:27,E 17 St & Broadway,5307.10,Broadway & W 41 St,6732.19,40.7371,-73.9902,40.7553,-73.9868,member
R90401982,classic_bike,2026-08-21 07:56:35,2026-08-21 08:02:27,South End Ave & Liberty St,6060.05,Vesey Pl & River Terrace,6741.09,40.7112,-74.0158,40.7153,-74.0163,member
R90401966,classic_bike,2026-08-21 07:59:23,2026-08-21 08:06:05,Lafayette St & E 8 St,5906.08,University Pl & E 14 St,5183.03,40.7302,-73.9911,40.7349,-73.9922,casual
R90401996,classic_bike,2026-08-21 07:59:23,2026-08-21 08:17:42,E 17 St & Broadway,5307.10,West St & Chambers St,379,40.7371,-73.9902,40.7175,-74.0132,member
R90401968,classic_bike,2026-08-21 07:59:30,2026-08-21 08:12:37,Lexington Ave & E 63 St,5734.15,Pershing Square North,6711.03,40.7642,-73.9660,40.7518,-73.9778,casual
R90401952,classic_bike,2026-08-21 07:59:57,2026-08-21 08:15:38,Christopher St & Greenwich St,6202.07,West St & Chambers St,379,40.7329,-74.0071,40.7175,-74.0132,member
R90402021,docked_bike,2026-08-21 08:00:10,2026-08-21 08:23:49,E 72 St & York Ave,6000.10,W 41 St & 8 Ave,6419.19,40.7660,-73.9535,40.7562,-73.9901,member
R90402015,electric_bike,2026-08-21 08:01:15,2026-08-21 08:12:21,Lexington Ave & E 63 St,5734.15,E 43 St & Vanderbilt Ave,6741.16,40.7642,-73.9660,40.7530,-73.9774,casual
R90402026,classic_bike,2026-08-21 08:01:23,2026-08-21 08:29:49,University Pl & E 14 St,5183.03,Vesey Pl & River Terrace,6741.09,40.7349,-73.9922,40.7153,-74.0163,member
R90402053,electric_bike,2026-08-21 08:03:57,2026-08-21 08:16:18,1 Ave & E 68 St,6056.19,E 43 St & Vanderbilt Ave,6741.16,40.7651,-73.9582,40.7530,-73.9774,member
R90402038,electric_bike,2026-08-21 08:04:02,,E 75 St & 3 Ave,6186.15,,,40.7714,-73.9573,,,member
R90402012,classic_bike,2026-08-21 08:04:30,2026-08-21 08:16:57,W 33 St & 7 Ave,6594.06,E 47 St & Park Ave,415,40.7502,-73.9908,40.7550,-73.9750,member
R90402035,classic_bike,2026-08-21 08:04:39,2026-08-21 08:21:45,Lafayette St & E 8 St,5906.08,W 41 St & 8 Ave,6419.19,40.7302,-73.9911,40.7562,-73.9901,member
R90402051,electric_bike,2026-08-21 08:06:28,2026-08-21 08:29:28,Christopher St & Greenwich St,6202.07,Pershing Square North,6711.03,40.7329,-74.0071,40.7518,-73.9778,member
R90402024,classic_bike,2026-08-21 08:07:03,2026-08-21 08:12:35,W 41 St & 8 Ave ,6419.19,W 33 St & 7 Ave,6594.06,40.7562,-73.9901,40.7502,-73.9908,casual
R90402059,classic_bike,2026-08-21 08:07:15,2026-08-21 08:25:02,W 17 St & 8 Ave,5891.11,Pershing Square North,6711.03,40.7418,-74.0015,40.7518,-73.9778,member
R90402033,classic_bike,2026-08-21 08:10:18,2026-08-21 08:15:22,christopher st & greenwich st,6202.07,Carmine St and 6 Ave,6650.03,40.7329,-74.0071,40.7303,-74.0022,member
R90402034,classic_bike,2026-08-21 08:10:59,2026-08-21 08:28:14,Lafayette St & E 8 St,5906.08,West St & Chambers St,6917.09,40.7302,-73.9911,40.7175,-74.0132,member
R90402045,electric_bike,2026-08-21 08:10:59,2026-08-21 08:20:50,Christopher St & Greenwich St,6202.07,West St & Chambers St,6917.09,40.7329,-74.0071,40.7175,-74.0132,casual
R90402003,classic_bike,2026-08-21 08:11:27,2026-08-21 08:20:36,Lexington Ave & E 63 St,5734.15,E 43 St & Vanderbilt Ave,6741.16,40.7642,-73.9660,40.7530,-73.9774,member
R90402058,classic_bike,2026-08-21 08:12:33,2026-08-21 08:31:30,E 72 St & York Ave,6000.10,Pershing Square North ,6711.03,40.7660,-73.9535,40.7518,-73.9778,member
R90402041,classic_bike,2026-08-21 08:13:57,,1 ave & e 68 st,6056.19,,,40.7651,-73.9582,,,casual
R90402004,classic_bike,2026-08-21 08:14:44,2026-08-21 08:19:17,E 72 St and York Ave,6000.10,1 Ave & E 68 St,6056.19,40.7660,-73.9535,40.7651,-73.9582,member
R90402027,classic_bike,2026-08-21 08:14:54,2026-08-21 08:22:38,W 26 St & 8 Ave,6253.07,W 41 St & 8 Ave,6419.19,40.7472,-73.9973,40.7562,-73.9901,member
R90402019,classic_bike,2026-08-21 08:14:55,2026-08-21 08:26:25,Broadway & E 14 St,6115.16,Pershing Square North,301,40.7345,-73.9906,40.7518,-73.9778,member
R90402005,electric_bike,2026-08-21 08:16:57,2026-08-21 08:24:23,Broadway & W 41 St,6732.19,W 33 St & 7 Ave,6594.06,40.7553,-73.9868,40.7502,-73.9908,member
R90402050,electric_bike,2026-08-21 08:17:18,2026-08-21 08:21:59,University Pl & E 14 St,382,E 17 St & Broadway ,5307.10,40.7349,-73.9922,40.7371,-73.9902,member
R90402016,classic_bike,2026-08-21 08:17:58,2026-08-21 08:33:45,Carmine  St & 6 Ave,6650.03,6 ave & w 33 st,532,40.7303,-74.0022,40.7490,-73.9880,member
R90402009,classic_bike,2026-08-21 08:18:54,2026-08-21 08:33:58,W 20 St & 11 Ave,5160.04,W 41 St & 8 Ave,254,40.7465,-74.0077,40.7562,-73.9901,member
R90402039,classic_bike,2026-08-21 08:19:39,2026-08-21 08:27:41,e 17 st & broadway,5307.10,6 Ave & W 33 St,5431.02,40.7371,-73.9902,40.7490,-73.9880,member
R90402008,classic_bike,2026-08-21 08:21:05,2026-08-21 08:38:57,Lexington Ave & E 63 St,5734.15,W 41 St & 8 Ave,6419.19,40.7642,-73.9660,40.7562,-73.9901,member
R90402007,electric_bike,2026-08-21 08:21:25,2026-08-21 08:36:06,1 Ave & E 68 St,6056.19,6 ave & w 33 st,5431.02,40.7651,-73.9582,40.7490,-73.9880,member
R90402025,classic_bike,2026-08-21 08:21:43,2026-08-21 08:38:32,E 17 St & Broadway,5307.10,W 41 St & 8 Ave,6419.19,40.7371,-73.9902,40.7562,-73.9901,member
R90402001,classic_bike,2026-08-21 08:22:16,2026-08-21 08:34:04,W 20 St & 11 Ave,5160.04,W 41 St & 8 Ave,6419.19,40.7465,-74.0077,40.7562,-73.9901,member
R90402030,classic_bike,2026-08-21 08:23:01,2026-08-21 08:41:30,Broadway & E 14 St,6115.16,vesey pl & river terrace,582,40.7345,-73.9906,40.7153,-74.0163,casual
R90402011,classic_bike,2026-08-21 08:23:40,2026-08-21 08:34:19,W 21 St & 6 Ave,6173.11,W 33 St & 7 Ave,6594.06,40.7417,-73.9942,40.7502,-73.9908,member
R90402000,electric_bike,2026-08-21 08:26:03,2026-08-21 08:37:54,9 Ave & W 22 St,6088.11,Cleveland Pl & Spring St,6679.12,40.7455,-74.0019,40.7220,-73.9973,member
R90402043,electric_bike,2026-08-21 08:26:31,2026-08-21 08:42:33,Lafayette St & E 8 St,5906.08,W 45 St & 6 Ave,6785.05,40.7302,-73.9911,40.7566,-73.9826,member
R90402029,classic_bike,2026-08-21 08:29:18,2026-08-21 08:40:04,Lexington Ave & E 63 St,5734.15,E 43 St & Vanderbilt Ave,6741.16,40.7642,-73.9660,40.7530,-73.9774,member
R90402055,electric_bike,2026-08-21 08:30:26,2026-08-21 08:40:52,E 7 St & Avenue A,5428.06,University Pl & E 14 St,5183.03,40.7263,-73.9838,40.7349,-73.9922,casual
R90402018,classic_bike,2026-08-21 08:30:51,2026-08-21 08:42:35,W 21 St & 6 Ave,6173.11,Pershing Square North,6711.03,40.7417,-73.9942,40.7518,-73.9778,member
R90402002,electric_bike,2026-08-21 08:30:55,2026-08-21 08:36:28,W 41 St & 8 Ave,6419.19,W 45 St & 6 Ave,6785.05,40.7562,-73.9901,40.7566,-73.9826,member
R90402031,classic_bike,2026-08-21 08:33:09,2026-08-21 08:47:08,Lexington Ave & E 63 St,5734.15,W 45 St & 6 Ave,6785.05,40.7642,-73.9660,40.7566,-73.9826,member
R90402040,classic_bike,2026-08-21 08:34:13,2026-08-21 08:50:30,1 ave & e 68 st,6056.19,E 47 St & Park Ave,6462.07,40.7651,-73.9582,40.7550,-73.9750,member
R90402020,electric_bike,2026-08-21 08:36:07,2026-08-21 08:49:32,E 17 St & Broadway,5307.10,E 47 St & Park Ave,6462.07,40.7371,-73.9902,40.7550,-73.9750,casual
R90402047,electric_bike,2026-08-21 08:36:20,2026-08-21 08:49:13,E 75 St & 3 Ave ,6186.15,E 47 St & Park Ave,6462.07,40.7714,-73.9573,40.7550,-73.9750,member
R90402006,classic_bike,2026-08-21 08:37:14,2026-08-21 08:41:10,University Pl & E 14 St,382,E 17 St & Broadway,5307.10,40.7349,-73.9922,40.7371,-73.9902,casual
R90402049,classic_bike,2026-08-21 08:37:14,2026-08-21 08:52:13,E 7 St & Avenue A,5428.06,Christopher St & Greenwich St,6202.07,40.7263,-73.9838,40.7329,-74.0071,member
R90402056,classic_bike,2026-08-21 08:42:33,,E 17 St & Broadway,287,,,40.7371,-73.9902,,,member
R90402028,electric_bike,2026-08-21 08:42:56,2026-08-21 08:51:39,Broadway & E 14 St,6115.16,6 ave & w 33 st,5431.02,40.7345,-73.9906,40.7490,-73.9880,member
R90402032,classic_bike,2026-08-21 08:43:07,2026-08-21 09:03:00,Broadway & E 14 St,6115.16,Broadway & W 41 St,6732.19,40.7345,-73.9906,40.7553,-73.9868,casual
R90402048,electric_bike,2026-08-21 08:43:26,2026-08-21 09:01:22,Lafayette St & E 8 St,568,W 41 St & 8 Ave,6419.19,40.7302,-73.9911,40.7562,-73.9901,member
R90402023,classic_bike,2026-08-21 08:43:52,2026-08-21 08:57:48,W 26 St & 8 Ave,6253.07,Pershing Square North,301,40.7472,-73.9973,40.7518,-73.9778,casual
R90402022,classic_bike,2026-08-21 08:45:48,2026-08-21 08:52:00,1 Ave & E 68 St ,6056.19,E 75 St & 3 Ave,6186.15,40.7651,-73.9582,40.7714,-73.9573,casual
R90402036,classic_bike,2026-08-21 08:46:19,2026-08-21 09:03:39,E 17 St & Broadway,5307.10,West St & Chambers St,6917.09,40.7371,-73.9902,40.7175,-74.0132,member
R90402057,electric_bike,2026-08-21 08:46:52,2026-08-21 08:58:54,Broadway & E 14 St,6115.16,6 Ave & W 33 St,5431.02,40.7345,-73.9906,40.7490,-73.9880,casual
R90402044,classic_bike,2026-08-21 08:47:41,2026-08-21 09:12:49,E 75 St & 3 Ave,6186.15,W 33 St & 7 Ave,6594.06,40.7714,-73.9573,40.7502,-73.9908,member
R90402013,electric_bike,2026-08-21 08:47:42,2026-08-21 08:57:25,Broadway & E 14 St,6115.16,Broadway & W 41 St,6732.19,40.7345,-73.9906,40.7553,-73.9868,member
R90402052,docked_bike,2026-08-21 08:47:50,2026-08-21 08:57:40,University Pl & E 14 St,382,Carmine St & 6 Ave,284,40.7349,-73.9922,40.7303,-74.0022,casual
R90402017,electric_bike,2026-08-21 08:48:36,2026-08-21 09:14:50,1 Ave & E 68 St,6056.19,W 21 St & 6 Ave,6173.11,40.7651,-73.9582,40.7417,-73.9942,member
R90402042,classic_bike,2026-08-21 08:48:59,2026-08-21 09:02:48,E 17 St & Broadway,5307.10,6 Ave & W 33 St,532,40.7371,-73.9902,40.7490,-73.9880,member
R90402037,classic_bike,2026-08-21 08:49:03,2026-08-21 08:58:58,Lexington Ave & E 63 St,5734.15,E 72 St & York Ave,6000.10,40.7642,-73.9660,40.7660,-73.9535,member
R90402014,classic_bike,2026-08-21 08:49:14,2026-08-21 08:55:44,University Pl & E 14 St,5183.03,W 21 St & 6 Ave,406,40.7349,-73.9922,40.7417,-73.9942,member
R90402010,classic_bike,2026-08-21 08:51:16,2026-08-21 09:11:29,E 7 St & Avenue A,5428.06,E 47 St & Park Ave ,6462.07,40.7263,-73.9838,40.7550,-73.9750,member
R90402054,classic_bike,2026-08-21 08:51:16,2026-08-21 09:03:31,christopher st & greenwich st,6202.07,West St & Chambers St,6917.09,40.7329,-74.0071,40.7175,-74.0132,casual
R90401999,electric_bike,2026-08-21 08:51:36,2026-08-21 09:00:10,University Pl & E 14 St,5183.03,Cleveland Pl & Spring St,6679.12,40.7349,-73.9922,40.7220,-73.9973,member
R90402046,classic_bike,2026-08-21 08:54:04,2026-08-21 09:15:26,Broadway & E 14 St,6115.16,Vesey Pl & River Terrace,6741.09,40.7345,-73.9906,40.7153,-74.0163,casual
R90402060,classic_bike,2026-08-21 08:56:06,2026-08-21 09:04:17,W 17 St & 8 Ave,5891.11,8 Ave & W 31 St,6359.12,40.7418,-74.0015,40.7505,-73.9947,member
R90402088,classic_bike,2026-08-21 09:03:27,2026-08-21 09:06:48,1 Ave & E 68 St,6056.19,Lexington Ave & E 63 St,5734.15,40.7651,-73.9582,40.7642,-73.9660,member
R90402064,electric_bike,2026-08-21 09:05:22,2026-08-21 09:11:10,Christopher St & Greenwich St,6202.07,Carmine St & 6 Ave,6650.03,40.7329,-74.0071,40.7303,-74.0022,member
R90402070,classic_bike,2026-08-21 09:05:35,2026-08-21 09:22:02,1 ave & e 68 st,6056.19,E 43 St & Vanderbilt Ave ,6741.16,40.7651,-73.9582,40.7530,-73.9774,member
R90402069,electric_bike,2026-08-21 09:06:03,2026-08-21 09:13:19,Lexington Ave & E 63 St,595,E 75 St & 3 Ave,526,40.7642,-73.9660,40.7714,-73.9573,member
R90402095,classic_bike,2026-08-21 09:06:22,2026-08-21 09:20:43,University Pl & E 14 St,5183.03,W 33 St & 7 Ave,455,40.7349,-73.9922,40.7502,-73.9908,member
R90402072,electric_bike,2026-08-21 09:06:55,2026-08-21 09:25:11,University Pl & E 14 St,5183.03,vesey pl & river terrace,6741.09,40.7349,-73.9922,40.7153,-74.0163,member
R90402063,classic_bike,2026-08-21 09:08:26,2026-08-21 09:24:16,Broadway & E 14 St ,6115.16,W 45 St & 6 Ave,6785.05,40.7345,-73.9906,40.7566,-73.9826,casual
R90402091,classic_bike,2026-08-21 09:10:04,2026-08-21 09:14:55,broadway & w 41 st,6732.19,W 33 St & 7 Ave,6594.06,40.7553,-73.9868,40.7502,-73.9908,casual
R90402079,classic_bike,2026-08-21 09:13:12,2026-08-21 09:26:29,University Pl & E 14 St,5183.03,W 33 St & 7 Ave,6594.06,40.7349,-73.9922,40.7502,-73.9908,casual
R90402081,classic_bike,2026-08-21 09:13:41,2026-08-21 09:19:20,W 45 St & 6 Ave ,6785.05,E 43 St & Vanderbilt Ave,6741.16,40.7566,-73.9826,40.7530,-73.9774,casual
R90402061,classic_bike,2026-08-21 09:14:26,2026-08-21 09:27:11,W 20 St & 11 Ave,5160.04,W 41 St & 8 Ave,6419.19,40.7465,-74.0077,40.7562,-73.9901,casual
R90402084,classic_bike,2026-08-21 09:14:56,2026-08-21 09:25:42,Lexington Ave & E 63 St,5734.15,E 43 St & Vanderbilt Ave,6741.16,40.7642,-73.9660,40.7530,-73.9774,member
R90402085,electric_bike,2026-08-21 09:15:14,2026-08-21 09:27:08,Lexington Ave & E 63 St,5734.15,E 43 St & Vanderbilt Ave,6741.16,40.7642,-73.9660,40.7530,-73.9774,member
R90402075,electric_bike,2026-08-21 09:18:48,2026-08-21 09:24:19,E 7 St & Avenue A,5428.06,Lafayette St & E 8 St,5906.08,40.7263,-73.9838,40.7302,-73.9911,member
R90402094,docked_bike,2026-08-21 09:20:24,2026-08-21 09:43:21,9 Ave & W 22 St,6088.11,Cleveland Pl & Spring St,6679.12,40.7455,-74.0019,40.7220,-73.9973,casual
R90402067,classic_bike,2026-08-21 09:20:47,2026-08-21 09:27:10,West St & Chambers St,6917.09,Vesey Pl & River Terrace,6741.09,40.7175,-74.0132,40.7153,-74.0163,casual
R90402086,classic_bike,2026-08-21 09:32:56,2026-08-21 09:44:02,Lafayette St & E 8 St ,5906.08,Carmine St & 6 Ave,6650.03,40.7302,-73.9911,40.7303,-74.0022,casual
R90402071,classic_bike,2026-08-21 09:33:41,2026-08-21 09:40:35,Lafayette St & E 8 St ,5906.08,Cleveland Pl & Spring St ,6679.12,40.7302,-73.9911,40.7220,-73.9973,member
R90402089,electric_bike,2026-08-21 09:35:18,2026-08-21 09:51:30,E 7 St & Avenue A,578,W 41 St & 8 Ave,6419.19,40.7263,-73.9838,40.7562,-73.9901,member
R90402062,classic_bike,2026-08-21 09:36:42,2026-08-21 09:47:20,W 33 St & 7 Ave,6594.06,Pershing Square North,6711.03,40.7502,-73.9908,40.7518,-73.9778,member
R90402083,classic_bike,2026-08-21 09:37:14,2026-08-21 09:46:44,Lafayette St & E 8 St ,5906.08,Cleveland Pl & Spring St,6679.12,40.7302,-73.9911,40.7220,-73.9973,member
R90402093,classic_bike,2026-08-21 09:37:16,2026-08-21 09:47:45,Lexington Ave & E 63 St,5734.15,W 41 St & 8 Ave,6419.19,40.7642,-73.9660,40.7562,-73.9901,member
R90402068,classic_bike,2026-08-21 09:37:46,2026-08-21 09:47:28,E 7 St & Avenue A,5428.06,Broadway & E 14 St,6115.16,40.7263,-73.9838,40.7345,-73.9906,member
R90402074,classic_bike,2026-08-21 09:38:37,2026-08-21 09:43:50,E 17 St & Broadway,5307.10,university pl & e 14 st,5183.03,40.7371,-73.9902,40.7349,-73.9922,member
R90402082,classic_bike,2026-08-21 09:41:20,2026-08-21 09:58:43,Lafayette  St & E 8 St,5906.08,W 45 St & 6 Ave,6785.05,40.7302,-73.9911,40.7566,-73.9826,member
R90402066,electric_bike,2026-08-21 09:43:59,2026-08-21 09:53:30,Lexington Ave & E 63 St,5734.15,E 43 St & Vanderbilt Ave,6741.16,40.7642,-73.9660,40.7530,-73.9774,casual
R90402087,classic_bike,2026-08-21 09:44:44,2026-08-21 09:56:57,university pl & e 14 st,5183.03,Pershing Square North,6711.03,40.7349,-73.9922,40.7518,-73.9778,member
R90402092,classic_bike,2026-08-21 09:46:28,2026-08-21 10:04:37,1 Ave & E 68 St,6056.19,Pershing Square North,6711.03,40.7651,-73.9582,40.7518,-73.9778,member
R90402092,classic_bike,2026-08-21 09:46:28,2026-08-21 10:04:37,1 Ave & E 68 St,6056.19,Pershing Square North,6711.03,40.7651,-73.9582,40.7518,-73.9778,member
R90402073,classic_bike,2026-08-21 09:46:55,2026-08-21 09:59:55,1 Ave & E 68 St,6056.19,E 47 St & Park Ave,415,40.7651,-73.9582,40.7550,-73.9750,member
R90402078,classic_bike,2026-08-21 09:50:19,2026-08-21 10:00:45,lexington ave & e 63 st,5734.15,W 41 St & 8 Ave,6419.19,40.7642,-73.9660,40.7562,-73.9901,member
R90402065,classic_bike,2026-08-21 09:54:05,2026-08-21 10:06:06,Christopher St & Greenwich St,6202.07,West St & Chambers St,6917.09,40.7329,-74.0071,40.7175,-74.0132,member
R90402090,classic_bike,2026-08-21 09:54:20,2026-08-21 10:18:04,Lexington Ave & E 63 St,595,W 21 St & 6 Ave,6173.11,40.7642,-73.9660,40.7417,-73.9942,casual
R90402076,classic_bike,2026-08-21 09:54:53,2026-08-21 10:02:11,6 Ave & W 33 St,5431.02,E 43 St & Vanderbilt Ave,6741.16,40.7490,-73.9880,40.7530,-73.9774,member
R90402077,classic_bike,2026-08-21 09:55:31,2026-08-21 10:16:09,E 72 St & York Ave,348,Pershing Square North ,6711.03,40.7660,-73.9535,40.7518,-73.9778,member
R90402080,classic_bike,2026-08-21 09:59:55,2026-08-21 10:14:35,Carmine St & 6 Ave,6650.03,Vesey Pl & River Terrace,6741.09,40.7303,-74.0022,40.7153,-74.0163,member
R90402102,classic_bike,2026-08-21 10:04:33,2026-08-21 10:17:17,W 33 St & 7 Ave,6594.06,W 20 St & 11 Ave,5160.04,40.7502,-73.9908,40.7465,-74.0077,member
R90402099,classic_bike,2026-08-21 10:05:27,2026-08-21 10:10:15,Broadway & E 14 St,6115.16,Lafayette St & E 8 St,5906.08,40.7345,-73.9906,40.7302,-73.9911,member
R90402107,electric_bike,2026-08-21 10:15:48,2026-08-21 10:21:36,8 Ave & W 31 St,6359.12,Broadway & W 41 St ,6732.19,40.7505,-73.9947,40.7553,-73.9868,member
R90402103,classic_bike,2026-08-21 10:21:55,2026-08-21 10:29:34,W 17 St & 8 Ave,5891.11,9 Ave & W 22 St,6088.11,40.7418,-74.0015,40.7455,-74.0019,member
R90402098,electric_bike,2026-08-21 10:26:04,2026-08-21 10:33:44,University Pl & E 14 St,5183.03,W 17 St & 8 Ave,5891.11,40.7349,-73.9922,40.7418,-74.0015,casual
R90402108,classic_bike,2026-08-21 10:30:28,2026-08-21 10:33:47,Broadway & W 41 St,6732.19,W 41 St & 8 Ave,6419.19,40.7553,-73.9868,40.7562,-73.9901,casual
R90402097,classic_bike,2026-08-21 10:31:24,2026-08-21 10:42:51,W 21 St & 6 Ave,6173.11,Lafayette St & E 8 St,5906.08,40.7417,-73.9942,40.7302,-73.9911,member
R90402109,classic_bike,2026-08-21 10:34:46,2026-08-21 10:42:16,Carmine St & 6 Ave,6650.03,Lafayette St & E 8 St,5906.08,40.7303,-74.0022,40.7302,-73.9911,member
R90402096,classic_bike,2026-08-21 10:48:27,2026-08-21 11:11:55,E 43 St & Vanderbilt Ave,6741.16,Christopher St & Greenwich St,6202.07,40.7530,-73.9774,40.7329,-74.0071,member
R90402106,classic_bike,2026-08-21 10:49:01,2026-08-21 10:57:50,W 17 St & 8 Ave,289,University Pl & E 14 St,5183.03,40.7418,-74.0015,40.7349,-73.9922,member
R90402100,classic_bike,2026-08-21 10:49:44,2026-08-21 10:55:09,Broadway & E 14 St,6115.16,Lafayette St & E 8 St,5906.08,40.7345,-73.9906,40.7302,-73.9911,casual
R90402101,electric_bike,2026-08-21 10:54:45,2026-08-21 11:08:13,Lexington Ave & E 63 St,5734.15,W 41 St & 8 Ave,6419.19,40.7642,-73.9660,40.7562,-73.9901,member
R90402105,electric_bike,2026-08-21 10:58:48,2026-08-21 11:05:25,Pershing Square North,6711.03,W 41 St & 8 Ave,6419.19,40.7518,-73.9778,40.7562,-73.9901,member
R90402104,classic_bike,2026-08-21 10:59:04,2026-08-21 11:01:25,9 ave & w 22 st,6088.11,w 26 st & 8 ave,6253.07,40.7455,-74.0019,40.7472,-73.9973,casual
R90402116,classic_bike,2026-08-21 11:02:42,2026-08-21 11:09:04,South End Ave & Liberty St,259,West St & Chambers St,6917.09,40.7112,-74.0158,40.7175,-74.0132,member
R90402113,classic_bike,2026-08-21 11:09:50,2026-08-21 11:21:11,University Pl & E 14 St,5183.03,E 7 St & Avenue A,5428.06,40.7349,-73.9922,40.7263,-73.9838,casual
R90402111,classic_bike,2026-08-21 11:10:38,2026-08-21 11:34:25,8 Ave & W 31 St,6359.12,Lexington Ave & E 63 St,5734.15,40.7505,-73.9947,40.7642,-73.9660,member
R90402114,classic_bike,2026-08-21 11:14:09,2026-08-21 11:23:54,6 Ave & W 33 St,5431.02,W 45 St & 6 Ave,6785.05,40.7490,-73.9880,40.7566,-73.9826,member
R90402110,classic_bike,2026-08-21 11:16:01,2026-08-21 11:22:35,6 Ave & W 33 St,5431.02,W 33 St & 7 Ave,455,40.7490,-73.9880,40.7502,-73.9908,member
R90402118,electric_bike,2026-08-21 11:27:09,2026-08-21 11:45:18,Christopher St & Greenwich St,6202.07,E 43 St & Vanderbilt Ave,6741.16,40.7329,-74.0071,40.7530,-73.9774,member
R90402117,classic_bike,2026-08-21 11:30:47,2026-08-21 11:44:06,Pershing Square North,6711.03,W 17 St & 8 Ave,5891.11,40.7518,-73.9778,40.7418,-74.0015,member
R90402115,classic_bike,2026-08-21 11:38:01,2026-08-21 11:55:44,1 Ave & E 68 St,6056.19,E 47 St & Park Ave,6462.07,40.7651,-73.9582,40.7550,-73.9750,member
R90402112,classic_bike,2026-08-21 11:58:26,2026-08-21 12:04:04,Pershing Square North,301,E 47 St & Park Ave,6462.07,40.7518,-73.9778,40.7550,-73.9750,member
R90402120,classic_bike,2026-08-21 12:00:31,2026-08-21 12:05:40,Lafayette St & E 8 St,568,E 7 St & Avenue A,5428.06,40.7302,-73.9911,40.7263,-73.9838,member
R90402136,classic_bike,2026-08-21 12:00:33,2026-08-21 12:03:27,Pershing Square North,6711.03,E 43 St & Vanderbilt Ave,6741.16,40.7518,-73.9778,40.7530,-73.9774,member
R90402134,classic_bike,2026-08-21 12:05:52,2026-08-21 12:10:07,W 45 St & 6 Ave,6785.05,Pershing Square North,6711.03,40.7566,-73.9826,40.7518,-73.9778,member
R90402127,classic_bike,2026-08-21 12:07:02,2026-08-21 12:17:07,W 21 St & 6 Ave,6173.11,University Pl & E 14 St,5183.03,40.7417,-73.9942,40.7349,-73.9922,member
R90402119,classic_bike,2026-08-21 12:07:56,2026-08-21 12:14:13,Broadway & W 41 St,6732.19,6 Ave & W 33 St,5431.02,40.7553,-73.9868,40.7490,-73.9880,casual
R90402133,classic_bike,2026-08-21 12:08:27,2026-08-21 12:30:10,W 21 St & 6 Ave,6173.11,1 Ave & E 68 St,6056.19,40.7417,-73.9942,40.7651,-73.9582,casual
R90402142,electric_bike,2026-08-21 12:13:03,2026-08-21 12:17:14,West St & Chambers St,6917.09,vesey pl & river terrace,6741.09,40.7175,-74.0132,40.7153,-74.0163,member
R90402128,classic_bike,2026-08-21 12:23:16,2026-08-21 12:38:38,E 17 St & Broadway,287,Broadway & W 41 St,6732.19,40.7371,-73.9902,40.7553,-73.9868,member
R90402131,electric_bike,2026-08-21 12:23:22,2026-08-21 12:29:31,W 20 St and 11 Ave,5160.04,9 Ave & W 22 St,6088.11,40.7465,-74.0077,40.7455,-74.0019,member
R90402121,classic_bike,2026-08-21 12:28:11,2026-08-21 12:37:50,E 47 St & Park Ave,6462.07,W 41 St & 8 Ave,6419.19,40.7550,-73.9750,40.7562,-73.9901,casual
R90402141,electric_bike,2026-08-21 12:28:18,2026-08-21 12:32:38,Broadway & W 41 St,6732.19,W 45 St & 6 Ave,6785.05,40.7553,-73.9868,40.7566,-73.9826,member
R90402124,classic_bike,2026-08-21 12:29:38,2026-08-21 12:33:01,W 26 St & 8 Ave,6253.07,W 21 St & 6 Ave,6173.11,40.7472,-73.9973,40.7417,-73.9942,member
R90402144,classic_bike,2026-08-21 12:31:00,2026-08-21 12:46:22,Pershing Square North,6711.03,W  17 St & 8 Ave,289,40.7518,-73.9778,40.7418,-74.0015,member
R90402145,electric_bike,2026-08-21 12:35:35,2026-08-21 12:50:30,Broadway & E 14 St,6115.16,W 41 St & 8 Ave,6419.19,40.7345,-73.9906,40.7562,-73.9901,member
R90402130,classic_bike,2026-08-21 12:36:33,2026-08-21 12:41:44,6 Ave & W 33 St,5431.02,Broadway & W 41 St,6732.19,40.7490,-73.9880,40.7553,-73.9868,member
R90402139,classic_bike,2026-08-21 12:39:01,2026-08-21 12:49:16,E 17 St & Broadway,5307.10,6 Ave & W 33 St,5431.02,40.7371,-73.9902,40.7490,-73.9880,member
R90402122,classic_bike,2026-08-21 12:39:19,2026-08-21 12:42:27,Pershing  Square North,6711.03,E 43 St and Vanderbilt Ave,6741.16,40.7518,-73.9778,40.7530,-73.9774,casual
R90402137,electric_bike,2026-08-21 12:39:57,2026-08-21 12:49:31,W 41 St & 8 Ave,6419.19,e 47 st & park ave,6462.07,40.7562,-73.9901,40.7550,-73.9750,member
R90402132,docked_bike,2026-08-21 12:43:15,2026-08-21 12:52:17,W 26 St & 8 Ave,6253.07,6 Ave & W 33 St,5431.02,40.7472,-73.9973,40.7490,-73.9880,member
R90402143,electric_bike,2026-08-21 12:44:51,2026-08-21 12:48:46,W 45 St & 6 Ave,6785.05,Broadway & W 41 St,6732.19,40.7566,-73.9826,40.7553,-73.9868,member
R90402125,classic_bike,2026-08-21 12:45:23,2026-08-21 12:53:40,E 7 St & Avenue A,5428.06,Cleveland Pl & Spring St,6679.12,40.7263,-73.9838,40.7220,-73.9973,casual
R90402135,classic_bike,2026-08-21 12:46:59,2026-08-21 12:58:00,W 33 St & 7 Ave,6594.06,E 47 St & Park Ave,415,40.7502,-73.9908,40.7550,-73.9750,member
R90402126,electric_bike,2026-08-21 12:47:36,2026-08-21 13:00:23,West St & Chambers St,379,University Pl & E 14 St,5183.03,40.7175,-74.0132,40.7349,-73.9922,casual
R90402138,electric_bike,2026-08-21 12:50:13,2026-08-21 12:52:09,E 43 St & Vanderbilt Ave,6741.16,E 47 St & Park Ave,6462.07,40.7530,-73.9774,40.7550,-73.9750,casual
R90402129,classic_bike,2026-08-21 12:51:48,2026-08-21 13:00:35,W 33 St & 7 Ave,6594.06,W 20 St & 11 Ave,5160.04,40.7502,-73.9908,40.7465,-74.0077,member
R90402123,electric_bike,2026-08-21 12:51:52,2026-08-21 12:56:12,W 33 St & 7 Ave,6594.06,W 21 St & 6 Ave,6173.11,40.7502,-73.9908,40.7417,-73.9942,casual
R90402140,classic_bike,2026-08-21 12:55:36,2026-08-21 13:09:22,Broadway & E 14 St,6115.16,W 20 St & 11 Ave,5160.04,40.7345,-73.9906,40.7465,-74.0077,member
R90402152,electric_bike,2026-08-21 13:05:11,2026-08-21 13:10:54,W 17 St & 8 Ave,5891.11,8 Ave & W 31 St,6359.12,40.7418,-74.0015,40.7505,-73.9947,casual
R90402159,electric_bike,2026-08-21 13:10:10,,9 Ave & W 22 St,6088.11,,,40.7455,-74.0019,,,casual
R90402164,classic_bike,2026-08-21 13:13:37,2026-08-21 13:16:38,Broadway & W 41 St,6732.19,W 45 St & 6 Ave,6785.05,40.7553,-73.9868,40.7566,-73.9826,casual
R90402163,classic_bike,2026-08-21 13:15:51,2026-08-21 13:20:39,W 26 St & 8 Ave,6253.07,W 21 St & 6 Ave,6173.11,40.7472,-73.9973,40.7417,-73.9942,casual
R90402162,classic_bike,2026-08-21 13:17:58,2026-08-21 13:22:04,W 20 St & 11 Ave,5160.04,9 Ave & W 22 St,6088.11,40.7465,-74.0077,40.7455,-74.0019,member
R90402149,classic_bike,2026-08-21 13:18:44,2026-08-21 13:29:30,Broadway & E 14 St,514,8 Ave & W 31 St,6359.12,40.7345,-73.9906,40.7505,-73.9947,member
R90402161,electric_bike,2026-08-21 13:20:25,2026-08-21 13:29:17,W 20 St & 11 Ave,5160.04,broadway & w 41 st,6732.19,40.7465,-74.0077,40.7553,-73.9868,member
R90402157,classic_bike,2026-08-21 13:26:27,2026-08-21 13:37:57,W 41 St & 8 Ave,6419.19,Pershing  Square North,6711.03,40.7562,-73.9901,40.7518,-73.9778,member
R90402154,electric_bike,2026-08-21 13:28:27,2026-08-21 13:39:45,Christopher St & Greenwich St ,6202.07,Vesey Pl & River Terrace,6741.09,40.7329,-74.0071,40.7153,-74.0163,member
R90402165,classic_bike,2026-08-21 13:29:17,2026-08-21 13:39:55,1 Ave & E 68 St,6056.19,E 47 St & Park Ave,6462.07,40.7651,-73.9582,40.7550,-73.9750,member
R90402160,classic_bike,2026-08-21 13:33:04,2026-08-21 13:36:59,South End Ave & Liberty St,6060.05,West  St & Chambers St,6917.09,40.7112,-74.0158,40.7175,-74.0132,casual
R90402158,electric_bike,2026-08-21 13:33:34,2026-08-21 13:39:12,Vesey Pl & River Terrace,6741.09,South End Ave & Liberty St,6060.05,40.7153,-74.0163,40.7112,-74.0158,casual
R90402153,classic_bike,2026-08-21 13:34:15,2026-08-21 13:51:15,Pershing Square North,6711.03,E 75 St & 3 Ave,6186.15,40.7518,-73.9778,40.7714,-73.9573,member
R90402147,classic_bike,2026-08-21 13:36:02,2026-08-21 13:41:27,W 21 St & 6 Ave,6173.11,University Pl & E 14 St,5183.03,40.7417,-73.9942,40.7349,-73.9922,member
R90402155,electric_bike,2026-08-21 13:39:37,2026-08-21 13:46:59,8 Ave & W 31 St,6359.12,W 21 St & 6 Ave,6173.11,40.7505,-73.9947,40.7417,-73.9942,member
R90402148,docked_bike,2026-08-21 13:41:33,2026-08-21 13:55:38,Christopher St & Greenwich St,6202.07,Broadway & E 14 St,6115.16,40.7329,-74.0071,40.7345,-73.9906,member
R90402146,classic_bike,2026-08-21 13:41:44,2026-08-21 13:45:55,West St & Chambers St,6917.09,Vesey Pl & River Terrace,6741.09,40.7175,-74.0132,40.7153,-74.0163,member
R90402151,classic_bike,2026-08-21 13:49:09,2026-08-21 13:56:36,Cleveland Pl & Spring St ,508,Carmine St & 6 Ave,6650.03,40.7220,-73.9973,40.7303,-74.0022,member
R90402156,classic_bike,2026-08-21 13:55:23,2026-08-21 14:05:35,Lafayette St & E 8 St,5906.08,Cleveland Pl & Spring St,6679.12,40.7302,-73.9911,40.7220,-73.9973,member
R90402150,classic_bike,2026-08-21 13:56:26,2026-08-21 14:13:08,Lexington Ave & E 63 St,5734.15,W 41 St & 8 Ave,6419.19,40.7642,-73.9660,40.7562,-73.9901,member
R90402181,classic_bike,2026-08-21 14:03:20,2026-08-21 14:08:52,W 21 St & 6 Ave,6173.11,University Pl & E 14 St,5183.03,40.7417,-73.9942,40.7349,-73.9922,member
R90402172,classic_bike,2026-08-21 14:05:38,2026-08-21 14:18:17,E 17 St & Broadway,5307.10,Pershing Square North,6711.03,40.7371,-73.9902,40.7518,-73.9778,casual
R90402179,classic_bike,2026-08-21 14:09:17,2026-08-21 14:17:06,W 21 St & 6 Ave,6173.11,8 ave & w 31 st,6359.12,40.7417,-73.9942,40.7505,-73.9947,member
R90402177,classic_bike,2026-08-21 14:10:37,2026-08-21 14:17:46,W 20 St & 11 Ave,5160.04,8 Ave & W 31 St,6359.12,40.7465,-74.0077,40.7505,-73.9947,member
R90402166,electric_bike,2026-08-21 14:11:10,2026-08-21 14:19:26,Broadway & W 41 St,6732.19,W 33 St & 7 Ave,6594.06,40.7553,-73.9868,40.7502,-73.9908,casual
R90402186,classic_bike,2026-08-21 14:11:33,2026-08-21 14:20:57,Vesey Pl & River Terrace,582,Cleveland Pl & Spring St,6679.12,40.7153,-74.0163,40.7220,-73.9973,member
R90402186,classic_bike,2026-08-21 14:11:33,2026-08-21 14:20:57,Vesey Pl & River Terrace,582,Cleveland Pl & Spring St,6679.12,40.7153,-74.0163,40.7220,-73.9973,member
R90402185,electric_bike,2026-08-21 14:17:04,2026-08-21 14:21:58,9 Ave & W 22 St,6088.11,W 20 St & 11 Ave,5160.04,40.7455,-74.0019,40.7465,-74.0077,casual
R90402174,classic_bike,2026-08-21 14:19:53,2026-08-21 14:29:45,Broadway & Battery Pl,6881.14,West St & Chambers St,6917.09,40.7045,-74.0136,40.7175,-74.0132,member
R90402182,electric_bike,2026-08-21 14:20:27,2026-08-21 14:39:06,Lexington Ave & E 63 St,5734.15,9 Ave & W 22 St,6088.11,40.7642,-73.9660,40.7455,-74.0019,casual
R90402168,classic_bike,2026-08-21 14:21:46,2026-08-21 14:41:42,W 45 St & 6 Ave,6785.05,Carmine St & 6 Ave,284,40.7566,-73.9826,40.7303,-74.0022,member
R90402169,electric_bike,2026-08-21 14:22:08,2026-08-21 14:30:27,Broadway & W 41 St,6732.19,E 47 St & Park Ave,6462.07,40.7553,-73.9868,40.7550,-73.9750,member
R90402184,classic_bike,2026-08-21 14:27:47,2026-08-21 15:08:07,cleveland pl & spring st,508,w 33 st & 7 ave,6594.06,40.7220,-73.9973,40.7502,-73.9908,member
R90402178,classic_bike,2026-08-21 14:29:19,2026-08-21 14:48:59,Lafayette St & E 8 St,568,W 45 St & 6 Ave,6785.05,40.7302,-73.9911,40.7566,-73.9826,casual
R90402170,electric_bike,2026-08-21 14:30:47,2026-08-21 14:36:41,1 Ave & E 68 St,371,Lexington Ave & E 63 St,5734.15,40.7651,-73.9582,40.7642,-73.9660,casual
R90402180,electric_bike,2026-08-21 14:36:29,2026-08-21 14:50:02,W 17 St & 8 Ave,5891.11,Pershing Square North,6711.03,40.7418,-74.0015,40.7518,-73.9778,member
R90402173,classic_bike,2026-08-21 14:41:16,2026-08-21 14:48:07,West St & Chambers St,6917.09,South End Ave & Liberty St,6060.05,40.7175,-74.0132,40.7112,-74.0158,member
R90402167,classic_bike,2026-08-21 14:43:06,2026-08-21 14:55:10,W 20 St & 11 Ave,5160.04,8 Ave & W 31 St,6359.12,40.7465,-74.0077,40.7505,-73.9947,member
R90402175,electric_bike,2026-08-21 14:46:55,2026-08-21 14:52:37,W 33 St & 7 Ave,6594.06,6 Ave & W 33 St,5431.02,40.7502,-73.9908,40.7490,-73.9880,member
R90402176,classic_bike,2026-08-21 14:52:28,2026-08-21 15:12:12,Lafayette St & E 8 St,5906.08,W 41 St & 8 Ave,6419.19,40.7302,-73.9911,40.7562,-73.9901,member
R90402183,classic_bike,2026-08-21 14:57:11,2026-08-21 15:06:12,E 75 St & 3 Ave,6186.15,1 ave & e 68 st,6056.19,40.7714,-73.9573,40.7651,-73.9582,member
R90402171,electric_bike,2026-08-21 14:57:13,2026-08-21 15:03:30,E 43 St & Vanderbilt Ave,6741.16,W 45 St & 6 Ave,6785.05,40.7530,-73.9774,40.7566,-73.9826,member
R90402191,classic_bike,2026-08-21 15:00:14,2026-08-21 15:08:39,W 33 St & 7 Ave,6594.06,Broadway & W 41 St,6732.19,40.7502,-73.9908,40.7553,-73.9868,casual
R90402198,classic_bike,2026-08-21 15:05:12,2026-08-21 15:23:56,8 Ave & W 31 St,6359.12,E 17 St & Broadway,287,40.7505,-73.9947,40.7371,-73.9902,casual
R90402199,electric_bike,2026-08-21 15:09:03,2026-08-21 15:11:56,E 75 St & 3 Ave,6186.15,1 Ave & E 68 St,6056.19,40.7714,-73.9573,40.7651,-73.9582,member
R90402206,electric_bike,2026-08-21 15:09:05,2026-08-21 15:19:11,Broadway & W 41 St,6732.19,E 47 St & Park Ave,6462.07,40.7553,-73.9868,40.7550,-73.9750,member
R90402204,classic_bike,2026-08-21 15:11:10,2026-08-21 15:15:53,University Pl & E 14 St,5183.03,W 21 St & 6 Ave,6173.11,40.7349,-73.9922,40.7417,-73.9942,member
R90402210,classic_bike,2026-08-21 15:11:59,2026-08-21 15:20:13,Vesey Pl and River Terrace,6741.09,Broadway & Battery Pl,6881.14,40.7153,-74.0163,40.7045,-74.0136,member
R90402207,electric_bike,2026-08-21 15:12:08,2026-08-21 15:27:09,1 ave & e 68 st,6056.19,6 Ave & W 33 St,5431.02,40.7651,-73.9582,40.7490,-73.9880,casual
R90402208,classic_bike,2026-08-21 15:14:05,2026-08-21 15:21:22,Pershing Square North,6711.03,W 41 St & 8 Ave,6419.19,40.7518,-73.9778,40.7562,-73.9901,member
R90402202,classic_bike,2026-08-21 15:14:11,2026-08-21 15:24:30,Broadway & E 14 St,6115.16,6 Ave & W 33 St,5431.02,40.7345,-73.9906,40.7490,-73.9880,casual
R90402188,classic_bike,2026-08-21 15:19:28,2026-08-21 15:31:22,W 33 St & 7 Ave,6594.06,University Pl & E 14 St,5183.03,40.7502,-73.9908,40.7349,-73.9922,casual
R90402187,classic_bike,2026-08-21 15:19:57,2026-08-21 15:34:00,E 47 St & Park Ave,6462.07,E 72 St & York Ave,6000.10,40.7550,-73.9750,40.7660,-73.9535,member
R90402203,electric_bike,2026-08-21 15:20:00,2026-08-21 15:26:34,W 21 St & 6 Ave,6173.11,8 Ave & W 31 St,6359.12,40.7417,-73.9942,40.7505,-73.9947,casual
R90402190,classic_bike,2026-08-21 15:21:07,2026-08-21 15:34:33,8 Ave & W 31 St,6359.12,E 17 St & Broadway,5307.10,40.7505,-73.9947,40.7371,-73.9902,member
R90402201,classic_bike,2026-08-21 15:23:57,2026-08-21 15:41:25,W  26 St & 8 Ave,6253.07,Lafayette St & E 8 St,5906.08,40.7472,-73.9973,40.7302,-73.9911,member
R90402194,classic_bike,2026-08-21 15:27:46,2026-08-21 15:33:07,E 75 St & 3 Ave,6186.15,E 72 St & York Ave,6000.10,40.7714,-73.9573,40.7660,-73.9535,casual
R90402213,classic_bike,2026-08-21 15:28:39,2026-08-21 15:44:59,West St & Chambers St,379,Lafayette St & E 8 St,5906.08,40.7175,-74.0132,40.7302,-73.9911,member
R90402205,classic_bike,2026-08-21 15:28:42,2026-08-21 15:33:30,West St & Chambers St,6917.09,Vesey Pl & River Terrace,6741.09,40.7175,-74.0132,40.7153,-74.0163,member
R90402209,classic_bike,2026-08-21 15:31:59,2026-08-21 15:49:34,Broadway & Battery Pl,6881.14,E 7 St & Avenue A,5428.06,40.7045,-74.0136,40.7263,-73.9838,member
R90402195,classic_bike,2026-08-21 15:36:06,2026-08-21 15:40:12,9 Ave & W 22 St,6088.11,W 17 St & 8 Ave,5891.11,40.7455,-74.0019,40.7418,-74.0015,member
R90402214,electric_bike,2026-08-21 15:36:07,2026-08-21 15:49:36,E 17 St & Broadway,5307.10,Broadway & W 41 St,6732.19,40.7371,-73.9902,40.7553,-73.9868,member
R90402197,electric_bike,2026-08-21 15:43:06,2026-08-21 16:12:25,Broadway & Battery Pl,6881.14,W 26 St & 8 Ave,6253.07,40.7045,-74.0136,40.7472,-73.9973,member
R90402189,classic_bike,2026-08-21 15:45:34,2026-08-21 15:55:36,E 43 St & Vanderbilt Ave,6741.16,Lexington Ave & E 63 St ,5734.15,40.7530,-73.9774,40.7642,-73.9660,member
R90402193,electric_bike,2026-08-21 15:46:10,2026-08-21 15:56:59,6 Ave & W 33 St,5431.02,E 43 St & Vanderbilt Ave,6741.16,40.7490,-73.9880,40.7530,-73.9774,member
R90402196,classic_bike,2026-08-21 15:47:00,2026-08-21 15:57:10,Pershing Square North,6711.03,W 41 St & 8 Ave,6419.19,40.7518,-73.9778,40.7562,-73.9901,casual
R90402212,electric_bike,2026-08-21 15:48:56,2026-08-21 15:57:43,Broadway & W 41 St,6732.19,W 21 St & 6 Ave,6173.11,40.7553,-73.9868,40.7417,-73.9942,member
R90402211,classic_bike,2026-08-21 15:50:59,2026-08-21 15:55:28,1 Ave & E 68 St,6056.19,e 72 st & york ave,6000.10,40.7651,-73.9582,40.7660,-73.9535,member
R90402200,electric_bike,2026-08-21 15:51:05,2026-08-21 15:56:15,Carmine St & 6 Ave,6650.03,Christopher St & Greenwich St,6202.07,40.7303,-74.0022,40.7329,-74.0071,casual
R90402192,electric_bike,2026-08-21 15:53:18,2026-08-21 15:58:42,w 45 st & 6 ave,366,E 43 St & Vanderbilt Ave,6741.16,40.7566,-73.9826,40.7530,-73.9774,casual
R90402231,classic_bike,2026-08-21 16:02:06,2026-08-21 16:10:26,Broadway & W 41 St,6732.19,e 17 st & broadway,5307.10,40.7553,-73.9868,40.7371,-73.9902,member
R90402226,classic_bike,2026-08-21 16:03:21,2026-08-21 16:08:48,Broadway & W 41 St ,6732.19,W 41 St & 8 Ave,6419.19,40.7553,-73.9868,40.7562,-73.9901,casual
R90402242,classic_bike,2026-08-21 16:07:41,2026-08-21 16:15:02,1 Ave & E 68 St,6056.19,E 72 St & York Ave,6000.10,40.7651,-73.9582,40.7660,-73.9535,member
R90402239,classic_bike,2026-08-21 16:12:20,2026-08-21 16:27:31,Pershing Square North,6711.03,E 75 St & 3 Ave,6186.15,40.7518,-73.9778,40.7714,-73.9573,member
R90402237,docked_bike,2026-08-21 16:12:53,2026-08-21 16:21:57,W 45 St & 6 Ave,6785.05,W 33 St & 7 Ave,6594.06,40.7566,-73.9826,40.7502,-73.9908,member
R90402217,classic_bike,2026-08-21 16:16:32,2026-08-23 08:16:32,W 41 St & 8 Ave,6419.19,E 17 St & Broadway,5307.10,40.7562,-73.9901,40.7371,-73.9902,member
R90402216,electric_bike,2026-08-21 16:17:09,2026-08-21 16:29:23,E 43 St & Vanderbilt Ave,6741.16,1 Ave & E 68 St,6056.19,40.7530,-73.9774,40.7651,-73.9582,casual
R90402240,classic_bike,2026-08-21 16:22:09,2026-08-21 16:32:02,Broadway & W 41 St,6732.19,W 26 St & 8 Ave ,6253.07,40.7553,-73.9868,40.7472,-73.9973,casual
R90402229,classic_bike,2026-08-21 16:22:26,2026-08-21 16:31:12,W 17 St & 8 Ave ,5891.11,8 Ave & W 31 St,6359.12,40.7418,-74.0015,40.7505,-73.9947,member
R90402236,classic_bike,2026-08-21 16:22:33,2026-08-21 16:33:12,E 43 St & Vanderbilt Ave,6741.16,1 Ave & E 68 St,6056.19,40.7530,-73.9774,40.7651,-73.9582,casual
R90402241,electric_bike,2026-08-21 16:23:33,2026-08-21 16:30:04,w 33 st & 7 ave,6594.06,W 41 St & 8 Ave,254,40.7502,-73.9908,40.7562,-73.9901,member
R90402219,classic_bike,2026-08-21 16:26:59,2026-08-21 16:34:11,Cleveland Pl & Spring St,6679.12,Lafayette St & E 8 St,5906.08,40.7220,-73.9973,40.7302,-73.9911,member
R90402220,electric_bike,2026-08-21 16:27:21,2026-08-21 16:34:16,Cleveland Pl & Spring St,6679.12,West St & Chambers St,6917.09,40.7220,-73.9973,40.7175,-74.0132,member
R90402238,electric_bike,2026-08-21 16:33:08,2026-08-21 16:44:04,Broadway & W 41 St,6732.19,W 20 St & 11 Ave,5160.04,40.7553,-73.9868,40.7465,-74.0077,casual
R90402234,classic_bike,2026-08-21 16:34:31,2026-08-21 16:47:55,West St & Chambers St,6917.09,Christopher St & Greenwich St,6202.07,40.7175,-74.0132,40.7329,-74.0071,casual
R90402232,classic_bike,2026-08-21 16:35:32,2026-08-21 16:44:39,6 Ave & W 33 St,5431.02,pershing square north,6711.03,40.7490,-73.9880,40.7518,-73.9778,member
R90402225,classic_bike,2026-08-21 16:38:16,2026-08-21 16:54:55,W  26 St & 8 Ave,6253.07,Lafayette St & E 8 St,5906.08,40.7472,-73.9973,40.7302,-73.9911,casual
R90402223,classic_bike,2026-08-21 16:38:21,2026-08-21 17:01:38,W 41 St & 8 Ave,6419.19,e 75 st & 3 ave,6186.15,40.7562,-73.9901,40.7714,-73.9573,member
R90402233,classic_bike,2026-08-21 16:39:24,2026-08-21 16:49:24,W 33 St & 7 Ave,6594.06,W 20 St & 11 Ave,5160.04,40.7502,-73.9908,40.7465,-74.0077,member
R90402235,classic_bike,2026-08-21 16:41:04,2026-08-21 16:51:20,Pershing Square North,6711.03,Lexington Ave & E 63 St,5734.15,40.7518,-73.9778,40.7642,-73.9660,member
R90402224,electric_bike,2026-08-21 16:41:56,2026-08-21 16:53:40,Christopher St & Greenwich St,6202.07,West St & Chambers St,6917.09,40.7329,-74.0071,40.7175,-74.0132,member
R90402215,classic_bike,2026-08-21 16:43:39,2026-08-21 16:51:45,Pershing Square North,6711.03,W 41 St & 8 Ave,6419.19,40.7518,-73.9778,40.7562,-73.9901,member
R90402230,electric_bike,2026-08-21 16:43:43,2026-08-21 17:03:55,Vesey Pl & River Terrace,6741.09,University Pl & E 14 St,5183.03,40.7153,-74.0163,40.7349,-73.9922,member
R90402221,classic_bike,2026-08-21 16:46:46,2026-08-21 16:53:03,6 Ave & W 33 St,5431.02,W 26 St & 8 Ave,6253.07,40.7490,-73.9880,40.7472,-73.9973,member
R90402228,classic_bike,2026-08-21 16:47:59,2026-08-21 16:55:41,W 17 St & 8 Ave,5891.11,University Pl & E 14 St,5183.03,40.7418,-74.0015,40.7349,-73.9922,member
R90402218,classic_bike,2026-08-21 16:50:51,2026-08-21 16:57:01,Broadway & Battery Pl,6881.14,South End Ave and Liberty St,6060.05,40.7045,-74.0136,40.7112,-74.0158,member
R90402222,docked_bike,2026-08-21 16:58:00,2026-08-21 17:09:53,9 Ave & W 22 St,6088.11,Broadway & E 14 St,514,40.7455,-74.0019,40.7345,-73.9906,member
R90402227,classic_bike,2026-08-21 16:58:16,2026-08-21 17:00:51,W 45 St & 6 Ave,6785.05,Broadway & W 41 St,6732.19,40.7566,-73.9826,40.7553,-73.9868,member
R90402255,classic_bike,2026-08-21 17:01:57,2026-08-21 17:15:44,W 41 St & 8 Ave,6419.19,E 17 St & Broadway,5307.10,40.7562,-73.9901,40.7371,-73.9902,member
R90402270,classic_bike,2026-08-21 17:04:59,2026-08-21 17:18:02,w 21 st & 6 ave,6173.11,Christopher St & Greenwich St,6202.07,40.7417,-73.9942,40.7329,-74.0071,member
R90402285,classic_bike,2026-08-21 17:05:00,2026-08-21 17:11:45,6  Ave & W 33 St,532,W 41 St and 8 Ave,6419.19,40.7490,-73.9880,40.7562,-73.9901,member
R90402275,electric_bike,2026-08-21 17:08:05,2026-08-21 17:21:15,E 17 St & Broadway ,5307.10,8 ave & w 31 st,6359.12,40.7371,-73.9902,40.7505,-73.9947,member
R90402273,classic_bike,2026-08-21 17:09:13,,Carmine St & 6 Ave,6650.03,,,40.7303,-74.0022,,,casual
R90402277,classic_bike,2026-08-21 17:12:04,2026-08-21 17:34:42,Broadway & W 41 St,6732.19,Carmine St & 6 Ave,6650.03,40.7553,-73.9868,40.7303,-74.0022,member
R90402251,classic_bike,2026-08-21 17:12:22,2026-08-21 17:33:21,W 41 St & 8 Ave,6419.19,1 Ave & E 68 St,6056.19,40.7562,-73.9901,40.7651,-73.9582,casual
R90402244,classic_bike,2026-08-21 17:13:36,2026-08-21 17:20:05,8 Ave & W 31 St ,6359.12,W 21 St & 6 Ave,6173.11,40.7505,-73.9947,40.7417,-73.9942,member
R90402266,electric_bike,2026-08-21 17:13:59,2026-08-21 17:19:39,Broadway & W 41 St,6732.19,8 Ave & W 31 St,6359.12,40.7553,-73.9868,40.7505,-73.9947,member
R90402283,classic_bike,2026-08-21 17:18:23,2026-08-21 17:35:01,Pershing Square North,6711.03,W 21 St & 6 Ave,406,40.7518,-73.9778,40.7417,-73.9942,member
R90402264,classic_bike,2026-08-21 17:18:34,2026-08-21 17:33:48,Cleveland Pl & Spring St,6679.12,South End Ave & Liberty St,6060.05,40.7220,-73.9973,40.7112,-74.0158,casual
R90402272,electric_bike,2026-08-21 17:20:06,2026-08-21 17:29:09,8 Ave & W 31 St,475,Broadway  & E 14 St,6115.16,40.7505,-73.9947,40.7345,-73.9906,member
R90402282,electric_bike,2026-08-21 17:23:12,2026-08-21 17:35:35,w 41 st & 8 ave,6419.19,1 Ave & E 68 St,6056.19,40.7562,-73.9901,40.7651,-73.9582,member
R90402278,electric_bike,2026-08-21 17:23:17,2026-08-21 17:32:44,Pershing Square North,6711.03,Lexington Ave & E 63 St,5734.15,40.7518,-73.9778,40.7642,-73.9660,casual
R90402250,classic_bike,2026-08-21 17:24:48,2026-08-21 17:30:03,west st & chambers st,6917.09,Vesey Pl & River Terrace,6741.09,40.7175,-74.0132,40.7153,-74.0163,member
R90402269,docked_bike,2026-08-21 17:26:45,2026-08-21 17:44:27,6 Ave & W 33 St,5431.02,1 Ave & E 68 St,6056.19,40.7490,-73.9880,40.7651,-73.9582,casual
R90402258,classic_bike,2026-08-21 17:29:11,2026-08-21 17:37:21,Lafayette St & E 8 St,5906.08,Carmine St & 6 Ave,6650.03,40.7302,-73.9911,40.7303,-74.0022,casual
R90402245,classic_bike,2026-08-21 17:29:32,2026-08-21 17:37:36,W 33 St & 7 Ave,6594.06,Broadway & W 41 St,6732.19,40.7502,-73.9908,40.7553,-73.9868,member
R90402245,classic_bike,2026-08-21 17:29:32,2026-08-21 17:37:36,W 33 St & 7 Ave,6594.06,Broadway & W 41 St,6732.19,40.7502,-73.9908,40.7553,-73.9868,member
R90402253,classic_bike,2026-08-21 17:31:12,2026-08-21 17:52:15,E 47 St & Park Ave,6462.07,Lafayette St & E 8 St ,5906.08,40.7550,-73.9750,40.7302,-73.9911,member
R90402259,electric_bike,2026-08-21 17:31:45,2026-08-21 17:44:09,E 43 St & Vanderbilt Ave,6741.16,1 Ave & E 68 St,6056.19,40.7530,-73.9774,40.7651,-73.9582,member
R90402252,electric_bike,2026-08-21 17:34:18,2026-08-21 17:48:38,Pershing Square North,6711.03,University Pl & E 14 St,5183.03,40.7518,-73.9778,40.7349,-73.9922,casual
R90402243,classic_bike,2026-08-21 17:35:41,2026-08-21 17:53:16,West St & Chambers St,6917.09,University Pl & E 14 St,5183.03,40.7175,-74.0132,40.7349,-73.9922,member
R90402276,classic_bike,2026-08-21 17:37:00,2026-08-21 17:44:03,E 75 St & 3 Ave,6186.15,1 ave & e 68 st,6056.19,40.7714,-73.9573,40.7651,-73.9582,member
R90402287,classic_bike,2026-08-21 17:37:55,2026-08-21 17:42:41,1 ave & e 68 st,371,Lexington Ave & E 63 St,5734.15,40.7651,-73.9582,40.7642,-73.9660,member
R90402274,classic_bike,2026-08-21 17:38:24,2026-08-21 17:45:37,Cleveland Pl & Spring St,6679.12,Lafayette St & E 8 St,5906.08,40.7220,-73.9973,40.7302,-73.9911,casual
R90402248,classic_bike,2026-08-21 17:38:42,2026-08-21 17:48:21,W 45 St & 6 Ave,6785.05,Lexington Ave & E 63 St,5734.15,40.7566,-73.9826,40.7642,-73.9660,casual
R90402260,classic_bike,2026-08-21 17:41:20,2026-08-21 17:58:35,South End Ave & Liberty St,6060.05,E 7 St & Avenue A,5428.06,40.7112,-74.0158,40.7263,-73.9838,casual
R90402265,classic_bike,2026-08-21 17:42:09,2026-08-21 17:49:56,Cleveland Pl & Spring St,6679.12,Lafayette St & E 8 St,5906.08,40.7220,-73.9973,40.7302,-73.9911,member
R90402256,classic_bike,2026-08-21 17:42:30,2026-08-21 17:58:14,West St & Chambers St,6917.09,Lafayette St & E 8 St,5906.08,40.7175,-74.0132,40.7302,-73.9911,casual
R90402267,classic_bike,2026-08-21 17:43:43,2026-08-21 17:48:29,W 17 St & 8 Ave,5891.11,W 20 St & 11 Ave,5160.04,40.7418,-74.0015,40.7465,-74.0077,member
R90402262,electric_bike,2026-08-21 17:44:48,2026-08-21 17:56:28,Broadway & W 41 St,6732.19,E 17 St & Broadway,5307.10,40.7553,-73.9868,40.7371,-73.9902,member
R90402280,classic_bike,2026-08-21 17:45:34,2026-08-21 17:58:01,West St & Chambers St,379,Carmine St & 6 Ave,6650.03,40.7175,-74.0132,40.7303,-74.0022,member
R90402254,electric_bike,2026-08-21 17:46:18,2026-08-21 17:53:24,w 41 st & 8 ave,6419.19,w 33 st & 7 ave,6594.06,40.7562,-73.9901,40.7502,-73.9908,casual
R90402271,classic_bike,2026-08-21 17:48:25,,Pershing Square North,6711.03,,,40.7518,-73.9778,,,member
R90402257,classic_bike,2026-08-21 17:49:48,2026-08-21 17:58:42,E 47 St & Park Ave,6462.07,W 41 St & 8 Ave ,254,40.7550,-73.9750,40.7562,-73.9901,member
R90402284,classic_bike,2026-08-21 17:51:37,2026-08-21 17:53:45,e 43 st & vanderbilt ave,6741.16,Pershing Square North,6711.03,40.7530,-73.9774,40.7518,-73.9778,member
R90402263,classic_bike,2026-08-21 17:51:45,2026-08-21 17:56:48,W 41 St & 8 Ave ,6419.19,W 33 St & 7 Ave,6594.06,40.7562,-73.9901,40.7502,-73.9908,casual
R90402286,electric_bike,2026-08-21 17:52:22,2026-08-21 17:58:06,W 41 St & 8 Ave,6419.19,W 45 St & 6 Ave,6785.05,40.7562,-73.9901,40.7566,-73.9826,member
R90402249,classic_bike,2026-08-21 17:53:38,2026-08-21 17:56:10,west st & chambers st,6917.09,Vesey Pl & River Terrace,6741.09,40.7175,-74.0132,40.7153,-74.0163,member
R90402279,classic_bike,2026-08-21 17:54:14,2026-08-21 18:07:09,W 41 St & 8 Ave,6419.19,W 20 St & 11 Ave,5160.04,40.7562,-73.9901,40.7465,-74.0077,member
R90402246,classic_bike,2026-08-21 17:54:16,2026-08-21 18:13:17,Vesey Pl & River Terrace,6741.09,University Pl & E 14 St,5183.03,40.7153,-74.0163,40.7349,-73.9922,casual
R90402281,classic_bike,2026-08-21 17:54:47,2026-08-21 18:00:19,Broadway & E 14 St,6115.16,Lafayette St & E 8 St,5906.08,40.7345,-73.9906,40.7302,-73.9911,member
R90402268,classic_bike,2026-08-21 17:57:04,2026-08-21 18:10:06,W 41 St & 8 Ave,6419.19,Lexington Ave & E 63 St,5734.15,40.7562,-73.9901,40.7642,-73.9660,member
R90402247,classic_bike,2026-08-21 17:58:52,2026-08-21 18:18:53,Pershing Square North,6711.03,Broadway and E 14 St,6115.16,40.7518,-73.9778,40.7345,-73.9906,member
R90402261,classic_bike,2026-08-21 17:59:06,2026-08-21 18:23:22,Pershing Square North ,6711.03,Christopher St & Greenwich St,6202.07,40.7518,-73.9778,40.7329,-74.0071,member
R90402320,classic_bike,2026-08-21 18:00:55,2026-08-21 18:14:48,E 17 St & Broadway,5307.10,W 20 St & 11 Ave,5160.04,40.7371,-73.9902,40.7465,-74.0077,member
R90402330,classic_bike,2026-08-21 18:01:40,2026-08-21 18:19:24,E 47 St & Park Ave,6462.07,E 75 St & 3 Ave,6186.15,40.7550,-73.9750,40.7714,-73.9573,member
R90402305,classic_bike,2026-08-21 18:05:00,2026-08-21 18:19:54,West St & Chambers St,6917.09,University Pl & E 14 St,5183.03,40.7175,-74.0132,40.7349,-73.9922,member
R90402295,classic_bike,2026-08-21 18:06:19,2026-08-21 18:18:47,Pershing Square North,301,university pl & e 14 st,5183.03,40.7518,-73.9778,40.7349,-73.9922,member
R90402333,electric_bike,2026-08-21 18:07:02,2026-08-21 18:11:52,Lexington Ave & E 63 St,5734.15,E 72 St & York Ave,6000.10,40.7642,-73.9660,40.7660,-73.9535,member
R90402303,classic_bike,2026-08-21 18:07:18,2026-08-21 18:21:24,Pershing Square North,6711.03,University Pl & E 14 St,5183.03,40.7518,-73.9778,40.7349,-73.9922,member
R90402326,classic_bike,2026-08-21 18:07:41,2026-08-21 18:14:27,Broadway & W 41 St,6732.19,W 41 St & 8 Ave ,6419.19,40.7553,-73.9868,40.7562,-73.9901,member
R90402301,electric_bike,2026-08-21 18:08:12,2026-08-21 18:22:22,West St & Chambers St,6917.09,University Pl & E 14 St,5183.03,40.7175,-74.0132,40.7349,-73.9922,member
R90402319,electric_bike,2026-08-21 18:08:42,2026-08-21 18:17:27,W 33 St & 7 Ave ,6594.06,University Pl & E 14 St,5183.03,40.7502,-73.9908,40.7349,-73.9922,member
R90402329,classic_bike,2026-08-21 18:09:09,2026-08-21 18:21:10,Broadway & W 41 St,6732.19,W 26 St & 8 Ave,6253.07,40.7553,-73.9868,40.7472,-73.9973,casual
R90402331,electric_bike,2026-08-21 18:10:21,2026-08-21 18:17:23,Cleveland Pl & Spring St ,6679.12,E 7 St & Avenue A,5428.06,40.7220,-73.9973,40.7263,-73.9838,casual
R90402317,electric_bike,2026-08-21 18:12:56,2026-08-21 18:23:46,8 ave & w 31 st,6359.12,Broadway & E 14 St,6115.16,40.7505,-73.9947,40.7345,-73.9906,member
R90402312,classic_bike,2026-08-21 18:15:42,2026-08-21 18:32:37,West St & Chambers St,6917.09,Lafayette St & E 8 St,5906.08,40.7175,-74.0132,40.7302,-73.9911,member
R90402289,classic_bike,2026-08-21 18:16:22,2026-08-21 18:19:35,Lafayette St & E 8 St,5906.08,University Pl and E 14 St,5183.03,40.7302,-73.9911,40.7349,-73.9922,member
R90402314,electric_bike,2026-08-21 18:18:06,2026-08-21 18:35:56,E 43 St & Vanderbilt Ave,6741.16,Christopher St & Greenwich St,6202.07,40.7530,-73.9774,40.7329,-74.0071,member
R90402310,classic_bike,2026-08-21 18:18:22,2026-08-21 18:35:51,Pershing Square North,6711.03,E 75 St & 3 Ave,6186.15,40.7518,-73.9778,40.7714,-73.9573,casual
R90402318,classic_bike,2026-08-21 18:20:33,2026-08-21 18:44:05,E 47 St & Park Ave,415,E 7 St & Avenue A,5428.06,40.7550,-73.9750,40.7263,-73.9838,member
R90402307,classic_bike,2026-08-21 18:21:31,2026-08-21 18:29:10,Pershing Square North,6711.03,W 33 St & 7 Ave,6594.06,40.7518,-73.9778,40.7502,-73.9908,member
R90402313,electric_bike,2026-08-21 18:24:27,2026-08-21 18:29:39,1 Ave & E 68 St,6056.19,E 75 St & 3 Ave ,6186.15,40.7651,-73.9582,40.7714,-73.9573,member
R90402304,classic_bike,2026-08-21 18:25:14,2026-08-21 18:42:24,West St & Chambers St,6917.09,Lafayette St & E 8 St,568,40.7175,-74.0132,40.7302,-73.9911,member
R90402291,classic_bike,2026-08-21 18:31:00,2026-08-21 18:41:59,9 Ave & W 22 St,6088.11,W 45 St & 6 Ave,6785.05,40.7455,-74.0019,40.7566,-73.9826,member
R90402300,classic_bike,2026-08-21 18:31:11,2026-08-21 18:51:42,6 Ave & W 33 St,5431.02,E 7 St & Avenue A,5428.06,40.7490,-73.9880,40.7263,-73.9838,member
R90402290,classic_bike,2026-08-21 18:31:49,2026-08-21 18:50:55,Broadway & W 41 St,6732.19,Broadway & E 14 St,6115.16,40.7553,-73.9868,40.7345,-73.9906,member
R90402323,classic_bike,2026-08-21 18:31:57,2026-08-21 18:56:48,W 41 St & 8 Ave,6419.19,1 Ave & E 68 St,6056.19,40.7562,-73.9901,40.7651,-73.9582,casual
R90402332,electric_bike,2026-08-21 18:33:36,2026-08-21 18:51:25,E 47 St & Park Ave,6462.07,E 7 St & Avenue A,5428.06,40.7550,-73.9750,40.7263,-73.9838,casual
R90402294,classic_bike,2026-08-21 18:36:18,2026-08-21 18:50:36,E 47 St & Park Ave,6462.07,9 Ave & W 22 St,6088.11,40.7550,-73.9750,40.7455,-74.0019,member
R90402311,classic_bike,2026-08-21 18:37:48,2026-08-21 18:50:14,W 33 St & 7 Ave,6594.06,Broadway & E 14 St,6115.16,40.7502,-73.9908,40.7345,-73.9906,member
R90402321,classic_bike,2026-08-21 18:39:15,2026-08-21 18:59:10,E 47 St & Park Ave,6462.07,E 7 St & Avenue A,5428.06,40.7550,-73.9750,40.7263,-73.9838,member
R90402293,classic_bike,2026-08-21 18:39:18,2026-08-21 18:46:50,W 41 St and 8 Ave,6419.19,W 33 St & 7 Ave,455,40.7562,-73.9901,40.7502,-73.9908,member
R90402299,classic_bike,2026-08-21 18:39:30,2026-08-21 18:52:34,W 33 St & 7 Ave,6594.06,W 20 St & 11 Ave,5160.04,40.7502,-73.9908,40.7465,-74.0077,member
R90402302,classic_bike,2026-08-21 18:39:37,2026-08-21 18:49:56,W 33 St & 7 Ave,6594.06,W 45 St & 6 Ave,6785.05,40.7502,-73.9908,40.7566,-73.9826,member
R90402324,electric_bike,2026-08-21 18:39:57,2026-08-21 18:48:28,Pershing Square North,6711.03,Lexington Ave & E 63 St,5734.15,40.7518,-73.9778,40.7642,-73.9660,member
R90402328,electric_bike,2026-08-21 18:42:40,2026-08-21 18:48:31,W 33 St and 7 Ave,6594.06,W 26 St & 8 Ave,6253.07,40.7502,-73.9908,40.7472,-73.9973,casual
R90402322,classic_bike,2026-08-21 18:43:03,2026-08-21 18:48:20,Pershing Square North,6711.03,E 47 St and Park Ave,6462.07,40.7518,-73.9778,40.7550,-73.9750,member
R90402308,classic_bike,2026-08-21 18:43:07,2026-08-21 18:48:01,Broadway & W 41 St,6732.19,W 45 St & 6 Ave,6785.05,40.7553,-73.9868,40.7566,-73.9826,casual
R90402309,classic_bike,2026-08-21 18:43:07,2026-08-21 19:05:25,W 41 St & 8 Ave,6419.19,Lafayette St & E 8 St,5906.08,40.7562,-73.9901,40.7302,-73.9911,member
R90402306,classic_bike,2026-08-21 18:44:00,2026-08-21 18:54:01,Vesey Pl & River Terrace,6741.09,Broadway & Battery Pl,6881.14,40.7153,-74.0163,40.7045,-74.0136,member
R90402316,electric_bike,2026-08-21 18:44:16,2026-08-21 18:56:20,Broadway  & W 41 St,6732.19,Broadway & E 14 St,6115.16,40.7553,-73.9868,40.7345,-73.9906,casual
R90402298,classic_bike,2026-08-21 18:45:23,2026-08-21 19:11:48,W 45 St & 6 Ave,6785.05,Carmine St & 6 Ave,6650.03,40.7566,-73.9826,40.7303,-74.0022,member
R90402297,electric_bike,2026-08-21 18:45:25,2026-08-21 19:01:03,E 47 St & Park Ave,6462.07,E 7 St & Avenue A,5428.06,40.7550,-73.9750,40.7263,-73.9838,casual
R90402315,electric_bike,2026-08-21 18:50:27,2026-08-21 19:01:22,6 Ave & W 33 St,5431.02,Broadway & E 14 St,6115.16,40.7490,-73.9880,40.7345,-73.9906,member
R90402327,classic_bike,2026-08-21 18:52:43,2026-08-21 19:16:26,West St & Chambers St,6917.09,W 17 St & 8 Ave,5891.11,40.7175,-74.0132,40.7418,-74.0015,member
R90402292,electric_bike,2026-08-21 18:55:32,2026-08-21 19:03:55,W 33 St & 7 Ave,6594.06,E 47 St & Park Ave,6462.07,40.7502,-73.9908,40.7550,-73.9750,member
R90402288,classic_bike,2026-08-21 18:56:16,2026-08-21 19:02:03,6 Ave & W 33 St,5431.02,Pershing Square North,6711.03,40.7490,-73.9880,40.7518,-73.9778,member
R90402325,classic_bike,2026-08-21 18:57:02,2026-08-21 19:14:59,8 Ave & W 31 St,475,University Pl & E 14 St,5183.03,40.7505,-73.9947,40.7349,-73.9922,member
R90402296,classic_bike,2026-08-21 18:57:38,2026-08-21 19:01:34,Broadway & W 41 St,6732.19,W 33 St & 7 Ave,6594.06,40.7553,-73.9868,40.7502,-73.9908,member
R90402335,electric_bike,2026-08-21 19:02:18,2026-08-21 19:08:13,Pershing Square North,6711.03,E 47 St & Park Ave,6462.07,40.7518,-73.9778,40.7550,-73.9750,member
R90402341,electric_bike,2026-08-21 19:02:32,2026-08-21 19:07:41,W 33 St & 7 Ave,6594.06,W 26 St & 8 Ave,6253.07,40.7502,-73.9908,40.7472,-73.9973,member
R90402358,classic_bike,2026-08-21 19:07:20,2026-08-21 19:16:57,6 Ave & W 33 St,5431.02,W 45 St & 6 Ave,6785.05,40.7490,-73.9880,40.7566,-73.9826,member
R90402348,classic_bike,2026-08-21 19:07:24,2026-08-21 19:16:29,W 41 St & 8 Ave,6419.19,Pershing Square North,6711.03,40.7562,-73.9901,40.7518,-73.9778,casual
R90402337,electric_bike,2026-08-21 19:08:17,2026-08-21 19:22:19,W 33 St & 7 Ave,455,Cleveland Pl & Spring St,6679.12,40.7502,-73.9908,40.7220,-73.9973,member
R90402339,classic_bike,2026-08-21 19:08:58,2026-08-21 19:20:43,W 21 St & 6 Ave,406,Lafayette St & E 8 St,5906.08,40.7417,-73.9942,40.7302,-73.9911,member
R90402346,electric_bike,2026-08-21 19:09:03,2026-08-21 19:12:43,Broadway & W 41 St,6732.19,W 41 St & 8 Ave,6419.19,40.7553,-73.9868,40.7562,-73.9901,member
R90402355,electric_bike,2026-08-21 19:16:24,2026-08-21 19:21:58,Cleveland Pl & Spring St,6679.12,Lafayette St & E 8 St,5906.08,40.7220,-73.9973,40.7302,-73.9911,member
R90402351,classic_bike,2026-08-21 19:17:30,2026-08-21 19:35:57,W 41 St & 8 Ave,6419.19,Broadway & E 14 St,6115.16,40.7562,-73.9901,40.7345,-73.9906,casual
R90402340,classic_bike,2026-08-21 19:22:22,2026-08-21 19:27:18,1 Ave & E 68 St,6056.19,E 72 St & York Ave,6000.10,40.7651,-73.9582,40.7660,-73.9535,casual
R90402357,classic_bike,2026-08-21 19:23:52,2026-08-21 19:41:05,6 Ave & W 33 St,5431.02,E 7 St & Avenue A,5428.06,40.7490,-73.9880,40.7263,-73.9838,member
R90402362,classic_bike,2026-08-21 19:25:15,2026-08-21 19:38:57,Broadway & W 41 St ,6732.19,e 17 st & broadway,5307.10,40.7553,-73.9868,40.7371,-73.9902,member
R90402349,classic_bike,2026-08-21 19:25:26,2026-08-21 19:34:43,Pershing Square North,6711.03,W 21 St & 6 Ave,6173.11,40.7518,-73.9778,40.7417,-73.9942,member
R90402350,electric_bike,2026-08-21 19:27:42,2026-08-21 19:33:41,W 33 St & 7 Ave,6594.06,W 26 St & 8 Ave,6253.07,40.7502,-73.9908,40.7472,-73.9973,member
R90402361,classic_bike,2026-08-21 19:29:43,2026-08-21 19:35:15,West St & Chambers St ,6917.09,south end ave & liberty st,6060.05,40.7175,-74.0132,40.7112,-74.0158,member
R90402354,electric_bike,2026-08-21 19:30:50,2026-08-21 19:32:25,W 33 St & 7 Ave,6594.06,6 Ave & W 33 St,5431.02,40.7502,-73.9908,40.7490,-73.9880,casual
R90402343,classic_bike,2026-08-21 19:34:27,2026-08-21 19:50:22,Pershing Square North,6711.03,University  Pl & E 14 St,5183.03,40.7518,-73.9778,40.7349,-73.9922,member
R90402353,classic_bike,2026-08-21 19:34:29,2026-08-21 19:39:19,Lafayette St & E 8 St,5906.08,Broadway & E 14 St,6115.16,40.7302,-73.9911,40.7345,-73.9906,member
R90402352,classic_bike,2026-08-21 19:37:51,2026-08-21 19:52:05,W 26 St & 8 Ave,6253.07,E 47 St & Park Ave,6462.07,40.7472,-73.9973,40.7550,-73.9750,member
R90402336,classic_bike,2026-08-21 19:39:04,2026-08-21 19:53:34,West St & Chambers St,6917.09,Lafayette St & E 8 St,568,40.7175,-74.0132,40.7302,-73.9911,member
R90402359,electric_bike,2026-08-21 19:39:30,2026-08-21 19:51:25,8 Ave & W 31 St,6359.12,Broadway & E 14 St,6115.16,40.7505,-73.9947,40.7345,-73.9906,member
R90402347,classic_bike,2026-08-21 19:40:25,2026-08-21 19:53:43,8 Ave & W 31 St,6359.12,Christopher St & Greenwich St,6202.07,40.7505,-73.9947,40.7329,-74.0071,casual
R90402342,electric_bike,2026-08-21 19:41:21,2026-08-21 19:58:54,E 47 St & Park Ave,6462.07,E 7 St & Avenue A,5428.06,40.7550,-73.9750,40.7263,-73.9838,member
R90402338,electric_bike,2026-08-21 19:43:07,2026-08-21 19:49:01,Carmine St & 6 Ave,6650.03,University Pl & E 14 St,5183.03,40.7303,-74.0022,40.7349,-73.9922,member
R90402334,classic_bike,2026-08-21 19:44:55,2026-08-21 19:48:51,w 26 st & 8 ave,6253.07,9 Ave & W 22 St,6088.11,40.7472,-73.9973,40.7455,-74.0019,casual
R90402356,classic_bike,2026-08-21 19:47:55,2026-08-21 19:59:46,W 33 St & 7 Ave,6594.06,University Pl & E 14 St,5183.03,40.7502,-73.9908,40.7349,-73.9922,member
R90402345,classic_bike,2026-08-21 19:51:45,2026-08-21 20:01:37,E 47 St & Park Ave,6462.07,W 41 St & 8 Ave,6419.19,40.7550,-73.9750,40.7562,-73.9901,member
R90402344,classic_bike,2026-08-21 19:55:39,2026-08-21 20:04:56,University Pl & E 14 St ,5183.03,Christopher St & Greenwich St,6202.07,40.7349,-73.9922,40.7329,-74.0071,member
R90402360,classic_bike,2026-08-21 19:56:05,2026-08-21 20:06:51,Cleveland Pl & Spring St,6679.12,West St & Chambers St,6917.09,40.7220,-73.9973,40.7175,-74.0132,member
R90402369,classic_bike,2026-08-21 20:00:14,2026-08-21 20:09:35,West St & Chambers St,6917.09,Cleveland Pl & Spring St,6679.12,40.7175,-74.0132,40.7220,-73.9973,member
R90402363,docked_bike,2026-08-21 20:05:00,2026-08-21 20:15:45,Broadway & E 14 St,6115.16,8 Ave & W 31 St ,6359.12,40.7345,-73.9906,40.7505,-73.9947,member
R90402365,electric_bike,2026-08-21 20:09:22,2026-08-21 20:18:05,Pershing Square North,6711.03,W 33 St & 7 Ave,6594.06,40.7518,-73.9778,40.7502,-73.9908,casual
R90402371,classic_bike,2026-08-21 20:10:54,2026-08-21 20:23:03,University Pl & E 14 St,5183.03,E 7 St & Avenue A,5428.06,40.7349,-73.9922,40.7263,-73.9838,casual
R90402373,classic_bike,2026-08-21 20:17:08,2026-08-21 20:20:29,9 Ave & W 22 St,6088.11,W 26 St & 8 Ave,439,40.7455,-74.0019,40.7472,-73.9973,member
R90402370,classic_bike,2026-08-21 20:20:10,2026-08-21 20:23:58,Broadway & W 41 St,241,w 41 st & 8 ave,254,40.7553,-73.9868,40.7562,-73.9901,member
R90402366,classic_bike,2026-08-21 20:21:28,2026-08-21 20:26:58,W 20 St & 11 Ave,5160.04,9 Ave & W 22 St,6088.11,40.7465,-74.0077,40.7455,-74.0019,member
R90402368,classic_bike,2026-08-21 20:28:04,2026-08-21 20:41:05,Broadway & Battery Pl,6881.14,Vesey Pl & River Terrace,6741.09,40.7045,-74.0136,40.7153,-74.0163,member
R90402374,classic_bike,2026-08-21 20:42:44,2026-08-21 20:51:15,Pershing Square North ,301,W 33 St & 7 Ave,6594.06,40.7518,-73.9778,40.7502,-73.9908,casual
R90402367,electric_bike,2026-08-21 20:43:21,2026-08-21 20:50:10,W 26 St & 8 Ave,6253.07,Broadway & W 41 St,6732.19,40.7472,-73.9973,40.7553,-73.9868,member
R90402364,electric_bike,2026-08-21 20:47:53,2026-08-21 20:55:24,E 75 St & 3 Ave,6186.15,E 72 St & York Ave,348,40.7714,-73.9573,40.7660,-73.9535,member
R90402375,electric_bike,2026-08-21 20:48:02,2026-08-21 20:54:58,Christopher St & Greenwich St,6202.07,W 20 St & 11 Ave,5160.04,40.7329,-74.0071,40.7465,-74.0077,member
R90402372,classic_bike,2026-08-21 20:53:16,2026-08-21 21:17:34,e 7 st & avenue a,5428.06,W 41 St & 8 Ave,6419.19,40.7263,-73.9838,40.7562,-73.9901,member
R90402379,electric_bike,2026-08-21 21:02:38,2026-08-21 21:07:58,8 Ave & W 31 St,6359.12,9  Ave & W 22 St,6088.11,40.7505,-73.9947,40.7455,-74.0019,member
R90402382,classic_bike,2026-08-21 21:02:42,2026-08-21 21:38:21,W 33 St & 7 Ave,6594.06,West St & Chambers St,6917.09,40.7502,-73.9908,40.7175,-74.0132,member
R90402387,classic_bike,2026-08-21 21:05:35,2026-08-21 21:18:02,Cleveland Pl & Spring St,6679.12,Lafayette  St & E 8 St,5906.08,40.7220,-73.9973,40.7302,-73.9911,member
R90402380,electric_bike,2026-08-21 21:14:36,2026-08-21 21:30:07,E 17 St & Broadway,5307.10,Broadway & W 41 St,6732.19,40.7371,-73.9902,40.7553,-73.9868,member
R90402376,classic_bike,2026-08-21 21:18:07,2026-08-21 21:21:16,1 Ave & E 68 St,6056.19,E 72 St & York Ave ,6000.10,40.7651,-73.9582,40.7660,-73.9535,member
R90402378,electric_bike,2026-08-21 21:18:18,2026-08-21 21:20:42,9 Ave & W 22 St,6088.11,W 20 St & 11 Ave,5160.04,40.7455,-74.0019,40.7465,-74.0077,member
R90402377,electric_bike,2026-08-21 21:23:09,2026-08-21 21:28:54,University Pl & E 14 St,5183.03,Lafayette St & E 8 St,5906.08,40.7349,-73.9922,40.7302,-73.9911,member
R90402390,classic_bike,2026-08-21 21:25:54,2026-08-21 21:43:36,E 7 St & Avenue A,5428.06,6 Ave & W 33 St,532,40.7263,-73.9838,40.7490,-73.9880,member
R90402383,electric_bike,2026-08-21 21:32:15,2026-08-21 21:46:01,E 43 St & Vanderbilt Ave,6741.16,1 Ave & E 68 St,6056.19,40.7530,-73.9774,40.7651,-73.9582,casual
R90402388,classic_bike,2026-08-21 21:35:55,2026-08-21 21:48:29,Christopher St & Greenwich St,499,west st & chambers st,379,40.7329,-74.0071,40.7175,-74.0132,casual
R90402389,electric_bike,2026-08-21 21:42:29,2026-08-21 21:51:04,Broadway & E 14 St,6115.16,E 7 St & Avenue A,5428.06,40.7345,-73.9906,40.7263,-73.9838,member
R90402381,classic_bike,2026-08-21 21:49:59,2026-08-21 22:10:49,West St & Chambers St,6917.09,W 21 St & 6 Ave,6173.11,40.7175,-74.0132,40.7417,-73.9942,member
R90402386,classic_bike,2026-08-21 21:50:52,2026-08-21 21:58:56,E 72 St & York Ave,348,1 Ave & E 68 St,6056.19,40.7660,-73.9535,40.7651,-73.9582,casual
R90402384,classic_bike,2026-08-21 21:55:07,2026-08-21 21:59:08,W 45 St & 6 Ave,6785.05,W 41 St & 8 Ave,6419.19,40.7566,-73.9826,40.7562,-73.9901,casual
R90402384,classic_bike,2026-08-21 21:55:07,2026-08-21 21:59:08,W 45 St & 6 Ave,6785.05,W 41 St & 8 Ave,6419.19,40.7566,-73.9826,40.7562,-73.9901,casual
R90402385,electric_bike,2026-08-21 21:59:47,2026-08-21 22:07:30,8 Ave & W 31 St,6359.12,9 Ave & W 22 St,6088.11,40.7505,-73.9947,40.7455,-74.0019,casual
R90402391,electric_bike,2026-08-21 22:12:34,2026-08-21 22:17:27,W 33 St & 7 Ave,6594.06,W 26 St and 8 Ave,6253.07,40.7502,-73.9908,40.7472,-73.9973,member
R90402396,electric_bike,2026-08-21 22:19:38,,W 45 St & 6 Ave,6785.05,,,40.7566,-73.9826,,,member
R90402395,electric_bike,2026-08-21 22:21:18,2026-08-21 22:35:04,E 72 St & York Ave ,6000.10,E 43 St & Vanderbilt Ave,6741.16,40.7660,-73.9535,40.7530,-73.9774,member
R90402394,classic_bike,2026-08-21 22:37:13,2026-08-21 22:41:57,W 45 St & 6 Ave,6785.05,Broadway & W 41 St,6732.19,40.7566,-73.9826,40.7553,-73.9868,member
R90402393,classic_bike,2026-08-21 22:50:38,2026-08-21 23:07:38,1 Ave & E 68 St,6056.19,W 41 St & 8 Ave,254,40.7651,-73.9582,40.7562,-73.9901,member
R90402397,classic_bike,2026-08-21 22:52:32,2026-08-21 23:18:28,University Pl & E 14 St,382,Broadway & Battery Pl,6881.14,40.7349,-73.9922,40.7045,-74.0136,member
R90402392,classic_bike,2026-08-21 22:58:29,2026-08-21 23:08:01,W 33 St & 7 Ave,6594.06,Pershing Square North,6711.03,40.7502,-73.9908,40.7518,-73.9778,member
R90402399,classic_bike,2026-08-21 23:22:45,2026-08-21 23:30:24,W 21 St & 6 Ave,6173.11,W 33 St & 7 Ave,6594.06,40.7417,-73.9942,40.7502,-73.9908,casual
R90402398,electric_bike,2026-08-21 23:48:59,2026-08-21 23:58:14,W 26 St & 8 Ave,439,W 41 St & 8 Ave,6419.19,40.7472,-73.9973,40.7562,-73.9901,member
R90402400,electric_bike,2026-08-21 23:53:51,2026-08-21 23:57:19,W 21 St & 6 Ave,6173.11,University Pl & E 14 St,5183.03,40.7417,-73.9942,40.7349,-73.9922,member
R90402402,electric_bike,2026-08-22 00:05:52,2026-08-22 00:10:09,E 7 St & Avenue A,5428.06,Lafayette St & E 8 St,5906.08,40.7263,-73.9838,40.7302,-73.9911,casual
R90402403,classic_bike,2026-08-22 00:14:32,2026-08-22 00:19:49,9 Ave & W 22 St,6088.11,W 17 St & 8 Ave,5891.11,40.7455,-74.0019,40.7418,-74.0015,casual
R90402404,classic_bike,2026-08-22 00:17:07,2026-08-22 00:31:14,Broadway  & W 41 St,241,E 17 St & Broadway,5307.10,40.7553,-73.9868,40.7371,-73.9902,member
R90402401,classic_bike,2026-08-22 00:56:15,2026-08-22 01:10:48,W 41 St & 8 Ave,254,W 20 St & 11 Ave,5160.04,40.7562,-73.9901,40.7465,-74.0077,member
R90402405,electric_bike,2026-08-22 01:28:39,2026-08-22 01:31:45,E 75 St & 3 Ave,526,1 Ave & E 68 St,6056.19,40.7714,-73.9573,40.7651,-73.9582,casual
R90402406,electric_bike,2026-08-22 01:46:17,2026-08-22 01:58:45,Broadway & W 41 St,6732.19,Broadway & E 14 St,6115.16,40.7553,-73.9868,40.7345,-73.9906,member
R90402407,electric_bike,2026-08-22 02:51:07,2026-08-22 03:01:44,Vesey Pl & River Terrace,6741.09,Christopher St & Greenwich St,6202.07,40.7153,-74.0163,40.7329,-74.0071,member
R90402408,electric_bike,2026-08-22 04:00:01,2026-08-22 04:06:10,W 45 St & 6 Ave,6785.05,E 43 St & Vanderbilt Ave,6741.16,40.7566,-73.9826,40.7530,-73.9774,member
R90402409,electric_bike,2026-08-22 04:17:10,2026-08-22 04:20:34,w 17 st & 8 ave,5891.11,9 Ave & W 22 St,6088.11,40.7418,-74.0015,40.7455,-74.0019,casual
R90402410,classic_bike,2026-08-22 05:02:01,2026-08-22 05:14:31,Lexington Ave & E 63 St,5734.15,W 41 St & 8 Ave,6419.19,40.7642,-73.9660,40.7562,-73.9901,member
R90402414,classic_bike,2026-08-22 06:20:11,2026-08-22 06:35:03,E 72 St & York Ave,6000.10,E 43 St & Vanderbilt Ave,6741.16,40.7660,-73.9535,40.7530,-73.9774,casual
R90402412,classic_bike,2026-08-22 06:38:58,2026-08-22 06:46:28,Carmine St & 6 Ave,6650.03,Lafayette St & E 8 St,5906.08,40.7303,-74.0022,40.7302,-73.9911,member
R90402411,classic_bike,2026-08-22 06:48:08,2026-08-22 06:59:55,Carmine St & 6 Ave,6650.03,cleveland pl & spring st,6679.12,40.7303,-74.0022,40.7220,-73.9973,casual
R90402413,classic_bike,2026-08-22 06:52:41,2026-08-22 06:59:31,Pershing Square North,6711.03,W 45 St & 6 Ave,6785.05,40.7518,-73.9778,40.7566,-73.9826,member
R90402415,classic_bike,2026-08-22 06:53:31,2026-08-22 06:59:19,9 ave & w 22 st,6088.11,W 26 St & 8 Ave,6253.07,40.7455,-74.0019,40.7472,-73.9973,member
R90402418,classic_bike,2026-08-22 07:38:01,2026-08-22 07:44:19,W 45 St & 6 Ave,6785.05,E 43 St & Vanderbilt Ave,6741.16,40.7566,-73.9826,40.7530,-73.9774,casual
R90402416,classic_bike,2026-08-22 07:46:09,2026-08-22 07:54:26,Lafayette St & E 8 St ,5906.08,E 7 St & Avenue A,5428.06,40.7302,-73.9911,40.7263,-73.9838,casual
R90402417,classic_bike,2026-08-22 07:51:29,2026-08-22 07:58:12,E 17 St & Broadway,5307.10,W 21 St & 6 Ave,6173.11,40.7371,-73.9902,40.7417,-73.9942,member
R90402423,electric_bike,2026-08-22 08:25:34,2026-08-22 08:28:51,Broadway & E 14 St,6115.16,University Pl & E 14 St,5183.03,40.7345,-73.9906,40.7349,-73.9922,member
R90402424,classic_bike,2026-08-22 08:27:32,2026-08-22 08:39:28,Pershing Square North,6711.03,W 21 St & 6 Ave,6173.11,40.7518,-73.9778,40.7417,-73.9942,casual
R90402421,classic_bike,2026-08-22 08:49:39,2026-08-22 09:03:42,W 21 St & 6 Ave,6173.11,Pershing Square North,301,40.7417,-73.9942,40.7518,-73.9778,member
R90402419,classic_bike,2026-08-22 08:49:44,2026-08-22 08:55:54,W 33 St & 7 Ave,455,W 21 St & 6 Ave,6173.11,40.7502,-73.9908,40.7417,-73.9942,member
R90402420,classic_bike,2026-08-22 08:54:24,2026-08-22 08:58:01,E 43 St & Vanderbilt Ave,6741.16,Pershing Square North,6711.03,40.7530,-73.9774,40.7518,-73.9778,member
R90402422,electric_bike,2026-08-22 08:58:09,2026-08-22 09:08:31,E 17 St & Broadway,5307.10,8 Ave & W 31 St,6359.12,40.7371,-73.9902,40.7505,-73.9947,member
R90402431,electric_bike,2026-08-22 09:04:00,2026-08-22 09:16:41,W 41 St & 8 Ave ,6419.19,Broadway & E 14 St,6115.16,40.7562,-73.9901,40.7345,-73.9906,member
R90402429,classic_bike,2026-08-22 09:27:23,2026-08-22 09:34:06,W 26 St & 8 Ave,6253.07,6 Ave & W 33 St,5431.02,40.7472,-73.9973,40.7490,-73.9880,casual
R90402426,docked_bike,2026-08-22 09:33:37,2026-08-22 09:35:53,E 43 St & Vanderbilt Ave,6741.16,Pershing Square North,301,40.7530,-73.9774,40.7518,-73.9778,member
R90402430,classic_bike,2026-08-22 09:36:20,2026-08-22 10:09:31,South End Ave & Liberty St,6060.05,Broadway & W 41 St,6732.19,40.7112,-74.0158,40.7553,-73.9868,member
R90402434,electric_bike,2026-08-22 09:38:27,2026-08-22 09:44:31,8 Ave & W 31 St,6359.12,W 21 St & 6 Ave,6173.11,40.7505,-73.9947,40.7417,-73.9942,casual
R90402433,classic_bike,2026-08-22 09:43:34,2026-08-22 09:53:00,Pershing Square North,6711.03,W  33 St & 7 Ave,6594.06,40.7518,-73.9778,40.7502,-73.9908,casual
R90402432,electric_bike,2026-08-22 09:43:52,2026-08-22 09:55:36,Christopher St & Greenwich St ,6202.07,University Pl & E 14 St,5183.03,40.7329,-74.0071,40.7349,-73.9922,casual
R90402428,classic_bike,2026-08-22 09:56:41,2026-08-22 10:08:04,W 33 St & 7 Ave,6594.06,W 20 St & 11 Ave,5160.04,40.7502,-73.9908,40.7465,-74.0077,casual
R90402425,electric_bike,2026-08-22 09:57:12,2026-08-22 10:00:41,9 Ave & W 22 St,6088.11,W 17 St & 8 Ave,5891.11,40.7455,-74.0019,40.7418,-74.0015,member
R90402427,classic_bike,2026-08-22 09:59:36,2026-08-22 10:08:33,W 21 St & 6 Ave,6173.11,W 33 St & 7 Ave,6594.06,40.7417,-73.9942,40.7502,-73.9908,member
R90402444,classic_bike,2026-08-22 10:00:04,2026-08-22 10:03:43,W 33 St & 7 Ave,455,6 Ave & W 33 St,5431.02,40.7502,-73.9908,40.7490,-73.9880,member
R90402436,electric_bike,2026-08-22 10:03:31,2026-08-22 10:16:18,E 47 St & Park Ave,6462.07,E 72 St & York Ave,6000.10,40.7550,-73.9750,40.7660,-73.9535,casual
R90402456,classic_bike,2026-08-22 10:06:23,2026-08-22 10:11:09,University Pl & E 14 St,382,Broadway & E 14 St,6115.16,40.7349,-73.9922,40.7345,-73.9906,casual
R90402445,electric_bike,2026-08-22 10:08:00,2026-08-22 10:16:20,cleveland pl & spring st,6679.12,Carmine St & 6 Ave,6650.03,40.7220,-73.9973,40.7303,-74.0022,member
R90402447,classic_bike,2026-08-22 10:08:04,2026-08-22 10:15:56,W 41 St & 8 Ave,6419.19,E 47 St & Park Ave,6462.07,40.7562,-73.9901,40.7550,-73.9750,casual
R90402449,classic_bike,2026-08-22 10:13:57,2026-08-22 10:23:58,W 20 St & 11 Ave,5160.04,W 41 St & 8 Ave ,6419.19,40.7465,-74.0077,40.7562,-73.9901,member
R90402438,electric_bike,2026-08-22 10:15:00,2026-08-22 10:23:06,E 47 St & Park Ave,6462.07,W 41 St & 8 Ave ,6419.19,40.7550,-73.9750,40.7562,-73.9901,member
R90402438,electric_bike,2026-08-22 10:15:00,2026-08-22 10:23:06,E 47 St & Park Ave,6462.07,W 41 St & 8 Ave ,6419.19,40.7550,-73.9750,40.7562,-73.9901,member
R90402446,classic_bike,2026-08-22 10:17:23,2026-08-22 10:26:49,W 21 St & 6 Ave,406,pershing square north,6711.03,40.7417,-73.9942,40.7518,-73.9778,member
R90402437,classic_bike,2026-08-22 10:18:43,2026-08-22 10:30:45,W 33 St & 7 Ave,6594.06,W  20 St & 11 Ave,5160.04,40.7502,-73.9908,40.7465,-74.0077,member
R90402441,classic_bike,2026-08-22 10:21:22,2026-08-22 10:29:55,W 45 St & 6 Ave,6785.05,w 41 st & 8 ave,6419.19,40.7566,-73.9826,40.7562,-73.9901,member
R90402450,classic_bike,2026-08-22 10:23:52,2026-08-22 10:31:54,8 Ave & W 31 St,6359.12,W 21 St & 6 Ave,6173.11,40.7505,-73.9947,40.7417,-73.9942,member
R90402440,electric_bike,2026-08-22 10:24:05,2026-08-22 10:53:31,w 45 st & 6 ave,6785.05,Broadway & Battery Pl,6881.14,40.7566,-73.9826,40.7045,-74.0136,member
R90402439,classic_bike,2026-08-22 10:24:11,2026-08-22 10:26:08,6 Ave & W 33 St,5431.02,W 33 St & 7 Ave,6594.06,40.7490,-73.9880,40.7502,-73.9908,casual
R90402458,classic_bike,2026-08-22 10:25:53,2026-08-22 10:35:42,W  21 St & 6 Ave,6173.11,w 33 st & 7 ave,6594.06,40.7417,-73.9942,40.7502,-73.9908,member
R90402448,electric_bike,2026-08-22 10:31:08,2026-08-22 10:39:01,W 33 St & 7 Ave ,6594.06,9 Ave & W 22 St,6088.11,40.7502,-73.9908,40.7455,-74.0019,casual
R90402452,classic_bike,2026-08-22 10:35:49,2026-08-22 10:49:40,W 33 St & 7 Ave,6594.06,University Pl & E 14 St,5183.03,40.7502,-73.9908,40.7349,-73.9922,casual
R90402453,electric_bike,2026-08-22 10:36:09,2026-08-22 10:48:02,8 Ave & W 31 St,6359.12,Broadway & E 14 St,6115.16,40.7505,-73.9947,40.7345,-73.9906,casual
R90402457,electric_bike,2026-08-22 10:36:58,2026-08-22 10:58:44,West St & Chambers St,6917.09,E 43 St & Vanderbilt Ave,6741.16,40.7175,-74.0132,40.7530,-73.9774,casual
R90402451,classic_bike,2026-08-22 10:41:06,2026-08-22 10:52:24,Broadway & E 14 St,6115.16,8 Ave & W 31 St,6359.12,40.7345,-73.9906,40.7505,-73.9947,member
R90402454,classic_bike,2026-08-22 10:41:26,2026-08-22 10:50:44,Lexington Ave and E 63 St,5734.15,E 72 St & York Ave,6000.10,40.7642,-73.9660,40.7660,-73.9535,member
R90402435,docked_bike,2026-08-22 10:43:41,2026-08-22 10:50:35,E 72 St & York Ave,6000.10,Lexington Ave & E 63 St,5734.15,40.7660,-73.9535,40.7642,-73.9660,member
R90402455,electric_bike,2026-08-22 10:48:05,2026-08-22 10:50:23,Lafayette St & E 8 St,5906.08,Broadway and E 14 St,6115.16,40.7302,-73.9911,40.7345,-73.9906,member
R90402442,classic_bike,2026-08-22 10:52:22,2026-08-22 10:57:06,W 45 St & 6 Ave,6785.05,Pershing Square North,6711.03,40.7566,-73.9826,40.7518,-73.9778,member
R90402443,electric_bike,2026-08-22 10:58:13,2026-08-22 11:11:57,Vesey Pl & River Terrace,6741.09,E 7 St & Avenue A,5428.06,40.7153,-74.0163,40.7263,-73.9838,member
R90402460,electric_bike,2026-08-22 11:00:49,2026-08-22 11:11:30,Lafayette St & E 8 St ,5906.08,W 26 St & 8 Ave,6253.07,40.7302,-73.9911,40.7472,-73.9973,member
R90402468,classic_bike,2026-08-22 11:01:03,2026-08-22 11:16:10,Pershing Square North,6711.03,university pl & e 14 st,5183.03,40.7518,-73.9778,40.7349,-73.9922,casual
R90402463,electric_bike,2026-08-22 11:06:50,2026-08-22 11:14:08,W 21 St & 6 Ave,6173.11,W 26 St & 8 Ave,6253.07,40.7417,-73.9942,40.7472,-73.9973,member
R90402462,classic_bike,2026-08-22 11:11:18,2026-08-22 11:19:04,W 45 St & 6 Ave,6785.05,W 33 St & 7 Ave,6594.06,40.7566,-73.9826,40.7502,-73.9908,member
R90402471,classic_bike,2026-08-22 11:11:32,2026-08-22 11:22:08,University Pl & E 14 St,382,W 17 St & 8 Ave,5891.11,40.7349,-73.9922,40.7418,-74.0015,member
R90402471,classic_bike,2026-08-22 11:11:32,2026-08-22 11:22:08,University Pl & E 14 St,382,W 17 St & 8 Ave,5891.11,40.7349,-73.9922,40.7418,-74.0015,member
R90402482,classic_bike,2026-08-22 11:17:08,2026-08-22 11:27:41,8 Ave & W 31 St,6359.12,Broadway & E 14 St,6115.16,40.7505,-73.9947,40.7345,-73.9906,member
R90402461,classic_bike,2026-08-22 11:19:15,2026-08-22 11:24:58,w 33 st & 7 ave,6594.06,W 41 St and 8 Ave,6419.19,40.7502,-73.9908,40.7562,-73.9901,member
R90402479,classic_bike,2026-08-22 11:20:47,2026-08-22 11:36:45,W 26 St & 8 Ave,6253.07,Lafayette St & E 8 St,5906.08,40.7472,-73.9973,40.7302,-73.9911,member
R90402478,classic_bike,2026-08-22 11:21:03,2026-08-22 11:25:46,Vesey Pl & River Terrace,6741.09,west st & chambers st,6917.09,40.7153,-74.0163,40.7175,-74.0132,member
R90402465,classic_bike,2026-08-22 11:21:16,2026-08-22 11:24:43,W  41 St & 8 Ave,6419.19,W 45 St & 6 Ave,6785.05,40.7562,-73.9901,40.7566,-73.9826,member
R90402467,electric_bike,2026-08-22 11:22:02,2026-08-22 11:27:42,W 33 St & 7 Ave,6594.06,W 41 St & 8 Ave,6419.19,40.7502,-73.9908,40.7562,-73.9901,member
R90402476,classic_bike,2026-08-22 11:27:51,2026-08-22 11:35:45,W 41 St & 8 Ave,6419.19,Pershing Square North,301,40.7562,-73.9901,40.7518,-73.9778,casual
R90402464,classic_bike,2026-08-22 11:30:13,2026-08-22 11:35:26,Pershing Square North,6711.03,E 47 St & Park Ave,6462.07,40.7518,-73.9778,40.7550,-73.9750,member
R90402473,classic_bike,2026-08-22 11:32:05,2026-08-22 11:40:33,west st & chambers st,6917.09,broadway & battery pl,6881.14,40.7175,-74.0132,40.7045,-74.0136,member
R90402483,classic_bike,2026-08-22 11:33:52,2026-08-22 11:44:57,W 41 St & 8 Ave,6419.19,Pershing Square North,6711.03,40.7562,-73.9901,40.7518,-73.9778,casual
R90402474,classic_bike,2026-08-22 11:37:20,2026-08-22 11:45:06,W 33 St & 7 Ave,6594.06,W 21 St & 6 Ave,6173.11,40.7502,-73.9908,40.7417,-73.9942,member
R90402459,classic_bike,2026-08-22 11:42:47,2026-08-22 11:50:25,E 7 St & Avenue A,5428.06,Lafayette St & E 8 St,5906.08,40.7263,-73.9838,40.7302,-73.9911,member
R90402477,classic_bike,2026-08-22 11:43:11,2026-08-22 11:51:06,W 33 St & 7 Ave,6594.06,Pershing Square North,6711.03,40.7502,-73.9908,40.7518,-73.9778,casual
R90402481,electric_bike,2026-08-22 11:48:26,2026-08-22 11:52:42,Broadway & W 41 St,6732.19,W 45 St & 6 Ave,6785.05,40.7553,-73.9868,40.7566,-73.9826,member
R90402475,electric_bike,2026-08-22 11:48:28,2026-08-22 11:53:21,W 21 St & 6 Ave,6173.11,University Pl & E 14 St,5183.03,40.7417,-73.9942,40.7349,-73.9922,member
R90402469,electric_bike,2026-08-22 11:49:16,2026-08-22 11:54:54,West St & Chambers St,6917.09,South End Ave & Liberty St,6060.05,40.7175,-74.0132,40.7112,-74.0158,member
R90402472,classic_bike,2026-08-22 11:49:53,2026-08-22 12:02:25,Broadway & W 41 St,6732.19,W  21 St & 6 Ave,6173.11,40.7553,-73.9868,40.7417,-73.9942,member
R90402480,classic_bike,2026-08-22 11:50:04,2026-08-22 11:52:27,Broadway & W 41 St ,6732.19,W 41 St & 8 Ave,6419.19,40.7553,-73.9868,40.7562,-73.9901,member
R90402466,docked_bike,2026-08-22 11:56:32,2026-08-22 12:12:26,Broadway & E 14 St,6115.16,W 41 St & 8 Ave,6419.19,40.7345,-73.9906,40.7562,-73.9901,member
R90402470,classic_bike,2026-08-22 11:58:23,2026-08-22 12:02:49,Vesey Pl & River Terrace,6741.09,South End Ave & Liberty St,6060.05,40.7153,-74.0163,40.7112,-74.0158,member
R90402497,classic_bike,2026-08-22 12:00:37,2026-08-22 12:06:24,University Pl & E 14 St,5183.03,W 21 St & 6 Ave,6173.11,40.7349,-73.9922,40.7417,-73.9942,member
R90402506,classic_bike,2026-08-22 12:02:56,2026-08-22 12:23:05,6  Ave & W 33 St,532,1 Ave & E 68 St,6056.19,40.7490,-73.9880,40.7651,-73.9582,member
R90402488,classic_bike,2026-08-22 12:03:31,2026-08-22 12:04:46,E 43 St & Vanderbilt Ave,6741.16,Pershing Square North,6711.03,40.7530,-73.9774,40.7518,-73.9778,member
R90402496,classic_bike,2026-08-22 12:06:29,2026-08-22 12:22:39,W 17 St & 8 Ave,5891.11,Pershing Square North,6711.03,40.7418,-74.0015,40.7518,-73.9778,member
R90402491,classic_bike,2026-08-22 12:08:38,2026-08-22 12:17:08,W 21 St & 6 Ave,6173.11,University Pl & E 14 St,382,40.7417,-73.9942,40.7349,-73.9922,member
R90402487,docked_bike,2026-08-22 12:10:42,2026-08-22 12:28:02,West St & Chambers St,6917.09,Lafayette St & E 8 St,5906.08,40.7175,-74.0132,40.7302,-73.9911,member
R90402495,docked_bike,2026-08-22 12:13:42,2026-08-22 12:16:22,Broadway & W 41 St,6732.19,W 45 St & 6 Ave,6785.05,40.7553,-73.9868,40.7566,-73.9826,member
R90402498,classic_bike,2026-08-22 12:17:40,2026-08-22 12:31:21,Christopher St & Greenwich St,6202.07,W 26 St & 8 Ave ,6253.07,40.7329,-74.0071,40.7472,-73.9973,member
R90402505,electric_bike,2026-08-22 12:18:31,2026-08-22 12:33:09,Pershing Square North,301,E 75 St & 3 Ave,6186.15,40.7518,-73.9778,40.7714,-73.9573,member
R90402509,classic_bike,2026-08-22 12:18:33,2026-08-22 12:27:39,Christopher St & Greenwich St,6202.07,Broadway & E 14 St,514,40.7329,-74.0071,40.7345,-73.9906,casual
R90402493,classic_bike,2026-08-22 12:19:07,2026-08-22 12:26:04,W 21 St & 6 Ave ,6173.11,University Pl & E 14 St,5183.03,40.7417,-73.9942,40.7349,-73.9922,member
R90402508,electric_bike,2026-08-22 12:22:31,2026-08-22 12:26:52,Lafayette St & E 8 St,568,Broadway & E 14 St,6115.16,40.7302,-73.9911,40.7345,-73.9906,member
R90402492,electric_bike,2026-08-22 12:23:07,2026-08-22 12:37:04,w 33 st & 7 ave,6594.06,Christopher St & Greenwich St,6202.07,40.7502,-73.9908,40.7329,-74.0071,member
R90402507,classic_bike,2026-08-22 12:23:31,2026-08-22 12:53:47,w 21 st & 6 ave,6173.11,1 Ave & E 68 St,6056.19,40.7417,-73.9942,40.7651,-73.9582,casual
R90402489,electric_bike,2026-08-22 12:24:28,2026-08-22 12:34:32,Broadway & W 41 St,6732.19,W 21 St & 6 Ave,6173.11,40.7553,-73.9868,40.7417,-73.9942,member
R90402490,classic_bike,2026-08-22 12:25:10,2026-08-22 12:49:25,Broadway & W 41 St,6732.19,Carmine St & 6 Ave,6650.03,40.7553,-73.9868,40.7303,-74.0022,casual
R90402499,electric_bike,2026-08-22 12:26:07,2026-08-22 12:29:06,W 21 St & 6 Ave,6173.11,E 17 St & Broadway,287,40.7417,-73.9942,40.7371,-73.9902,member
R90402486,electric_bike,2026-08-22 12:26:58,2026-08-22 12:31:41,W 17 St & 8 Ave,5891.11,9 Ave and W 22 St,6088.11,40.7418,-74.0015,40.7455,-74.0019,member
R90402503,electric_bike,2026-08-22 12:28:52,2026-08-22 12:34:05,W 33 St & 7 Ave,6594.06,W 45 St & 6 Ave,6785.05,40.7502,-73.9908,40.7566,-73.9826,member
R90402500,classic_bike,2026-08-22 12:29:16,2026-08-22 12:39:59,Broadway & E 14 St,6115.16,Christopher St & Greenwich St,6202.07,40.7345,-73.9906,40.7329,-74.0071,casual
R90402484,classic_bike,2026-08-22 12:37:30,2026-08-22 12:49:08,West St & Chambers St,6917.09,Broadway & Battery Pl,6881.14,40.7175,-74.0132,40.7045,-74.0136,member
R90402501,electric_bike,2026-08-22 12:38:49,2026-08-22 12:47:59,Cleveland Pl & Spring St,6679.12,West St & Chambers St,6917.09,40.7220,-73.9973,40.7175,-74.0132,casual
R90402485,electric_bike,2026-08-22 12:45:57,2026-08-22 13:03:08,E 72 St & York Ave,6000.10,Pershing Square North,6711.03,40.7660,-73.9535,40.7518,-73.9778,member
R90402494,classic_bike,2026-08-22 12:52:57,2026-08-22 13:16:50,E 75 St & 3 Ave,6186.15,6 Ave & W 33 St,5431.02,40.7714,-73.9573,40.7490,-73.9880,member
R90402504,electric_bike,2026-08-22 12:55:15,2026-08-22 13:18:17,Broadway & E 14 St,6115.16,E 72 St & York Ave,6000.10,40.7345,-73.9906,40.7660,-73.9535,member
R90402502,classic_bike,2026-08-22 12:56:24,2026-08-22 13:04:28,W 17 St & 8 Ave,5891.11,8 Ave & W 31 St,6359.12,40.7418,-74.0015,40.7505,-73.9947,casual
R90402516,classic_bike,2026-08-22 13:05:25,2026-08-22 13:18:34,Pershing Square North,6711.03,University Pl & E 14 St,5183.03,40.7518,-73.9778,40.7349,-73.9922,member
R90402526,classic_bike,2026-08-22 13:07:26,2026-08-22 13:14:13,6 Ave & W 33 St,532,E 43 St & Vanderbilt Ave,6741.16,40.7490,-73.9880,40.7530,-73.9774,member
R90402511,electric_bike,2026-08-22 13:12:02,2026-08-22 13:19:27,W 21 St & 6 Ave,6173.11,8 Ave & W 31 St,6359.12,40.7417,-73.9942,40.7505,-73.9947,member
R90402521,classic_bike,2026-08-22 13:14:25,2026-08-22 13:23:10,W 17 St & 8 Ave,5891.11,University Pl & E 14 St,5183.03,40.7418,-74.0015,40.7349,-73.9922,casual
R90402523,electric_bike,2026-08-22 13:17:10,2026-08-22 13:32:10,W 20 St & 11 Ave ,5160.04,E 17 St & Broadway,5307.10,40.7465,-74.0077,40.7371,-73.9902,member
R90402518,classic_bike,2026-08-22 13:20:31,2026-08-22 13:26:13,e 72 st & york ave,6000.10,E 72 St & York Ave,6000.10,40.7660,-73.9535,40.7660,-73.9535,member
R90402529,electric_bike,2026-08-22 13:20:42,2026-08-22 13:30:31,Cleveland Pl & Spring St,6679.12,E 7 St & Avenue A,5428.06,40.7220,-73.9973,40.7263,-73.9838,member
R90402517,classic_bike,2026-08-22 13:23:17,2026-08-22 13:27:49,6 Ave & W 33 St,5431.02,W 33 St & 7 Ave,6594.06,40.7490,-73.9880,40.7502,-73.9908,member
R90402520,electric_bike,2026-08-22 13:23:46,2026-08-22 13:36:17,Pershing Square North,6711.03,university pl & e 14 st,5183.03,40.7518,-73.9778,40.7349,-73.9922,member
R90402519,electric_bike,2026-08-22 13:23:56,2026-08-22 13:31:08,cleveland pl & spring st,6679.12,Lafayette St & E 8 St,5906.08,40.7220,-73.9973,40.7302,-73.9911,member
R90402522,classic_bike,2026-08-22 13:26:18,2026-08-22 13:32:17,W 26 St & 8 Ave,6253.07,W 33 St & 7 Ave,6594.06,40.7472,-73.9973,40.7502,-73.9908,member
R90402527,classic_bike,2026-08-22 13:26:44,2026-08-22 13:32:41,E 47 St & Park Ave,6462.07,Pershing Square North,6711.03,40.7550,-73.9750,40.7518,-73.9778,member
R90402524,electric_bike,2026-08-22 13:35:01,2026-08-22 13:45:57,South End Ave & Liberty St,6060.05,Cleveland Pl and Spring St,6679.12,40.7112,-74.0158,40.7220,-73.9973,member
R90402514,classic_bike,2026-08-22 13:41:17,2026-08-22 13:44:42,University Pl & E 14 St,5183.03,Broadway & E 14 St,6115.16,40.7349,-73.9922,40.7345,-73.9906,member
R90402512,classic_bike,2026-08-22 13:41:53,2026-08-22 13:55:36,E 17 St & Broadway,5307.10,8 Ave & W 31 St,6359.12,40.7371,-73.9902,40.7505,-73.9947,casual
R90402515,classic_bike,2026-08-22 13:42:25,2026-08-22 13:51:55,Pershing Square North,6711.03,6 Ave & W 33 St,5431.02,40.7518,-73.9778,40.7490,-73.9880,member
R90402531,classic_bike,2026-08-22 13:43:38,2026-08-22 13:45:55,broadway & e 14 st,6115.16,University Pl & E 14 St,5183.03,40.7345,-73.9906,40.7349,-73.9922,member
R90402513,classic_bike,2026-08-22 13:44:34,2026-08-22 13:56:08,Lexington Ave & E 63 St,5734.15,E 43 St & Vanderbilt Ave,6741.16,40.7642,-73.9660,40.7530,-73.9774,member
R90402510,classic_bike,2026-08-22 13:47:31,2026-08-22 13:53:53,Carmine St & 6 Ave,6650.03,Lafayette St & E 8 St,5906.08,40.7303,-74.0022,40.7302,-73.9911,member
R90402525,electric_bike,2026-08-22 13:53:49,2026-08-22 13:59:35,W 45 St & 6 Ave,6785.05,E 43 St & Vanderbilt Ave,6741.16,40.7566,-73.9826,40.7530,-73.9774,member
R90402530,classic_bike,2026-08-22 13:57:33,2026-08-22 14:10:48,Pershing Square North,6711.03,Lexington Ave & E 63 St,5734.15,40.7518,-73.9778,40.7642,-73.9660,member
R90402528,classic_bike,2026-08-22 13:58:08,2026-08-22 14:17:17,Broadway & W 41 St,6732.19,Christopher St & Greenwich St,6202.07,40.7553,-73.9868,40.7329,-74.0071,casual
R90402536,electric_bike,2026-08-22 14:01:26,2026-08-22 14:08:08,W 17 St & 8 Ave,5891.11,9 Ave & W 22 St,6088.11,40.7418,-74.0015,40.7455,-74.0019,casual
R90402547,classic_bike,2026-08-22 14:01:38,2026-08-22 14:08:31,Lafayette St & E 8 St,5906.08,Cleveland Pl & Spring St,6679.12,40.7302,-73.9911,40.7220,-73.9973,member
R90402541,electric_bike,2026-08-22 14:03:33,2026-08-22 14:08:37,W 33 St & 7 Ave,6594.06,W 41 St & 8 Ave,6419.19,40.7502,-73.9908,40.7562,-73.9901,member
R90402541,electric_bike,2026-08-22 14:03:33,2026-08-22 14:08:37,W 33 St & 7 Ave,6594.06,W 41 St & 8 Ave,6419.19,40.7502,-73.9908,40.7562,-73.9901,member
R90402534,classic_bike,2026-08-22 14:04:38,2026-08-22 14:22:40,Broadway & W 41 St,6732.19,Broadway & E 14 St,6115.16,40.7553,-73.9868,40.7345,-73.9906,member
R90402551,classic_bike,2026-08-22 14:05:50,2026-08-22 14:10:38,E 47 St & Park Ave,6462.07,Pershing Square North,6711.03,40.7550,-73.9750,40.7518,-73.9778,casual
R90402543,classic_bike,2026-08-22 14:06:59,2026-08-22 14:19:26,Christopher St & Greenwich St,6202.07,University Pl & E 14 St,5183.03,40.7329,-74.0071,40.7349,-73.9922,casual
R90402540,classic_bike,2026-08-22 14:07:15,2026-08-22 14:22:52,Pershing Square North,6711.03,W 21 St & 6 Ave,6173.11,40.7518,-73.9778,40.7417,-73.9942,member
R90402533,classic_bike,2026-08-22 14:11:59,2026-08-22 14:18:38,W 41 St & 8 Ave,6419.19,Broadway & W 41 St,6732.19,40.7562,-73.9901,40.7553,-73.9868,member
R90402550,classic_bike,2026-08-22 14:13:27,2026-08-22 14:19:18,E 75 St & 3 Ave,6186.15,E 72 St & York Ave,6000.10,40.7714,-73.9573,40.7660,-73.9535,member
R90402537,electric_bike,2026-08-22 14:15:08,2026-08-22 14:17:24,Broadway & E 14 St,6115.16,University Pl & E 14 St,5183.03,40.7345,-73.9906,40.7349,-73.9922,member
R90402538,electric_bike,2026-08-22 14:17:46,2026-08-22 14:22:22,Lafayette St & E 8 St,5906.08,University Pl & E 14 St,5183.03,40.7302,-73.9911,40.7349,-73.9922,casual
R90402549,classic_bike,2026-08-22 14:18:53,2026-08-22 14:25:15,1 Ave & E 68 St,6056.19,Lexington Ave & E 63 St,5734.15,40.7651,-73.9582,40.7642,-73.9660,member
R90402539,classic_bike,2026-08-22 14:20:14,2026-08-22 14:22:25,E 43 St & Vanderbilt Ave,6741.16,E 43 St & Vanderbilt Ave,6741.16,40.7530,-73.9774,40.7530,-73.9774,member
R90402535,classic_bike,2026-08-22 14:24:42,2026-08-22 14:31:58,9 Ave & W 22 St,6088.11,8 Ave & W 31 St,6359.12,40.7455,-74.0019,40.7505,-73.9947,member
R90402552,classic_bike,2026-08-22 14:28:29,2026-08-22 14:35:01,University Pl & E 14 St,5183.03,E 17 St & Broadway,5307.10,40.7349,-73.9922,40.7371,-73.9902,member
R90402542,classic_bike,2026-08-22 14:29:31,2026-08-22 14:38:45,8 Ave & W 31 St,6359.12,9 Ave & W 22 St,6088.11,40.7505,-73.9947,40.7455,-74.0019,member
R90402546,electric_bike,2026-08-22 14:31:36,2026-08-22 14:45:18,Broadway & E 14 St,6115.16,8 Ave & W 31 St,6359.12,40.7345,-73.9906,40.7505,-73.9947,member
R90402548,electric_bike,2026-08-22 14:44:05,2026-08-22 14:51:47,W 33 St & 7 Ave,6594.06,Pershing Square North,6711.03,40.7502,-73.9908,40.7518,-73.9778,casual
R90402553,classic_bike,2026-08-22 14:44:19,2026-08-22 14:54:06,Broadway & W 41 St,6732.19,E 47 St & Park Ave,6462.07,40.7553,-73.9868,40.7550,-73.9750,member
R90402544,classic_bike,2026-08-22 14:48:26,2026-08-22 14:53:32,Pershing Square North,6711.03,E 47 St & Park Ave,6462.07,40.7518,-73.9778,40.7550,-73.9750,member
R90402554,classic_bike,2026-08-22 14:53:39,2026-08-22 15:00:09,Broadway & W 41 St,6732.19,Pershing Square North,301,40.7553,-73.9868,40.7518,-73.9778,member
R90402532,classic_bike,2026-08-22 14:54:22,2026-08-22 14:59:23,E 17 St & Broadway ,287,University Pl & E 14 St,5183.03,40.7371,-73.9902,40.7349,-73.9922,casual
R90402545,docked_bike,2026-08-22 14:57:54,2026-08-22 15:04:10,W 33 St & 7 Ave,6594.06,W 26 St & 8 Ave,6253.07,40.7502,-73.9908,40.7472,-73.9973,casual
R90402573,classic_bike,2026-08-22 15:01:30,2026-08-22 15:08:37,W 21 St & 6 Ave,6173.11,w 33 st & 7 ave,6594.06,40.7417,-73.9942,40.7502,-73.9908,member
R90402560,electric_bike,2026-08-22 15:04:43,2026-08-22 15:08:40,South End Ave & Liberty St,6060.05,Vesey Pl & River Terrace,582,40.7112,-74.0158,40.7153,-74.0163,casual
R90402564,classic_bike,2026-08-22 15:10:09,2026-08-22 15:14:47,University Pl & E 14 St,5183.03,Broadway & E 14 St,6115.16,40.7349,-73.9922,40.7345,-73.9906,casual
R90402557,electric_bike,2026-08-22 15:11:24,2026-08-22 15:14:10,Broadway & E 14 St,6115.16,Lafayette St & E 8 St,5906.08,40.7345,-73.9906,40.7302,-73.9911,member
R90402566,classic_bike,2026-08-22 15:18:05,2026-08-22 15:22:21,W 41 St & 8 Ave,6419.19,W 33 St & 7 Ave,6594.06,40.7562,-73.9901,40.7502,-73.9908,member
R90402556,classic_bike,2026-08-22 15:19:29,2026-08-22 15:25:35,6 Ave & W 33 St,5431.02,Pershing Square North,6711.03,40.7490,-73.9880,40.7518,-73.9778,member
R90402565,electric_bike,2026-08-22 15:20:24,2026-08-22 15:41:38,Vesey Pl & River Terrace,6741.09,University Pl & E 14 St,382,40.7153,-74.0163,40.7349,-73.9922,casual
R90402563,classic_bike,2026-08-22 15:28:01,2026-08-22 15:30:06,Pershing Square North,6711.03,E 43 St & Vanderbilt Ave,590,40.7518,-73.9778,40.7530,-73.9774,member
R90402562,electric_bike,2026-08-22 15:34:08,2026-08-22 15:51:15,Christopher St & Greenwich St,6202.07,E 43 St & Vanderbilt Ave,6741.16,40.7329,-74.0071,40.7530,-73.9774,member
R90402572,classic_bike,2026-08-22 15:36:57,2026-08-22 15:46:36,Cleveland Pl & Spring St,6679.12,Lafayette St & E 8 St,568,40.7220,-73.9973,40.7302,-73.9911,member
R90402559,classic_bike,2026-08-22 15:37:21,2026-08-22 15:50:08,W 26 St & 8 Ave,6253.07,Christopher St & Greenwich St,6202.07,40.7472,-73.9973,40.7329,-74.0071,member
R90402555,electric_bike,2026-08-22 15:38:00,2026-08-22 15:47:00,W 33 St & 7 Ave,6594.06,Pershing Square North,6711.03,40.7502,-73.9908,40.7518,-73.9778,casual
R90402558,classic_bike,2026-08-22 15:41:17,2026-08-22 15:51:43,6 Ave & W 33 St,5431.02,Broadway & E 14 St,6115.16,40.7490,-73.9880,40.7345,-73.9906,member
R90402570,classic_bike,2026-08-22 15:44:18,2026-08-22 15:55:10,W 21 St & 6 Ave,6173.11,E 43 St & Vanderbilt Ave,6741.16,40.7417,-73.9942,40.7530,-73.9774,member
R90402568,classic_bike,2026-08-22 15:44:52,2026-08-22 15:49:10,Lexington Ave & E 63 St,5734.15,1  Ave & E 68 St,371,40.7642,-73.9660,40.7651,-73.9582,member
R90402574,classic_bike,2026-08-22 15:45:07,2026-08-22 16:25:32,Cleveland Pl & Spring St,6679.12,1 Ave & E 68 St,6056.19,40.7220,-73.9973,40.7651,-73.9582,member
R90402571,electric_bike,2026-08-22 15:47:27,2026-08-22 15:58:21,e 75 st & 3 ave,6186.15,E 47 St & Park Ave,6462.07,40.7714,-73.9573,40.7550,-73.9750,casual
R90402569,classic_bike,2026-08-22 15:47:33,2026-08-22 16:10:13,South End Ave & Liberty St,259,W 21 St & 6 Ave,6173.11,40.7112,-74.0158,40.7417,-73.9942,member
R90402567,classic_bike,2026-08-22 15:53:18,2026-08-22 15:59:02,W 17 St and 8 Ave,5891.11,W 20 St & 11 Ave,5160.04,40.7418,-74.0015,40.7465,-74.0077,member
R90402561,electric_bike,2026-08-22 15:58:53,2026-08-22 16:08:20,E 17 St & Broadway,5307.10,6 Ave & W 33 St,5431.02,40.7371,-73.9902,40.7490,-73.9880,member
R90402582,electric_bike,2026-08-22 16:02:21,2026-08-22 16:13:25,W 21 St & 6 Ave,6173.11,Pershing Square North,6711.03,40.7417,-73.9942,40.7518,-73.9778,member
R90402575,electric_bike,2026-08-22 16:05:51,2026-08-22 16:10:04,9 Ave & W 22 St,6088.11,W 26 St & 8 Ave,6253.07,40.7455,-74.0019,40.7472,-73.9973,member
R90402584,classic_bike,2026-08-22 16:07:23,2026-08-22 16:10:33,Broadway & W 41 St,6732.19,W 41 St & 8 Ave,6419.19,40.7553,-73.9868,40.7562,-73.9901,member
R90402583,electric_bike,2026-08-22 16:13:43,2026-08-22 16:18:45,6 Ave & W 33 St,5431.02,Pershing Square North,6711.03,40.7490,-73.9880,40.7518,-73.9778,member
R90402576,electric_bike,2026-08-22 16:19:27,2026-08-22 16:25:29,e 17 st & broadway,5307.10,6 Ave & W 33 St,5431.02,40.7371,-73.9902,40.7490,-73.9880,casual
R90402581,classic_bike,2026-08-22 16:21:52,2026-08-22 16:26:21,Lafayette St & E 8 St,5906.08,Broadway & E 14 St,6115.16,40.7302,-73.9911,40.7345,-73.9906,casual
R90402589,classic_bike,2026-08-22 16:24:49,2026-08-22 16:43:39,E 47 St & Park Ave,6462.07,W 20 St & 11 Ave,5160.04,40.7550,-73.9750,40.7465,-74.0077,member
R90402578,classic_bike,2026-08-22 16:25:31,2026-08-22 16:38:03,8 ave & w 31 st,6359.12,Broadway & E 14 St,6115.16,40.7505,-73.9947,40.7345,-73.9906,member
R90402577,classic_bike,2026-08-22 16:26:56,2026-08-22 16:48:58,West St & Chambers St,6917.09,E 17 St & Broadway,5307.10,40.7175,-74.0132,40.7371,-73.9902,casual
R90402579,classic_bike,2026-08-22 16:32:31,2026-08-22 16:41:02,Broadway & E 14 St,6115.16,9 Ave & W 22 St,6088.11,40.7345,-73.9906,40.7455,-74.0019,member
R90402580,electric_bike,2026-08-22 16:33:46,2026-08-22 16:46:58,Carmine St & 6 Ave,6650.03,Broadway & Battery Pl,6881.14,40.7303,-74.0022,40.7045,-74.0136,member
R90402586,classic_bike,2026-08-22 16:49:48,2026-08-22 17:03:20,Pershing Square North,301,W 17 St & 8 Ave,5891.11,40.7518,-73.9778,40.7418,-74.0015,casual
R90402587,classic_bike,2026-08-22 16:50:47,2026-08-22 16:59:11,Vesey Pl & River Terrace,6741.09,South End Ave & Liberty St,6060.05,40.7153,-74.0163,40.7112,-74.0158,member
R90402585,classic_bike,2026-08-22 16:51:56,2026-08-22 17:07:28,christopher st & greenwich st,499,West St and Chambers St,6917.09,40.7329,-74.0071,40.7175,-74.0132,member
R90402588,classic_bike,2026-08-22 16:55:18,2026-08-22 17:24:08,8 Ave & W 31 St,475,E  72 St & York Ave,6000.10,40.7505,-73.9947,40.7660,-73.9535,member
R90402607,classic_bike,2026-08-22 17:00:25,2026-08-22 17:05:16,Lafayette St & E 8 St,5906.08,Carmine  St & 6 Ave,6650.03,40.7302,-73.9911,40.7303,-74.0022,member
R90402601,electric_bike,2026-08-22 17:07:38,2026-08-22 17:16:03,6 Ave & W 33 St,5431.02,W 45 St & 6 Ave,6785.05,40.7490,-73.9880,40.7566,-73.9826,casual
R90402593,classic_bike,2026-08-22 17:11:02,2026-08-22 17:21:20,W 41 St & 8 Ave,6419.19,E 47 St & Park Ave,6462.07,40.7562,-73.9901,40.7550,-73.9750,member
R90402595,docked_bike,2026-08-22 17:11:08,2026-08-22 17:14:17,9 Ave & W 22 St,6088.11,W 20 St & 11 Ave,5160.04,40.7455,-74.0019,40.7465,-74.0077,member
R90402602,classic_bike,2026-08-22 17:16:09,2026-08-22 17:20:21,1 Ave & E 68 St,6056.19,1 Ave and E 68 St,6056.19,40.7651,-73.9582,40.7651,-73.9582,member
R90402597,electric_bike,2026-08-22 17:18:47,2026-08-22 17:24:37,W 26 St & 8 Ave,6253.07,9 Ave & W 22 St,6088.11,40.7472,-73.9973,40.7455,-74.0019,casual
R90402608,electric_bike,2026-08-22 17:25:22,2026-08-22 17:48:34,E 72 St & York Ave,6000.10,W 26 St & 8 Ave,439,40.7660,-73.9535,40.7472,-73.9973,casual
R90402599,classic_bike,2026-08-22 17:28:42,2026-08-22 17:35:59,6 Ave & W 33 St,532,Pershing Square North,6711.03,40.7490,-73.9880,40.7518,-73.9778,member
R90402590,classic_bike,2026-08-22 17:29:50,2026-08-22 17:45:56,W 17 St & 8 Ave,5891.11,E 7 St & Avenue A,5428.06,40.7418,-74.0015,40.7263,-73.9838,casual
R90402598,electric_bike,2026-08-22 17:34:08,2026-08-22 17:40:59,W 45 St & 6 Ave ,6785.05,pershing square north,6711.03,40.7566,-73.9826,40.7518,-73.9778,member
R90402606,classic_bike,2026-08-22 17:34:19,2026-08-22 17:37:09,E 47 St & Park Ave,6462.07,Pershing Square North,6711.03,40.7550,-73.9750,40.7518,-73.9778,member
R90402594,classic_bike,2026-08-22 17:38:29,2026-08-22 17:47:11,pershing square north,6711.03,W 33 St & 7 Ave ,455,40.7518,-73.9778,40.7502,-73.9908,member
R90402603,classic_bike,2026-08-22 17:44:13,2026-08-22 17:48:58,W 26 St & 8 Ave,6253.07,6  Ave & W 33 St,5431.02,40.7472,-73.9973,40.7490,-73.9880,member
R90402592,classic_bike,2026-08-22 17:46:34,2026-08-22 18:06:40,W 41 St & 8 Ave,6419.19,Lafayette St & E 8 St,5906.08,40.7562,-73.9901,40.7302,-73.9911,member
R90402600,electric_bike,2026-08-22 17:52:34,2026-08-22 17:57:59,e 75 st & 3 ave,6186.15,1 Ave & E 68 St,6056.19,40.7714,-73.9573,40.7651,-73.9582,casual
R90402596,electric_bike,2026-08-22 17:54:02,2026-08-22 17:56:52,Lafayette St & E 8 St ,5906.08,Broadway & E 14 St,6115.16,40.7302,-73.9911,40.7345,-73.9906,member
R90402605,classic_bike,2026-08-22 17:57:28,2026-08-22 18:04:06,8 Ave & W 31 St,6359.12,Broadway & W 41 St,6732.19,40.7505,-73.9947,40.7553,-73.9868,member
R90402591,classic_bike,2026-08-22 17:59:09,2026-08-22 18:09:05,W 45 St & 6 Ave,6785.05,Lexington Ave & E 63 St,5734.15,40.7566,-73.9826,40.7642,-73.9660,casual
R90402604,classic_bike,2026-08-22 17:59:41,2026-08-22 18:15:48,Pershing Square North,6711.03,e 75 st & 3 ave,6186.15,40.7518,-73.9778,40.7714,-73.9573,member
R90402615,classic_bike,2026-08-22 18:00:20,2026-08-22 18:10:58,E 47 St & Park Ave,6462.07,1 Ave & E 68 St,6056.19,40.7550,-73.9750,40.7651,-73.9582,casual
R90402614,classic_bike,2026-08-22 18:02:07,2026-08-22 18:09:01,W 45 St & 6 Ave,6785.05,w 41 st & 8 ave,6419.19,40.7566,-73.9826,40.7562,-73.9901,member
R90402612,classic_bike,2026-08-22 18:04:13,2026-08-22 18:22:40,E 75 St & 3 Ave,6186.15,Pershing Square North,6711.03,40.7714,-73.9573,40.7518,-73.9778,casual
R90402620,electric_bike,2026-08-22 18:05:47,2026-08-22 18:12:15,9 Ave & W 22 St,6088.11,8 Ave & W 31 St,475,40.7455,-74.0019,40.7505,-73.9947,member
R90402618,electric_bike,2026-08-22 18:06:17,2026-08-22 18:11:01,E 72 St & York Ave,6000.10,1 Ave & E 68 St,6056.19,40.7660,-73.9535,40.7651,-73.9582,member
R90402611,docked_bike,2026-08-22 18:29:48,2026-08-22 18:43:27,Christopher St & Greenwich St,6202.07,W 20 St & 11 Ave,5160.04,40.7329,-74.0071,40.7465,-74.0077,member
R90402610,classic_bike,2026-08-22 18:32:21,2026-08-22 18:38:05,W 33 St & 7 Ave,6594.06,W 26 St & 8 Ave,6253.07,40.7502,-73.9908,40.7472,-73.9973,member
R90402619,classic_bike,2026-08-22 18:45:28,2026-08-22 19:00:06,Broadway & W 41 St ,6732.19,W 26 St & 8 Ave,6253.07,40.7553,-73.9868,40.7472,-73.9973,member
R90402617,docked_bike,2026-08-22 18:47:54,2026-08-22 19:03:24,W 45 St & 6 Ave,6785.05,Broadway & E 14 St,6115.16,40.7566,-73.9826,40.7345,-73.9906,casual
R90402616,classic_bike,2026-08-22 18:57:46,2026-08-22 19:07:26,Broadway & W 41 St,6732.19,9 Ave & W 22 St,6088.11,40.7553,-73.9868,40.7455,-74.0019,casual
R90402609,classic_bike,2026-08-22 18:59:17,2026-08-22 19:11:21,Christopher St & Greenwich St,6202.07,9 Ave & W 22 St,6088.11,40.7329,-74.0071,40.7455,-74.0019,member
R90402613,classic_bike,2026-08-22 18:59:17,2026-08-22 19:25:53,Pershing Square North,6711.03,Christopher St & Greenwich St,6202.07,40.7518,-73.9778,40.7329,-74.0071,member
R90402623,electric_bike,2026-08-22 19:00:14,2026-08-22 19:05:28,W 20 St & 11 Ave,5160.04,9 ave & w 22 st,6088.11,40.7465,-74.0077,40.7455,-74.0019,member
R90402624,electric_bike,2026-08-22 19:02:24,2026-08-22 19:08:50,W 41 St & 8 Ave,6419.19,W 45 St & 6 Ave,6785.05,40.7562,-73.9901,40.7566,-73.9826,member
R90402625,classic_bike,2026-08-22 19:11:05,2026-08-22 19:20:14,Carmine St & 6 Ave,6650.03,Lafayette St & E 8 St,5906.08,40.7303,-74.0022,40.7302,-73.9911,casual
R90402626,classic_bike,2026-08-22 19:20:37,2026-08-22 19:38:20,Pershing Square North,6711.03,E 75 St & 3 Ave,6186.15,40.7518,-73.9778,40.7714,-73.9573,member
R90402627,classic_bike,2026-08-22 19:23:34,2026-08-22 19:27:02,W 20 St & 11 Ave ,5160.04,W 20 St & 11 Ave,207,40.7465,-74.0077,40.7465,-74.0077,casual
R90402621,electric_bike,2026-08-22 19:24:51,2026-08-22 19:32:49,e 7 st & avenue a,5428.06,University Pl & E 14 St,5183.03,40.7263,-73.9838,40.7349,-73.9922,member
R90402622,electric_bike,2026-08-22 19:39:08,2026-08-22 19:52:46,West St & Chambers St,6917.09,W 21 St & 6 Ave,6173.11,40.7175,-74.0132,40.7417,-73.9942,casual
R90402628,electric_bike,2026-08-22 19:52:30,2026-08-22 20:11:58,E 75 St & 3 Ave,6186.15,6 Ave & W 33 St,5431.02,40.7714,-73.9573,40.7490,-73.9880,casual
R90402634,classic_bike,2026-08-22 20:06:55,2026-08-22 20:12:00,W 41 St & 8 Ave,6419.19,Broadway & W 41 St,6732.19,40.7562,-73.9901,40.7553,-73.9868,member
R90402640,classic_bike,2026-08-22 20:07:06,2026-08-22 20:19:27,University Pl & E 14 St,5183.03,W 33 St & 7 Ave,6594.06,40.7349,-73.9922,40.7502,-73.9908,member
R90402629,electric_bike,2026-08-22 20:07:26,2026-08-22 20:17:33,W 20 St & 11 Ave,207,W 41 St & 8 Ave,6419.19,40.7465,-74.0077,40.7562,-73.9901,casual
R90402630,electric_bike,2026-08-22 20:11:56,2026-08-22 20:16:12,Pershing Square North,6711.03,6 Ave & W 33 St,5431.02,40.7518,-73.9778,40.7490,-73.9880,member
R90402641,classic_bike,2026-08-22 20:11:58,,W 33 St & 7 Ave,6594.06,,,40.7502,-73.9908,,,member
R90402637,classic_bike,2026-08-22 20:15:03,2026-08-22 20:36:16,University Pl & E 14 St,5183.03,Broadway & Battery Pl,6881.14,40.7349,-73.9922,40.7045,-74.0136,member
R90402633,classic_bike,2026-08-22 20:24:29,2026-08-22 20:40:11,E 7 St & Avenue A,5428.06,W 17 St & 8 Ave,289,40.7263,-73.9838,40.7418,-74.0015,member
R90402638,electric_bike,2026-08-22 20:24:38,2026-08-22 20:29:54,South End Ave & Liberty St,6060.05,Vesey Pl & River Terrace,6741.09,40.7112,-74.0158,40.7153,-74.0163,member
R90402635,electric_bike,2026-08-22 20:31:40,2026-08-22 20:36:44,Pershing  Square North,6711.03,6 Ave & W 33 St,5431.02,40.7518,-73.9778,40.7490,-73.9880,casual
R90402639,classic_bike,2026-08-22 20:35:08,2026-08-22 20:38:46,W 26 St & 8 Ave,439,9 Ave & W 22 St,6088.11,40.7472,-73.9973,40.7455,-74.0019,casual
R90402643,classic_bike,2026-08-22 20:36:32,2026-08-22 20:40:56,Broadway & E 14 St,6115.16,Lafayette St & E 8 St,5906.08,40.7345,-73.9906,40.7302,-73.9911,member
R90402631,electric_bike,2026-08-22 20:39:23,2026-08-22 20:59:15,Lafayette St & E 8 St,5906.08,E 47 St & Park Ave,6462.07,40.7302,-73.9911,40.7550,-73.9750,casual
R90402636,electric_bike,2026-08-22 20:39:26,2026-08-22 20:45:22,E 47 St & Park Ave,6462.07,pershing square north,6711.03,40.7550,-73.9750,40.7518,-73.9778,member
R90402632,classic_bike,2026-08-22 20:46:25,2026-08-22 20:56:22,8 Ave & W 31 St,6359.12,W 20 St & 11 Ave,5160.04,40.7505,-73.9947,40.7465,-74.0077,member
R90402642,classic_bike,2026-08-22 20:57:45,2026-08-22 21:09:10,University Pl & E 14 St,5183.03,Christopher St & Greenwich St,6202.07,40.7349,-73.9922,40.7329,-74.0071,member
R90402646,electric_bike,2026-08-22 21:07:58,2026-08-22 21:19:08,9 Ave & W 22 St ,6088.11,Carmine St & 6 Ave,6650.03,40.7455,-74.0019,40.7303,-74.0022,casual
R90402645,classic_bike,2026-08-22 21:09:01,2026-08-22 21:27:50,W  21 St & 6 Ave,6173.11,West St & Chambers St,6917.09,40.7417,-73.9942,40.7175,-74.0132,member
R90402644,electric_bike,2026-08-22 21:20:57,2026-08-22 21:27:48,W 33 St & 7 Ave,6594.06,W 17 St & 8 Ave,5891.11,40.7502,-73.9908,40.7418,-74.0015,member
R90402647,classic_bike,2026-08-22 21:25:03,2026-08-22 21:35:28,Pershing Square North,301,W 26 St & 8 Ave,6253.07,40.7518,-73.9778,40.7472,-73.9973,member
R90402651,classic_bike,2026-08-22 22:14:01,2026-08-22 22:29:35,W 20 St & 11 Ave,5160.04,E 47 St & Park Ave,6462.07,40.7465,-74.0077,40.7550,-73.9750,casual
R90402654,electric_bike,2026-08-22 22:15:08,2026-08-22 22:29:19,e 72 st & york ave,348,E 47 St & Park Ave,6462.07,40.7660,-73.9535,40.7550,-73.9750,casual
R90402649,classic_bike,2026-08-22 22:20:20,2026-08-22 22:29:39,W 26 St & 8 Ave,6253.07,Broadway & W 41 St,6732.19,40.7472,-73.9973,40.7553,-73.9868,member
R90402650,classic_bike,2026-08-22 22:23:26,2026-08-22 22:37:04,Broadway & E 14 St,6115.16,9 Ave & W 22 St ,6088.11,40.7345,-73.9906,40.7455,-74.0019,casual
R90402653,classic_bike,2026-08-22 22:23:46,2026-08-22 22:37:37,E 47 St & Park Ave,6462.07,E 75 St & 3 Ave,6186.15,40.7550,-73.9750,40.7714,-73.9573,member
R90402652,classic_bike,2026-08-22 22:29:56,2026-08-22 22:50:36,6 Ave & W 33 St,5431.02,E 7 St & Avenue A,5428.06,40.7490,-73.9880,40.7263,-73.9838,casual
R90402655,classic_bike,2026-08-22 22:48:43,2026-08-22 22:55:57,South End Ave & Liberty St,6060.05,Broadway & Battery Pl,6881.14,40.7112,-74.0158,40.7045,-74.0136,casual
R90402648,electric_bike,2026-08-22 22:54:20,2026-08-22 23:02:14,E 47 St & Park Ave,6462.07,W 41 St & 8 Ave,6419.19,40.7550,-73.9750,40.7562,-73.9901,casual
R90402658,electric_bike,2026-08-22 23:02:04,2026-08-22 23:09:02,E 72 St & York Ave,6000.10,E 75 St & 3 Ave,6186.15,40.7660,-73.9535,40.7714,-73.9573,member
R90402656,classic_bike,2026-08-22 23:05:20,2026-08-22 23:18:41,University Pl & E 14 St,5183.03,W 33 St & 7 Ave,6594.06,40.7349,-73.9922,40.7502,-73.9908,casual
R90402657,electric_bike,2026-08-22 23:13:13,2026-08-22 23:16:54,Lafayette St & E 8 St,5906.08,University Pl & E 14 St,5183.03,40.7302,-73.9911,40.7349,-73.9922,member
R90402660,classic_bike,2026-08-22 23:37:55,2026-08-22 23:44:36,Carmine St & 6 Ave,6650.03,University Pl & E 14 St,5183.03,40.7303,-74.0022,40.7349,-73.9922,member
R90402659,classic_bike,2026-08-22 23:42:46,2026-08-22 23:23:46,Broadway & E 14 St,6115.16,Broadway & W 41 St ,6732.19,40.7345,-73.9906,40.7553,-73.9868,member
R90402662,classic_bike,2026-08-23 00:33:49,2026-08-23 00:46:09,Broadway & E 14 St,6115.16,8 Ave & W 31 St,6359.12,40.7345,-73.9906,40.7505,-73.9947,member
R90402661,classic_bike,2026-08-23 00:42:37,2026-08-23 00:50:31,broadway & w 41 st,6732.19,6 Ave & W 33 St,5431.02,40.7553,-73.9868,40.7490,-73.9880,member
R90402666,classic_bike,2026-08-23 01:03:54,2026-08-23 01:07:22,W 41 St & 8 Ave,6419.19,Broadway & W 41 St,6732.19,40.7562,-73.9901,40.7553,-73.9868,casual
R90402664,classic_bike,2026-08-23 01:04:10,2026-08-23 01:10:32,E 75 St & 3 Ave,6186.15,1 Ave & E 68 St,6056.19,40.7714,-73.9573,40.7651,-73.9582,member
R90402663,classic_bike,2026-08-23 01:08:31,2026-08-23 01:15:34,University Pl & E 14 St,5183.03,W 17 St & 8 Ave,5891.11,40.7349,-73.9922,40.7418,-74.0015,member
R90402665,classic_bike,2026-08-23 01:12:37,2026-08-23 01:28:46,Lexington Ave & E 63 St,595,W 41 St and 8 Ave,6419.19,40.7642,-73.9660,40.7562,-73.9901,casual
R90402667,classic_bike,2026-08-23 01:22:33,2026-08-23 01:27:48,W 41 St & 8 Ave,254,Broadway & W 41 St,241,40.7562,-73.9901,40.7553,-73.9868,member
R90402668,classic_bike,2026-08-23 02:49:25,2026-08-23 02:56:35,6 Ave & W 33 St,5431.02,W 26 St & 8 Ave,6253.07,40.7490,-73.9880,40.7472,-73.9973,member
R90402669,classic_bike,2026-08-23 03:54:35,2026-08-23 04:12:30,Broadway & E 14 St,6115.16,W 45 St & 6 Ave,6785.05,40.7345,-73.9906,40.7566,-73.9826,member
R90402672,classic_bike,2026-08-23 06:07:59,2026-08-23 06:12:46,broadway & e 14 st,514,University Pl & E 14 St,5183.03,40.7345,-73.9906,40.7349,-73.9922,member
R90402671,classic_bike,2026-08-23 06:19:22,2026-08-23 06:34:23,W 17 St & 8 Ave,5891.11,Pershing Square North,6711.03,40.7418,-74.0015,40.7518,-73.9778,member
R90402673,docked_bike,2026-08-23 06:36:04,2026-08-23 06:40:37,E 7 St & Avenue A,5428.06,Lafayette St & E 8 St,5906.08,40.7263,-73.9838,40.7302,-73.9911,member
R90402670,electric_bike,2026-08-23 06:58:29,2026-08-23 07:00:11,Broadway & W 41 St,6732.19,W 41 St & 8 Ave,6419.19,40.7553,-73.9868,40.7562,-73.9901,member
R90402675,classic_bike,2026-08-23 07:00:01,2026-08-23 07:06:35,W 41 St & 8 Ave,6419.19,Broadway & W 41 St,6732.19,40.7562,-73.9901,40.7553,-73.9868,member
R90402678,classic_bike,2026-08-23 07:22:35,2026-08-23 07:30:15,6 Ave & W 33 St,5431.02,Pershing Square North,6711.03,40.7490,-73.9880,40.7518,-73.9778,member
R90402674,electric_bike,2026-08-23 07:40:01,2026-08-23 07:51:00,Vesey Pl & River Terrace ,6741.09,Broadway & Battery Pl,6881.14,40.7153,-74.0163,40.7045,-74.0136,member
R90402677,classic_bike,2026-08-23 07:47:12,2026-08-23 08:01:31,Vesey Pl & River Terrace,6741.09,Cleveland Pl & Spring St,508,40.7153,-74.0163,40.7220,-73.9973,member
R90402676,classic_bike,2026-08-23 07:53:00,2026-08-23 08:02:53,University Pl & E 14 St,5183.03,Carmine St & 6 Ave,6650.03,40.7349,-73.9922,40.7303,-74.0022,member
R90402679,classic_bike,2026-08-23 08:24:08,2026-08-23 08:33:09,W 21 St & 6 Ave,6173.11,8 Ave & W 31 St,6359.12,40.7417,-73.9942,40.7505,-73.9947,member
R90402681,classic_bike,2026-08-23 08:24:13,2026-08-23 08:37:19,W 21 St & 6 Ave,6173.11,Broadway & W 41 St,6732.19,40.7417,-73.9942,40.7553,-73.9868,casual
R90402682,classic_bike,2026-08-23 08:39:55,2026-08-23 08:54:33,Broadway & W 41 St,6732.19,E 17 St & Broadway,5307.10,40.7553,-73.9868,40.7371,-73.9902,casual
R90402683,classic_bike,2026-08-23 08:45:53,2026-08-23 08:54:07,Lafayette St & E 8 St,5906.08,Cleveland Pl & Spring St,6679.12,40.7302,-73.9911,40.7220,-73.9973,member
R90402680,electric_bike,2026-08-23 08:49:20,2026-08-23 09:08:17,Carmine St & 6 Ave,6650.03,W 45 St & 6 Ave,366,40.7303,-74.0022,40.7566,-73.9826,member
R90402693,classic_bike,2026-08-23 09:01:26,2026-08-23 09:04:27,E 72 St & York Ave,6000.10,1 Ave & E 68 St,6056.19,40.7660,-73.9535,40.7651,-73.9582,member
R90402691,electric_bike,2026-08-23 09:02:28,2026-08-23 09:11:09,8 Ave & W 31 St,6359.12,e 17 st & broadway,5307.10,40.7505,-73.9947,40.7371,-73.9902,member
R90402690,classic_bike,2026-08-23 09:05:57,2026-08-23 09:11:06,6 Ave & W 33 St,532,W 33 St & 7 Ave,6594.06,40.7490,-73.9880,40.7502,-73.9908,member
R90402696,electric_bike,2026-08-23 09:11:02,2026-08-23 09:21:01,W 41 St & 8 Ave,6419.19,E 43 St & Vanderbilt Ave,6741.16,40.7562,-73.9901,40.7530,-73.9774,member
R90402689,classic_bike,2026-08-23 09:13:30,2026-08-23 09:22:04,6 Ave & W 33 St,5431.02,E 43 St & Vanderbilt Ave,6741.16,40.7490,-73.9880,40.7530,-73.9774,member
R90402685,classic_bike,2026-08-23 09:27:22,2026-08-23 09:33:21,Lafayette St & E 8 St,5906.08,Broadway & E 14 St,6115.16,40.7302,-73.9911,40.7345,-73.9906,casual
R90402697,electric_bike,2026-08-23 09:28:23,2026-08-23 09:34:42,W 41 St & 8 Ave,6419.19,Pershing Square North,6711.03,40.7562,-73.9901,40.7518,-73.9778,member
R90402686,electric_bike,2026-08-23 09:28:29,2026-08-23 09:38:49,Lexington Ave and E 63 St,5734.15,W 41 St & 8 Ave,6419.19,40.7642,-73.9660,40.7562,-73.9901,member
R90402687,electric_bike,2026-08-23 09:30:53,2026-08-23 09:37:47,South End Ave & Liberty St,6060.05,West St & Chambers St,6917.09,40.7112,-74.0158,40.7175,-74.0132,member
R90402688,classic_bike,2026-08-23 09:31:04,2026-08-23 09:37:51,Lafayette St & E 8 St,5906.08,Broadway & E 14 St,6115.16,40.7302,-73.9911,40.7345,-73.9906,member
R90402698,classic_bike,2026-08-23 09:34:05,2026-08-23 09:47:49,W 17 St & 8 Ave,5891.11,Pershing Square North,6711.03,40.7418,-74.0015,40.7518,-73.9778,member
R90402692,electric_bike,2026-08-23 09:40:40,,Pershing Square North,6711.03,,,40.7518,-73.9778,,,member
R90402684,electric_bike,2026-08-23 09:43:46,2026-08-23 09:51:21,W 21 St & 6 Ave,6173.11,W 33 St & 7 Ave,6594.06,40.7417,-73.9942,40.7502,-73.9908,member
R90402695,classic_bike,2026-08-23 09:51:12,2026-08-23 10:02:10,W 33 St & 7 Ave,6594.06,W 20 St & 11 Ave,207,40.7502,-73.9908,40.7465,-74.0077,member
R90402699,classic_bike,2026-08-23 09:52:00,2026-08-23 09:59:00,8 ave & w 31 st,475,Broadway & W 41 St,6732.19,40.7505,-73.9947,40.7553,-73.9868,member
R90402694,classic_bike,2026-08-23 09:58:02,2026-08-23 10:15:59,E 47 St & Park Ave ,6462.07,E 75 St and 3 Ave,6186.15,40.7550,-73.9750,40.7714,-73.9573,member
R90402709,electric_bike,2026-08-23 10:00:35,2026-08-23 10:04:44,W 26 St & 8 Ave,6253.07,9 Ave & W 22 St,6088.11,40.7472,-73.9973,40.7455,-74.0019,member
R90402714,classic_bike,2026-08-23 10:04:04,2026-08-23 10:21:45,lafayette st & e 8 st,5906.08,W 45 St & 6 Ave,6785.05,40.7302,-73.9911,40.7566,-73.9826,member
R90402706,classic_bike,2026-08-23 10:04:52,2026-08-23 10:28:43,West St & Chambers St,6917.09,W 21 St & 6 Ave,6173.11,40.7175,-74.0132,40.7417,-73.9942,member
R90402715,classic_bike,2026-08-23 10:05:20,2026-08-23 10:14:12,Pershing Square North,6711.03,W 33 St & 7 Ave,455,40.7518,-73.9778,40.7502,-73.9908,member
R90402700,classic_bike,2026-08-23 10:06:42,2026-08-23 10:13:40,w 33 st & 7 ave,6594.06,W 41 St & 8 Ave,6419.19,40.7502,-73.9908,40.7562,-73.9901,member
R90402707,classic_bike,2026-08-23 10:06:59,2026-08-23 10:13:53,W 33 St & 7 Ave,6594.06,Broadway & W 41 St,6732.19,40.7502,-73.9908,40.7553,-73.9868,member
R90402716,classic_bike,2026-08-23 10:07:24,2026-08-23 10:12:18,1 Ave & E 68 St,6056.19,E 72 St & York Ave,6000.10,40.7651,-73.9582,40.7660,-73.9535,member
R90402717,classic_bike,2026-08-23 10:14:27,2026-08-23 10:31:54,1 Ave & E 68 St,6056.19,6 Ave & W 33 St,5431.02,40.7651,-73.9582,40.7490,-73.9880,casual
R90402712,classic_bike,2026-08-23 10:16:38,2026-08-23 10:30:19,Lexington Ave & E 63 St,5734.15,E 43 St & Vanderbilt Ave,6741.16,40.7642,-73.9660,40.7530,-73.9774,casual
R90402713,electric_bike,2026-08-23 10:20:58,2026-08-23 10:41:29,E 17 St & Broadway,5307.10,1  Ave & E 68 St,6056.19,40.7371,-73.9902,40.7651,-73.9582,member
R90402719,classic_bike,2026-08-23 10:24:11,2026-08-23 10:30:59,W 33 St & 7 Ave,6594.06,Broadway & W 41 St,6732.19,40.7502,-73.9908,40.7553,-73.9868,member
R90402718,classic_bike,2026-08-23 10:27:02,2026-08-23 10:42:38,Broadway & W 41 St,6732.19,E 17 St & Broadway,5307.10,40.7553,-73.9868,40.7371,-73.9902,casual
R90402701,classic_bike,2026-08-23 10:27:47,2026-08-23 10:31:46,Pershing Square North,6711.03,E 43 St & Vanderbilt Ave,6741.16,40.7518,-73.9778,40.7530,-73.9774,member
R90402705,electric_bike,2026-08-23 10:36:35,2026-08-23 10:45:49,West St & Chambers St,6917.09,South End Ave & Liberty St,6060.05,40.7175,-74.0132,40.7112,-74.0158,member
R90402710,classic_bike,2026-08-23 10:38:46,2026-08-23 10:51:11,West St & Chambers St,6917.09,Christopher St & Greenwich St ,6202.07,40.7175,-74.0132,40.7329,-74.0071,member
R90402711,electric_bike,2026-08-23 10:40:28,2026-08-23 10:50:32,South End Ave & Liberty St,6060.05,Cleveland Pl & Spring St,6679.12,40.7112,-74.0158,40.7220,-73.9973,member
R90402704,classic_bike,2026-08-23 10:41:40,2026-08-23 10:49:54,8 Ave & W 31 St,6359.12,Broadway & W 41 St,6732.19,40.7505,-73.9947,40.7553,-73.9868,member
R90402703,docked_bike,2026-08-23 10:44:45,2026-08-23 10:52:34,Broadway and W 41 St,6732.19,8 Ave & W 31 St,6359.12,40.7553,-73.9868,40.7505,-73.9947,member
R90402708,classic_bike,2026-08-23 10:48:25,2026-08-23 10:52:58,W 33 St & 7 Ave,6594.06,6 Ave & W 33 St,5431.02,40.7502,-73.9908,40.7490,-73.9880,member
R90402702,classic_bike,2026-08-23 10:55:53,2026-08-23 11:02:18,6 Ave & W 33 St,5431.02,Pershing Square North,6711.03,40.7490,-73.9880,40.7518,-73.9778,casual
R90402739,electric_bike,2026-08-23 11:05:50,2026-08-23 11:10:50,E 17 St & Broadway,5307.10,University Pl & E 14 St,5183.03,40.7371,-73.9902,40.7349,-73.9922,member
R90402735,electric_bike,2026-08-23 11:07:49,2026-08-23 11:24:58,W 21 St & 6 Ave,6173.11,West St & Chambers St,6917.09,40.7417,-73.9942,40.7175,-74.0132,member
R90402730,classic_bike,2026-08-23 11:09:01,2026-08-23 11:17:37,W 41 St & 8 Ave,6419.19,Pershing Square North,6711.03,40.7562,-73.9901,40.7518,-73.9778,casual
R90402722,classic_bike,2026-08-23 11:09:30,2026-08-23 11:27:33,W 33 St & 7 Ave,6594.06,Christopher St & Greenwich St,6202.07,40.7502,-73.9908,40.7329,-74.0071,member
R90402737,classic_bike,2026-08-23 11:16:46,2026-08-23 11:25:09,W 45 St & 6 Ave,6785.05,Pershing Square North,6711.03,40.7566,-73.9826,40.7518,-73.9778,member
R90402740,electric_bike,2026-08-23 11:22:44,2026-08-23 11:34:09,Pershing Square North,6711.03,Lexington Ave & E 63 St,5734.15,40.7518,-73.9778,40.7642,-73.9660,member
R90402734,classic_bike,2026-08-23 11:23:10,2026-08-23 11:34:09,W 26 St & 8 Ave,6253.07,Pershing Square North,6711.03,40.7472,-73.9973,40.7518,-73.9778,casual
R90402738,classic_bike,2026-08-23 11:25:53,2026-08-23 11:48:51,Carmine St & 6 Ave,6650.03,E 47 St & Park Ave ,6462.07,40.7303,-74.0022,40.7550,-73.9750,member
R90402743,electric_bike,2026-08-23 11:26:47,2026-08-23 11:35:52,W 26 St & 8 Ave,6253.07,Christopher St & Greenwich St,6202.07,40.7472,-73.9973,40.7329,-74.0071,casual
R90402728,electric_bike,2026-08-23 11:28:39,2026-08-23 11:38:22,E 47 St & Park Ave,6462.07,1 Ave & E 68 St,6056.19,40.7550,-73.9750,40.7651,-73.9582,casual
R90402724,classic_bike,2026-08-23 11:30:57,2026-08-23 11:52:31,Carmine St & 6 Ave,6650.03,W 45 St & 6 Ave,6785.05,40.7303,-74.0022,40.7566,-73.9826,member
R90402721,classic_bike,2026-08-23 11:34:11,2026-08-23 11:38:55,W 41 St & 8 Ave,6419.19,W 33 St & 7 Ave,6594.06,40.7562,-73.9901,40.7502,-73.9908,casual
R90402733,classic_bike,2026-08-23 11:37:52,2026-08-23 11:47:17,W 33 St & 7 Ave,6594.06,E 47 St & Park Ave,6462.07,40.7502,-73.9908,40.7550,-73.9750,member
R90402726,classic_bike,2026-08-23 11:42:14,2026-08-23 11:47:13,Vesey Pl & River Terrace,6741.09,West St & Chambers St ,6917.09,40.7153,-74.0163,40.7175,-74.0132,casual
R90402745,classic_bike,2026-08-23 11:46:41,2026-08-23 12:10:58,E 75 St & 3 Ave ,6186.15,6 Ave & W 33 St,5431.02,40.7714,-73.9573,40.7490,-73.9880,member
R90402727,classic_bike,2026-08-23 11:47:27,2026-08-23 11:58:06,6 Ave & W 33 St,5431.02,Broadway & E 14 St,6115.16,40.7490,-73.9880,40.7345,-73.9906,member
R90402720,classic_bike,2026-08-23 11:51:22,2026-08-23 11:55:56,E 17 St & Broadway,5307.10,University Pl & E 14 St,5183.03,40.7371,-73.9902,40.7349,-73.9922,casual
R90402741,electric_bike,2026-08-23 11:52:46,,Cleveland Pl & Spring St ,6679.12,,,40.7220,-73.9973,,,member
R90402744,classic_bike,2026-08-23 11:53:12,2026-08-23 12:11:45,University Pl & E 14 St,5183.03,Vesey Pl & River Terrace,6741.09,40.7349,-73.9922,40.7153,-74.0163,casual
R90402731,classic_bike,2026-08-23 11:53:26,2026-08-23 12:07:28,W 17 St & 8 Ave,5891.11,E 7 St & Avenue A,5428.06,40.7418,-74.0015,40.7263,-73.9838,casual
R90402729,classic_bike,2026-08-23 11:54:12,2026-08-23 11:58:41,W 21 St & 6 Ave,6173.11,W 26 St & 8 Ave,6253.07,40.7417,-73.9942,40.7472,-73.9973,member
R90402742,classic_bike,2026-08-23 11:54:44,2026-08-23 12:08:42,Broadway & E 14 St,6115.16,E 43 St & Vanderbilt Ave,6741.16,40.7345,-73.9906,40.7530,-73.9774,member
R90402723,electric_bike,2026-08-23 11:58:15,2026-08-23 12:13:31,West St & Chambers St,379,University Pl and E 14 St,5183.03,40.7175,-74.0132,40.7349,-73.9922,member
R90402736,electric_bike,2026-08-23 11:59:03,2026-08-23 12:03:58,West St & Chambers St,379,Vesey Pl & River Terrace,6741.09,40.7175,-74.0132,40.7153,-74.0163,member
R90402732,classic_bike,2026-08-23 11:59:15,,Broadway & W 41 St,6732.19,,,40.7553,-73.9868,,,member
R90402725,classic_bike,2026-08-23 11:59:16,2026-08-23 12:19:34,Carmine  St & 6 Ave,6650.03,Broadway & Battery Pl,6881.14,40.7303,-74.0022,40.7045,-74.0136,casual
R90402753,electric_bike,2026-08-23 12:00:24,2026-08-23 12:06:48,Lafayette St & E 8 St,5906.08,W 21 St & 6 Ave,6173.11,40.7302,-73.9911,40.7417,-73.9942,member
R90402751,docked_bike,2026-08-23 12:04:18,2026-08-23 12:27:37,Lafayette St & E 8 St,5906.08,E 47 St & Park Ave,6462.07,40.7302,-73.9911,40.7550,-73.9750,casual
R90402758,docked_bike,2026-08-23 12:09:37,2026-08-23 12:21:17,Vesey Pl & River Terrace,6741.09,Cleveland Pl & Spring St,6679.12,40.7153,-74.0163,40.7220,-73.9973,member
R90402755,classic_bike,2026-08-23 12:14:41,2026-08-23 12:31:39,w 45 st & 6 ave,6785.05,E 72 St & York Ave,6000.10,40.7566,-73.9826,40.7660,-73.9535,member
R90402749,classic_bike,2026-08-23 12:15:01,2026-08-23 12:26:02,Vesey Pl & River Terrace,582,Cleveland Pl & Spring St,6679.12,40.7153,-74.0163,40.7220,-73.9973,casual
R90402747,classic_bike,2026-08-23 12:19:31,2026-08-23 12:32:15,Broadway & Battery Pl,6881.14,West St & Chambers St,6917.09,40.7045,-74.0136,40.7175,-74.0132,member
R90402754,electric_bike,2026-08-23 12:19:46,2026-08-23 12:38:26,W 45 St & 6 Ave,6785.05,E 72 St & York Ave,6000.10,40.7566,-73.9826,40.7660,-73.9535,member
R90402760,classic_bike,2026-08-23 12:25:04,2026-08-23 12:33:44,W 33 St & 7 Ave,6594.06,W 21 St & 6 Ave,6173.11,40.7502,-73.9908,40.7417,-73.9942,member
R90402752,electric_bike,2026-08-23 12:27:45,2026-08-23 12:30:27,Lexington Ave & E 63 St,5734.15,1 Ave & E 68 St,6056.19,40.7642,-73.9660,40.7651,-73.9582,member
R90402759,classic_bike,2026-08-23 12:37:28,2026-08-23 12:43:46,W 21 St & 6 Ave,6173.11,W 33 St & 7 Ave,6594.06,40.7417,-73.9942,40.7502,-73.9908,member
R90402757,electric_bike,2026-08-23 12:38:09,2026-08-23 12:54:13,Christopher St & Greenwich St,6202.07,E 7 St & Avenue A,5428.06,40.7329,-74.0071,40.7263,-73.9838,member
R90402761,classic_bike,2026-08-23 12:38:33,2026-08-23 12:46:40,E 7 St & Avenue A,5428.06,broadway & e 14 st,514,40.7263,-73.9838,40.7345,-73.9906,member
R90402750,electric_bike,2026-08-23 12:39:52,2026-08-23 12:45:28,W 41 St & 8 Ave,6419.19,W 33 St & 7 Ave,6594.06,40.7562,-73.9901,40.7502,-73.9908,member
R90402748,electric_bike,2026-08-23 12:40:20,2026-08-23 12:44:59,W 33 St & 7 Ave ,6594.06,6 Ave & W 33 St,5431.02,40.7502,-73.9908,40.7490,-73.9880,casual
R90402762,classic_bike,2026-08-23 12:43:03,2026-08-23 13:00:19,Lafayette St & E 8 St,568,W 41 St & 8 Ave,6419.19,40.7302,-73.9911,40.7562,-73.9901,member
R90402756,electric_bike,2026-08-23 12:49:36,2026-08-23 12:53:11,W 17 St & 8 Ave,5891.11,9 Ave & W 22 St,6088.11,40.7418,-74.0015,40.7455,-74.0019,member
R90402746,classic_bike,2026-08-23 12:58:01,2026-08-23 13:28:16,E 75 St and 3 Ave,6186.15,W 17 St & 8 Ave,5891.11,40.7714,-73.9573,40.7418,-74.0015,member
R90402780,classic_bike,2026-08-23 13:01:48,2026-08-23 13:09:19,Broadway & W 41 St,6732.19,6 Ave & W 33 St,5431.02,40.7553,-73.9868,40.7490,-73.9880,member
R90402769,classic_bike,2026-08-23 13:03:07,2026-08-23 13:09:40,South End Ave & Liberty St,6060.05,West St & Chambers St,6917.09,40.7112,-74.0158,40.7175,-74.0132,casual
R90402765,classic_bike,2026-08-23 13:04:11,2026-08-23 13:26:40,Lexington Ave & E 63 St,5734.15,Broadway & E 14 St,6115.16,40.7642,-73.9660,40.7345,-73.9906,member
R90402766,classic_bike,2026-08-23 13:13:31,2026-08-23 13:28:16,W 26 St and 8 Ave,6253.07,Christopher St & Greenwich St,6202.07,40.7472,-73.9973,40.7329,-74.0071,member
R90402774,classic_bike,2026-08-23 13:22:34,2026-08-23 13:39:15,E 7 St & Avenue A,5428.06,W 17 St & 8 Ave ,5891.11,40.7263,-73.9838,40.7418,-74.0015,member
R90402773,electric_bike,2026-08-23 13:24:21,2026-08-23 13:30:55,8 Ave & W 31 St,6359.12,9 Ave & W 22 St,6088.11,40.7505,-73.9947,40.7455,-74.0019,casual
R90402779,electric_bike,2026-08-23 13:26:14,2026-08-23 13:31:17,W 33 St & 7 Ave,6594.06,Broadway & W 41 St,6732.19,40.7502,-73.9908,40.7553,-73.9868,member
R90402768,classic_bike,2026-08-23 13:26:37,2026-08-23 13:35:26,West St & Chambers St,6917.09,South End Ave & Liberty St,6060.05,40.7175,-74.0132,40.7112,-74.0158,member
R90402776,classic_bike,2026-08-23 13:27:25,2026-08-23 13:34:40,Broadway & W 41 St,6732.19,W  41 St & 8 Ave,6419.19,40.7553,-73.9868,40.7562,-73.9901,casual
R90402767,classic_bike,2026-08-23 13:35:18,2026-08-23 13:46:10,6 Ave & W 33 St,5431.02,University Pl & E 14 St,5183.03,40.7490,-73.9880,40.7349,-73.9922,member
R90402782,classic_bike,2026-08-23 13:36:08,2026-08-23 13:53:31,Carmine St & 6 Ave,6650.03,Broadway & W 41 St,6732.19,40.7303,-74.0022,40.7553,-73.9868,member
R90402763,classic_bike,2026-08-23 13:37:59,2026-08-23 13:40:01,w 41 st & 8 ave,6419.19,Broadway & W 41 St,6732.19,40.7562,-73.9901,40.7553,-73.9868,member
R90402770,classic_bike,2026-08-23 13:41:55,2026-08-23 13:55:39,Lafayette St & E 8 St,5906.08,W 21 St & 6 Ave,6173.11,40.7302,-73.9911,40.7417,-73.9942,member
R90402772,electric_bike,2026-08-23 13:44:15,2026-08-23 13:52:42,W 45 St & 6 Ave,366,W 33 St & 7 Ave,6594.06,40.7566,-73.9826,40.7502,-73.9908,member
R90402764,electric_bike,2026-08-23 13:45:06,2026-08-23 14:02:35,W 41 St & 8 Ave,6419.19,Lafayette St & E 8 St,5906.08,40.7562,-73.9901,40.7302,-73.9911,member
R90402771,classic_bike,2026-08-23 13:50:10,2026-08-23 13:54:52,Broadway & W 41 St,6732.19,W 41 St & 8 Ave,6419.19,40.7553,-73.9868,40.7562,-73.9901,member
R90402781,classic_bike,2026-08-23 13:50:39,2026-08-23 13:54:28,Pershing Square North,6711.03,E 43 St & Vanderbilt Ave,6741.16,40.7518,-73.9778,40.7530,-73.9774,casual
R90402777,classic_bike,2026-08-23 13:53:00,2026-08-23 14:00:13,E 7 St & Avenue A,5428.06,Cleveland Pl & Spring St,6679.12,40.7263,-73.9838,40.7220,-73.9973,member
R90402775,classic_bike,2026-08-23 13:55:28,2026-08-23 14:01:27,W 21 St & 6 Ave,6173.11,University Pl & E 14 St,382,40.7417,-73.9942,40.7349,-73.9922,member
R90402778,classic_bike,2026-08-23 13:55:35,2026-08-23 14:04:48,W 21 St & 6 Ave,6173.11,pershing square north,6711.03,40.7417,-73.9942,40.7518,-73.9778,member
R90402810,classic_bike,2026-08-23 14:03:32,2026-08-23 14:21:38,W 17 St & 8 Ave,5891.11,Pershing  Square North,6711.03,40.7418,-74.0015,40.7518,-73.9778,member
R90402797,classic_bike,2026-08-23 14:05:16,2026-08-23 14:09:57,E 43 St & Vanderbilt Ave,6741.16,W 45 St & 6 Ave,6785.05,40.7530,-73.9774,40.7566,-73.9826,member
R90402793,classic_bike,2026-08-23 14:05:24,2026-08-23 14:11:06,W 33 St & 7 Ave,6594.06,Pershing Square North,6711.03,40.7502,-73.9908,40.7518,-73.9778,member
R90402809,classic_bike,2026-08-23 14:06:47,2026-08-23 14:23:54,W 41 St & 8 Ave,6419.19,1 ave & e 68 st,6056.19,40.7562,-73.9901,40.7651,-73.9582,member
R90402783,classic_bike,2026-08-23 14:07:38,2026-08-23 14:18:30,W 17 St & 8 Ave,5891.11,8 Ave & W 31 St,6359.12,40.7418,-74.0015,40.7505,-73.9947,member
R90402786,electric_bike,2026-08-23 14:14:44,2026-08-23 14:18:50,W 26 St & 8 Ave,6253.07,W 33 St & 7 Ave,6594.06,40.7472,-73.9973,40.7502,-73.9908,member
R90402789,electric_bike,2026-08-23 14:15:49,2026-08-23 14:31:39,E 47 St & Park Ave ,6462.07,lafayette st & e 8 st,568,40.7550,-73.9750,40.7302,-73.9911,member
R90402784,classic_bike,2026-08-23 14:16:03,2026-08-23 14:22:29,Pershing Square North,6711.03,E 47 St & Park Ave,6462.07,40.7518,-73.9778,40.7550,-73.9750,member
R90402790,classic_bike,2026-08-23 14:16:49,2026-08-23 14:39:45,Cleveland Pl & Spring St,6679.12,w 33 st & 7 ave,6594.06,40.7220,-73.9973,40.7502,-73.9908,member
R90402802,classic_bike,2026-08-23 14:18:12,2026-08-23 14:22:37,Pershing Square North,6711.03,E 43 St & Vanderbilt Ave,6741.16,40.7518,-73.9778,40.7530,-73.9774,member
R90402796,classic_bike,2026-08-23 14:18:42,2026-08-23 14:24:16,W 45 St & 6 Ave,6785.05,6 Ave & W 33 St,5431.02,40.7566,-73.9826,40.7490,-73.9880,member
R90402808,electric_bike,2026-08-23 14:22:26,2026-08-23 14:30:48,Broadway & E 14 St,6115.16,e 7 st & avenue a,5428.06,40.7345,-73.9906,40.7263,-73.9838,member
R90402805,classic_bike,2026-08-23 14:22:38,2026-08-23 14:29:27,W 20 St & 11 Ave,5160.04,W 17 St & 8 Ave,5891.11,40.7465,-74.0077,40.7418,-74.0015,member
R90402806,classic_bike,2026-08-23 14:27:38,2026-08-23 14:35:58,Broadway & E 14 St,6115.16,Christopher St & Greenwich St,6202.07,40.7345,-73.9906,40.7329,-74.0071,member
R90402800,classic_bike,2026-08-23 14:29:25,2026-08-23 14:43:07,Broadway & W 41 St,6732.19,W 26 St & 8 Ave,6253.07,40.7553,-73.9868,40.7472,-73.9973,member
R90402791,electric_bike,2026-08-23 14:31:20,2026-08-23 14:34:32,E 72 St & York Ave,6000.10,E 75 St & 3 Ave,6186.15,40.7660,-73.9535,40.7714,-73.9573,member
R90402807,electric_bike,2026-08-23 14:32:31,2026-08-23 14:48:42,west st & chambers st,6917.09,E 17 St & Broadway,5307.10,40.7175,-74.0132,40.7371,-73.9902,member
R90402798,electric_bike,2026-08-23 14:33:01,2026-08-23 14:38:36,W 21 St & 6 Ave,6173.11,8 Ave & W 31 St,6359.12,40.7417,-73.9942,40.7505,-73.9947,member
R90402799,classic_bike,2026-08-23 14:38:53,2026-08-23 14:50:41,W 21 St & 6 Ave,6173.11,Lafayette St & E 8 St,5906.08,40.7417,-73.9942,40.7302,-73.9911,member
R90402794,classic_bike,2026-08-23 14:39:59,2026-08-23 14:48:37,W 33 St & 7 Ave,6594.06,W 21 St & 6 Ave,6173.11,40.7502,-73.9908,40.7417,-73.9942,member
R90402803,classic_bike,2026-08-23 14:41:19,,Vesey Pl & River Terrace,6741.09,,,40.7153,-74.0163,,,member
R90402788,classic_bike,2026-08-23 14:48:13,2026-08-23 14:52:29,E 75 St & 3 Ave,6186.15,1 Ave & E 68 St,6056.19,40.7714,-73.9573,40.7651,-73.9582,member
R90402792,classic_bike,2026-08-23 14:50:32,2026-08-23 14:59:28,Broadway & W 41 St,6732.19,6 ave & w 33 st,5431.02,40.7553,-73.9868,40.7490,-73.9880,casual
R90402795,classic_bike,2026-08-23 14:52:35,2026-08-23 14:54:47,W 41 St & 8 Ave,6419.19,W 41 St & 8 Ave,6419.19,40.7562,-73.9901,40.7562,-73.9901,casual
R90402787,classic_bike,2026-08-23 14:53:57,2026-08-23 15:09:53,w 17 st & 8 ave,5891.11,Pershing Square North,6711.03,40.7418,-74.0015,40.7518,-73.9778,casual
R90402804,classic_bike,2026-08-23 14:55:46,2026-08-23 15:02:25,W 41 St & 8 Ave,6419.19,W 45 St & 6 Ave,6785.05,40.7562,-73.9901,40.7566,-73.9826,member
R90402801,classic_bike,2026-08-23 14:57:06,2026-08-23 15:09:34,1 Ave & E 68 St,6056.19,e 47 st & park ave,6462.07,40.7651,-73.9582,40.7550,-73.9750,casual
R90402785,electric_bike,2026-08-23 14:59:06,2026-08-23 15:10:56,W 26 St & 8 Ave,6253.07,Lafayette St & E 8 St,5906.08,40.7472,-73.9973,40.7302,-73.9911,casual
R90402811,classic_bike,2026-08-23 14:59:40,2026-08-23 15:20:20,Carmine St & 6 Ave,6650.03,Broadway & Battery Pl,6881.14,40.7303,-74.0022,40.7045,-74.0136,casual
R90402819,classic_bike,2026-08-23 15:01:09,2026-08-23 15:19:02,Vesey Pl & River Terrace,6741.09,University Pl & E 14 St,5183.03,40.7153,-74.0163,40.7349,-73.9922,casual
R90402827,electric_bike,2026-08-23 15:04:01,2026-08-23 15:25:19,W 21 St & 6 Ave,6173.11,South End Ave & Liberty St,6060.05,40.7417,-73.9942,40.7112,-74.0158,casual
R90402823,classic_bike,2026-08-23 15:05:23,2026-08-23 15:20:59,Carmine St & 6 Ave,6650.03,6 Ave & W 33 St,532,40.7303,-74.0022,40.7490,-73.9880,casual
R90402812,classic_bike,2026-08-23 15:05:36,2026-08-23 15:12:54,University Pl & E 14 St,5183.03,W 17 St & 8 Ave ,289,40.7349,-73.9922,40.7418,-74.0015,member
R90402822,classic_bike,2026-08-23 15:14:03,2026-08-23 15:42:51,W 21 St & 6 Ave,6173.11,1 Ave & E 68 St,6056.19,40.7417,-73.9942,40.7651,-73.9582,member
R90402829,classic_bike,2026-08-23 15:17:59,2026-08-23 15:31:22,E 7 St and Avenue A,5428.06,Christopher St & Greenwich St,6202.07,40.7263,-73.9838,40.7329,-74.0071,member
R90402830,classic_bike,2026-08-23 15:18:35,2026-08-23 15:27:20,1 Ave & E 68 St,371,Lexington Ave & E 63 St,5734.15,40.7651,-73.9582,40.7642,-73.9660,member
R90402826,docked_bike,2026-08-23 15:22:50,2026-08-23 15:31:09,W 21 St & 6 Ave,6173.11,University Pl & E 14 St,5183.03,40.7417,-73.9942,40.7349,-73.9922,member
R90402814,classic_bike,2026-08-23 15:28:32,2026-08-23 15:35:41,South End Ave & Liberty St,6060.05,West St & Chambers St,6917.09,40.7112,-74.0158,40.7175,-74.0132,member
R90402813,electric_bike,2026-08-23 15:30:28,2026-08-23 15:38:48,E 43 St & Vanderbilt Ave,6741.16,Lexington Ave & E 63 St,5734.15,40.7530,-73.9774,40.7642,-73.9660,member
R90402820,electric_bike,2026-08-23 15:32:43,2026-08-23 15:54:03,South End Ave & Liberty St,6060.05,9 Ave & W 22 St,6088.11,40.7112,-74.0158,40.7455,-74.0019,member
R90402828,classic_bike,2026-08-23 15:47:48,2026-08-23 16:08:25,W 41 St & 8 Ave,6419.19,Lafayette St & E 8 St,5906.08,40.7562,-73.9901,40.7302,-73.9911,member
R90402825,classic_bike,2026-08-23 15:48:56,2026-08-23 16:02:08,W 33 St & 7 Ave,6594.06,University Pl & E 14 St,382,40.7502,-73.9908,40.7349,-73.9922,member
R90402818,classic_bike,2026-08-23 15:50:01,2026-08-23 16:05:53,Lexington Ave & E 63 St,595,W 41 St & 8 Ave,6419.19,40.7642,-73.9660,40.7562,-73.9901,member
R90402815,classic_bike,2026-08-23 15:50:38,2026-08-26 08:50:38,Broadway & W 41 St,6732.19,W 45 St & 6 Ave,6785.05,40.7553,-73.9868,40.7566,-73.9826,member
R90402816,classic_bike,2026-08-23 15:51:51,2026-08-23 15:55:39,Pershing Square North,6711.03,E 47 St & Park Ave,6462.07,40.7518,-73.9778,40.7550,-73.9750,casual
R90402831,electric_bike,2026-08-23 15:54:45,2026-08-23 16:14:40,Carmine St & 6 Ave,6650.03,E 47 St & Park Ave,6462.07,40.7303,-74.0022,40.7550,-73.9750,member
R90402817,classic_bike,2026-08-23 15:56:06,2026-08-23 16:06:13,Carmine St & 6 Ave,6650.03,University Pl & E 14 St,5183.03,40.7303,-74.0022,40.7349,-73.9922,member
R90402824,electric_bike,2026-08-23 15:56:10,2026-08-23 16:01:30,Lafayette St & E 8 St,5906.08,E 7 St & Avenue A,5428.06,40.7302,-73.9911,40.7263,-73.9838,member
R90402821,electric_bike,2026-08-23 15:59:29,2026-08-23 16:05:48,Broadway & E 14 St,6115.16,christopher st & greenwich st,6202.07,40.7345,-73.9906,40.7329,-74.0071,casual
R90402834,electric_bike,2026-08-23 16:01:09,2026-08-23 16:08:59,W 26 St & 8 Ave,6253.07,Broadway & W 41 St,241,40.7472,-73.9973,40.7553,-73.9868,member
R90402837,classic_bike,2026-08-23 16:01:09,2026-08-23 16:11:50,8 Ave & W 31 St,6359.12,W 20 St & 11 Ave,5160.04,40.7505,-73.9947,40.7465,-74.0077,casual
R90402847,electric_bike,2026-08-23 16:01:17,2026-08-23 16:10:53,E 43 St & Vanderbilt Ave,6741.16,Lexington Ave & E 63 St ,5734.15,40.7530,-73.9774,40.7642,-73.9660,member
R90402842,electric_bike,2026-08-23 16:04:08,2026-08-23 16:14:58,8 Ave & W 31 St,6359.12,E 17 St & Broadway,5307.10,40.7505,-73.9947,40.7371,-73.9902,member
R90402843,electric_bike,2026-08-23 16:06:33,2026-08-23 16:16:04,Pershing Square North,6711.03,W 21 St & 6 Ave,6173.11,40.7518,-73.9778,40.7417,-73.9942,member
R90402833,classic_bike,2026-08-23 16:08:20,2026-08-23 16:15:31,Pershing Square North,6711.03,E 47 St & Park Ave,6462.07,40.7518,-73.9778,40.7550,-73.9750,member
R90402838,classic_bike,2026-08-23 16:12:47,2026-08-23 16:25:46,Broadway & E 14 St ,6115.16,Christopher St & Greenwich St,6202.07,40.7345,-73.9906,40.7329,-74.0071,casual
R90402840,electric_bike,2026-08-23 16:13:26,2026-08-23 16:27:35,e 43 st & vanderbilt ave,6741.16,Broadway & E 14 St,6115.16,40.7530,-73.9774,40.7345,-73.9906,casual
R90402845,classic_bike,2026-08-23 16:14:11,2026-08-23 16:33:47,Cleveland Pl & Spring St,6679.12,w 33 st & 7 ave,6594.06,40.7220,-73.9973,40.7502,-73.9908,member
R90402836,classic_bike,2026-08-23 16:21:07,2026-08-23 16:34:34,W 20 St & 11 Ave,5160.04,Broadway & W 41 St,6732.19,40.7465,-74.0077,40.7553,-73.9868,member
R90402835,classic_bike,2026-08-23 16:23:27,2026-08-23 16:40:47,9 Ave & W 22 St,6088.11,Cleveland Pl & Spring St,6679.12,40.7455,-74.0019,40.7220,-73.9973,member
R90402832,classic_bike,2026-08-23 16:32:53,2026-08-23 16:56:31,Broadway & W 41 St,6732.19,E 7 St and Avenue A,5428.06,40.7553,-73.9868,40.7263,-73.9838,casual
R90402841,classic_bike,2026-08-23 16:33:40,2026-08-23 17:02:07,E 72 St & York Ave,6000.10,W 26 St & 8 Ave,439,40.7660,-73.9535,40.7472,-73.9973,member
R90402848,classic_bike,2026-08-23 16:40:27,2026-08-23 16:45:42,E 75 St & 3 Ave,6186.15,1 Ave & E 68 St,6056.19,40.7714,-73.9573,40.7651,-73.9582,member
R90402839,electric_bike,2026-08-23 16:42:45,2026-08-23 16:47:30,Lafayette St & E 8 St,5906.08,broadway & e 14 st,6115.16,40.7302,-73.9911,40.7345,-73.9906,casual
R90402846,electric_bike,2026-08-23 16:44:28,2026-08-23 17:07:58,West St & Chambers St,379,Broadway & W 41 St,6732.19,40.7175,-74.0132,40.7553,-73.9868,member
R90402844,classic_bike,2026-08-23 16:56:46,2026-08-23 17:04:00,8 ave & w 31 st,6359.12,W 20 St & 11 Ave,5160.04,40.7505,-73.9947,40.7465,-74.0077,member
R90402854,classic_bike,2026-08-23 17:02:21,2026-08-23 17:05:07,E 72 St & York Ave,6000.10,1 Ave & E 68 St,6056.19,40.7660,-73.9535,40.7651,-73.9582,member
R90402870,electric_bike,2026-08-23 17:02:57,2026-08-23 17:09:41,Broadway & W 41 St,6732.19,8 ave & w 31 st,6359.12,40.7553,-73.9868,40.7505,-73.9947,member
R90402864,classic_bike,2026-08-23 17:04:31,2026-08-23 17:15:07,Broadway & W 41 St,6732.19,W 26 St & 8 Ave,6253.07,40.7553,-73.9868,40.7472,-73.9973,member
R90402853,classic_bike,2026-08-23 17:14:03,2026-08-23 17:22:10,Carmine St & 6 Ave,6650.03,Christopher St & Greenwich St,6202.07,40.7303,-74.0022,40.7329,-74.0071,member
R90402857,classic_bike,2026-08-23 17:18:02,2026-08-23 17:25:28,W 45 St & 6 Ave,6785.05,Pershing Square North,6711.03,40.7566,-73.9826,40.7518,-73.9778,member
R90402866,classic_bike,2026-08-23 17:20:38,2026-08-23 17:26:48,w 21 st & 6 ave,6173.11,8 Ave & W 31 St,6359.12,40.7417,-73.9942,40.7505,-73.9947,member
R90402855,classic_bike,2026-08-23 17:21:56,2026-08-23 17:31:10,8 Ave & W 31 St,475,9 Ave & W 22 St,6088.11,40.7505,-73.9947,40.7455,-74.0019,member
R90402856,classic_bike,2026-08-23 17:27:48,2026-08-23 17:33:37,W 45 St & 6 Ave,366,Broadway & W 41 St,6732.19,40.7566,-73.9826,40.7553,-73.9868,casual
R90402865,electric_bike,2026-08-23 17:30:16,2026-08-23 17:41:59,W 17 St & 8 Ave,5891.11,Pershing Square North,6711.03,40.7418,-74.0015,40.7518,-73.9778,casual
R90402869,electric_bike,2026-08-23 17:30:48,2026-08-23 17:45:05,Cleveland Pl & Spring St,6679.12,9 Ave and W 22 St,6088.11,40.7220,-73.9973,40.7455,-74.0019,member
R90402859,classic_bike,2026-08-23 17:33:17,2026-08-23 17:37:26,Lafayette St & E 8 St,5906.08,University Pl & E 14 St,5183.03,40.7302,-73.9911,40.7349,-73.9922,member
R90402852,classic_bike,2026-08-23 17:35:37,2026-08-23 17:42:08,W 21 St & 6 Ave,6173.11,8 Ave & W 31 St,6359.12,40.7417,-73.9942,40.7505,-73.9947,member
R90402871,electric_bike,2026-08-23 17:38:36,2026-08-23 17:38:50,8 Ave & W 31 St,6359.12,8 Ave & W 31 St,6359.12,40.7505,-73.9947,40.7505,-73.9947,member
R90402850,electric_bike,2026-08-23 17:38:38,2026-08-23 17:44:23,W 45 St & 6 Ave ,6785.05,Pershing Square North,6711.03,40.7566,-73.9826,40.7518,-73.9778,member
R90402858,classic_bike,2026-08-23 17:38:46,2026-08-23 17:44:32,Lexington Ave & E 63 St,5734.15,1 Ave & E 68 St,6056.19,40.7642,-73.9660,40.7651,-73.9582,member
R90402849,classic_bike,2026-08-23 17:39:47,2026-08-23 17:48:28,W 21 St & 6 Ave,6173.11,8 Ave & W 31 St,6359.12,40.7417,-73.9942,40.7505,-73.9947,member
R90402860,electric_bike,2026-08-23 17:40:09,2026-08-23 17:45:02,Broadway & W 41 St,6732.19,W 33 St and 7 Ave,6594.06,40.7553,-73.9868,40.7502,-73.9908,member
R90402868,classic_bike,2026-08-23 17:45:03,2026-08-23 17:50:57,W 33 St & 7 Ave,6594.06,W 45 St & 6 Ave,6785.05,40.7502,-73.9908,40.7566,-73.9826,member
R90402863,classic_bike,2026-08-23 17:47:47,2026-08-23 17:52:12,W 17 St & 8 Ave,5891.11,9 Ave & W 22 St,6088.11,40.7418,-74.0015,40.7455,-74.0019,casual
R90402862,classic_bike,2026-08-23 17:49:14,2026-08-23 17:58:16,W 21 St & 6 Ave,6173.11,W 33 St & 7 Ave,6594.06,40.7417,-73.9942,40.7502,-73.9908,member
R90402851,classic_bike,2026-08-23 17:50:28,2026-08-23 18:00:51,Christopher St & Greenwich St,6202.07,Broadway & E 14 St,6115.16,40.7329,-74.0071,40.7345,-73.9906,member
R90402867,electric_bike,2026-08-23 17:52:21,2026-08-23 18:00:22,Lexington Ave & E 63 St,5734.15,E 72 St & York Ave,6000.10,40.7642,-73.9660,40.7660,-73.9535,member
R90402861,classic_bike,2026-08-23 17:55:56,2026-08-23 18:00:56,Lafayette St & E 8 St,5906.08,Broadway & E 14 St,514,40.7302,-73.9911,40.7345,-73.9906,member
R90402875,classic_bike,2026-08-23 18:04:16,2026-08-23 18:12:59,E 7 St & Avenue A,5428.06,University Pl & E 14 St,5183.03,40.7263,-73.9838,40.7349,-73.9922,member
R90402879,classic_bike,2026-08-23 18:05:41,2026-08-23 18:12:35,E 75 St & 3 Ave,526,1 Ave & E 68 St,6056.19,40.7714,-73.9573,40.7651,-73.9582,member
R90402880,classic_bike,2026-08-23 18:05:57,2026-08-23 18:12:57,1 Ave & E 68 St,6056.19,Lexington Ave & E 63 St ,5734.15,40.7651,-73.9582,40.7642,-73.9660,casual
R90402885,classic_bike,2026-08-23 18:12:03,2026-08-23 18:21:15,w 21 st & 6 ave,6173.11,W 33 St & 7 Ave,6594.06,40.7417,-73.9942,40.7502,-73.9908,casual
R90402889,classic_bike,2026-08-23 18:19:48,2026-08-23 18:22:17,E 47 St & Park Ave,6462.07,Pershing Square North,6711.03,40.7550,-73.9750,40.7518,-73.9778,member
R90402887,classic_bike,2026-08-23 18:23:43,2026-08-23 18:31:25,W 21 St & 6 Ave,6173.11,W 26 St and 8 Ave,6253.07,40.7417,-73.9942,40.7472,-73.9973,member
R90402874,electric_bike,2026-08-23 18:29:24,2026-08-23 18:38:22,Broadway & Battery Pl,6881.14,West St & Chambers St,6917.09,40.7045,-74.0136,40.7175,-74.0132,member
R90402888,classic_bike,2026-08-23 18:31:00,2026-08-23 18:48:57,E 7 St & Avenue A,5428.06,West St & Chambers St,6917.09,40.7263,-73.9838,40.7175,-74.0132,member
R90402878,classic_bike,2026-08-23 18:39:27,2026-08-23 18:46:28,University Pl & E 14 St,5183.03,Lafayette St & E 8 St,5906.08,40.7349,-73.9922,40.7302,-73.9911,member
R90402876,classic_bike,2026-08-23 18:39:43,2026-08-23 18:53:23,W 41 St & 8 Ave,6419.19,W 20 St & 11 Ave,5160.04,40.7562,-73.9901,40.7465,-74.0077,member
R90402873,classic_bike,2026-08-23 18:39:56,2026-08-23 19:03:45,6 Ave & W 33 St,5431.02,E 75 St & 3 Ave,6186.15,40.7490,-73.9880,40.7714,-73.9573,member
R90402886,classic_bike,2026-08-23 18:40:10,2026-08-23 18:46:06,Vesey  Pl & River Terrace,6741.09,West St & Chambers St,6917.09,40.7153,-74.0163,40.7175,-74.0132,casual
R90402882,classic_bike,2026-08-23 18:40:23,2026-08-23 18:47:06,8 Ave & W 31 St,6359.12,9 Ave & W 22 St,6088.11,40.7505,-73.9947,40.7455,-74.0019,casual
R90402877,electric_bike,2026-08-23 18:41:35,2026-08-23 18:44:19,E 43 St & Vanderbilt Ave ,6741.16,Pershing Square North,6711.03,40.7530,-73.9774,40.7518,-73.9778,member
R90402883,electric_bike,2026-08-23 18:47:19,2026-08-23 19:10:30,E 7 St & Avenue A,5428.06,Lexington Ave & E 63 St,5734.15,40.7263,-73.9838,40.7642,-73.9660,member
R90402881,electric_bike,2026-08-23 18:53:20,2026-08-23 19:00:21,Pershing Square North,6711.03,W 45 St & 6 Ave,6785.05,40.7518,-73.9778,40.7566,-73.9826,casual
R90402884,classic_bike,2026-08-23 18:54:38,2026-08-23 19:13:42,W 21 St & 6 Ave,6173.11,West St & Chambers St,6917.09,40.7417,-73.9942,40.7175,-74.0132,member
R90402872,electric_bike,2026-08-23 18:59:41,2026-08-23 19:09:51,West St & Chambers St,6917.09,Broadway & Battery Pl,519,40.7175,-74.0132,40.7045,-74.0136,member
R90402896,classic_bike,2026-08-23 19:07:19,2026-08-23 19:17:25,Cleveland Pl & Spring St ,6679.12,West St & Chambers St,6917.09,40.7220,-73.9973,40.7175,-74.0132,member
R90402901,electric_bike,2026-08-23 19:09:12,2026-08-23 19:18:06,W 33 St & 7 Ave,6594.06,Pershing Square North,6711.03,40.7502,-73.9908,40.7518,-73.9778,casual
R90402900,electric_bike,2026-08-23 19:15:49,2026-08-23 19:28:22,pershing square north,6711.03,University Pl & E 14 St,5183.03,40.7518,-73.9778,40.7349,-73.9922,member
R90402890,classic_bike,2026-08-23 19:21:41,2026-08-23 19:37:43,West St & Chambers St,6917.09,E 7 St & Avenue A,5428.06,40.7175,-74.0132,40.7263,-73.9838,member
R90402891,classic_bike,2026-08-23 19:23:09,2026-08-23 19:27:01,9 Ave & W 22 St ,6088.11,W 17 St & 8 Ave,5891.11,40.7455,-74.0019,40.7418,-74.0015,casual
R90402903,classic_bike,2026-08-23 19:25:57,2026-08-23 19:30:08,University Pl & E 14 St,5183.03,Broadway & E 14 St ,6115.16,40.7349,-73.9922,40.7345,-73.9906,casual
R90402902,classic_bike,2026-08-23 19:26:38,2026-08-23 19:36:13,8 ave & w 31 st,6359.12,W 17 St & 8 Ave,5891.11,40.7505,-73.9947,40.7418,-74.0015,member
R90402893,classic_bike,2026-08-23 19:28:51,2026-08-23 19:37:08,W 33 St & 7 Ave ,455,W 45 St & 6 Ave,6785.05,40.7502,-73.9908,40.7566,-73.9826,member
R90402898,classic_bike,2026-08-23 19:30:37,2026-08-23 19:41:14,Broadway & E 14 St,6115.16,Christopher St & Greenwich St,6202.07,40.7345,-73.9906,40.7329,-74.0071,member
R90402894,classic_bike,2026-08-23 19:33:03,2026-08-23 19:36:56,West St & Chambers St,6917.09,Vesey Pl & River Terrace,6741.09,40.7175,-74.0132,40.7153,-74.0163,member
R90402899,classic_bike,2026-08-23 19:34:43,2026-08-23 19:40:33,W 41 St & 8 Ave,6419.19,W 33 St & 7 Ave,6594.06,40.7562,-73.9901,40.7502,-73.9908,casual
R90402895,electric_bike,2026-08-23 19:37:07,2026-08-23 19:45:06,W 26 St & 8 Ave,6253.07,W 21 St & 6 Ave,6173.11,40.7472,-73.9973,40.7417,-73.9942,casual
R90402892,classic_bike,2026-08-23 19:42:18,2026-08-23 19:50:40,E 72 St & York Ave,6000.10,e 75 st & 3 ave,6186.15,40.7660,-73.9535,40.7714,-73.9573,member
R90402897,classic_bike,2026-08-23 19:50:08,2026-08-23 20:11:08,Lafayette St & E 8 St,5906.08,W 41 St & 8 Ave,6419.19,40.7302,-73.9911,40.7562,-73.9901,casual
R90402904,electric_bike,2026-08-23 20:05:28,2026-08-23 20:08:35,Christopher St & Greenwich St,499,Carmine St & 6 Ave,284,40.7329,-74.0071,40.7303,-74.0022,member
R90402906,classic_bike,2026-08-23 20:13:00,2026-08-23 20:19:21,Broadway & W 41 St,6732.19,W 41 St & 8 Ave,6419.19,40.7553,-73.9868,40.7562,-73.9901,member
R90402909,classic_bike,2026-08-23 20:31:53,2026-08-23 20:41:49,8 Ave & W 31 St,6359.12,W 21 St & 6 Ave,6173.11,40.7505,-73.9947,40.7417,-73.9942,member
R90402908,classic_bike,2026-08-23 20:33:47,2026-08-23 20:55:19,E 47 St & Park Ave,6462.07,E 7 St & Avenue A,5428.06,40.7550,-73.9750,40.7263,-73.9838,member
R90402907,electric_bike,2026-08-23 20:39:13,2026-08-23 20:51:16,6 Ave & W 33 St,5431.02,Broadway & E 14 St,6115.16,40.7490,-73.9880,40.7345,-73.9906,casual
R90402905,classic_bike,2026-08-23 20:59:14,2026-08-23 21:13:30,Broadway & W 41 St,6732.19,W 21 St & 6 Ave,6173.11,40.7553,-73.9868,40.7417,-73.9942,casual
R90402914,classic_bike,2026-08-23 21:03:59,2026-08-23 21:21:42,E 17 St & Broadway ,5307.10,West St & Chambers St,6917.09,40.7371,-73.9902,40.7175,-74.0132,casual
R90402913,classic_bike,2026-08-23 21:07:23,2026-08-23 21:34:26,E 72 St & York Ave ,348,W 26 St & 8 Ave,6253.07,40.7660,-73.9535,40.7472,-73.9973,member
R90402912,electric_bike,2026-08-23 21:22:38,2026-08-23 21:30:21,South End Ave & Liberty St,6060.05,Broadway & Battery Pl,6881.14,40.7112,-74.0158,40.7045,-74.0136,member
R90402915,electric_bike,2026-08-23 21:29:37,2026-08-23 21:40:56,Broadway & E 14 St,6115.16,E 7 St & Avenue A,5428.06,40.7345,-73.9906,40.7263,-73.9838,member
R90402915,electric_bike,2026-08-23 21:29:37,2026-08-23 21:40:56,Broadway & E 14 St,6115.16,E 7 St & Avenue A,5428.06,40.7345,-73.9906,40.7263,-73.9838,member
R90402910,classic_bike,2026-08-23 21:30:53,2026-08-23 21:39:20,W 20 St & 11 Ave,5160.04,8 Ave & W 31 St,475,40.7465,-74.0077,40.7505,-73.9947,casual
R90402911,classic_bike,2026-08-23 21:37:07,2026-08-23 21:44:34,6 Ave & W 33 St,5431.02,W 45 St & 6 Ave,6785.05,40.7490,-73.9880,40.7566,-73.9826,member
R90402916,classic_bike,2026-08-23 22:02:47,2026-08-23 22:29:57,Pershing Square North,6711.03,University Pl & E 14 St,5183.03,40.7518,-73.9778,40.7349,-73.9922,casual
R90402917,classic_bike,2026-08-23 22:25:32,2026-08-23 22:29:48,university pl & e 14 st,5183.03,Lafayette St & E 8 St,5906.08,40.7349,-73.9922,40.7302,-73.9911,member
R90402920,classic_bike,2026-08-23 23:42:19,2026-08-23 23:48:11,w 21 st & 6 ave,406,9 Ave & W 22 St,6088.11,40.7417,-73.9942,40.7455,-74.0019,casual
R90402919,classic_bike,2026-08-23 23:44:32,2026-08-23 23:54:25,8 Ave & W 31 St,6359.12,W 21 St & 6 Ave,6173.11,40.7505,-73.9947,40.7417,-73.9942,member
R90402918,classic_bike,2026-08-23 23:47:21,2026-08-23 23:55:05,Lafayette St & E 8 St,5906.08,W 21 St & 6 Ave,406,40.7302,-73.9911,40.7417,-73.9942,member
