station_name,snapshot_time,bikes_available,docks_available,capacity
W 41 St & 8 Ave,2026-08-17T00:59:00,28,27,55
Pershing Square North,2026-08-17T00:59:00,31,29,
E 47 St & Park Ave,2026-08-17T00:59:00,19,21,40
Broadway & W 41 St,2026-08-17T00:59:00,21,24,45
W 33 St & 7 Ave,2026-08-17T00:59:00,26,24,50
6 Ave & W 33 St,2026-08-17T00:59:00,19,16,35
e 43 st & vanderbilt ave,2026-08-17T00:59:00,21,19,40
W 45 St & 6 Ave,2026-08-17T00:59:00,18,17,35
w 21 st & 6 ave,2026-08-17T00:59:00,23,22,45
8 Ave & W 31 St,2026-08-17T00:59:00,25,25,50
W 20 St & 11 Ave,2026-08-17T00:59:00,15,15,30
W 26 St & 8 Ave,2026-08-17T00:59:00,18,17,35
W 17 St & 8 Ave,2026-08-17T00:59:00,19,21,40
9 ave & w 22 st,2026-08-17T00:59:00,14,16,30
Broadway & E 14 St,2026-08-17T00:59:00,24,26,50
Lafayette St & E 8 St,2026-08-17T00:59:00,22,23,45
E 17 St & Broadway,2026-08-17T00:59:00,20,20,40
University Pl & E 14 St,2026-08-17T00:59:00,18,17,35
Carmine St & 6 Ave,2026-08-17T00:59:00,15,15,30
Christopher St & Greenwich St,2026-08-17T00:59:00,14,16,30
E 7 St & Avenue A,2026-08-17T00:59:00,19,16,35
West  St & Chambers St,2026-08-17T00:59:00,23,22,45
South End Ave & Liberty St,2026-08-17T00:59:00,18,17,35
Vesey Pl & River Terrace,2026-08-17T00:59:00,21,19,40
Cleveland Pl & Spring St,2026-08-17T00:59:00,17,18,35
Broadway & Battery Pl,2026-08-17T00:59:00,21,19,40
1 Ave & E 68 St,2026-08-17T00:59:00,21,19,40
E 72 St & York Ave,2026-08-17T00:59:00,18,17,35
Lexington Ave & E 63 St,2026-08-17T00:59:00,18,17,35
E 75 St & 3 Ave,2026-08-17T00:59:00,16,14,
W 41 St & 8 Ave,2026-08-17T01:59:00,28,27,55
Pershing Square North,2026-08-17T01:59:00,31,29,60
E 47 St & Park Ave,2026-08-17T01:59:00,20,20,40
Broadway & W 41 St,2026-08-17T01:59:00,21,24,45
W 33 St & 7 Ave,2026-08-17T01:59:00,25,25,50
6 Ave & W 33 St,2026-08-17T01:59:00,18,17,35
E 43 St & Vanderbilt Ave,2026-08-17T01:59:00,20,20,40
W 45 St & 6 Ave,2026-08-17T01:59:00,18,17,35
W 21 St & 6 Ave,2026-08-17T01:59:00,24,21,45
8 Ave & W 31 St,2026-08-17T01:59:00,24,26,50
W 20 St & 11 Ave,2026-08-17T01:59:00,15,15,
W 26 St & 8 Ave,2026-08-17T01:59:00,18,17,35
W 17 St & 8 Ave,2026-08-17T01:59:00,19,21,40
9 Ave & W 22 St,2026-08-17T01:59:00,15,15,30
Broadway & E 14 St,2026-08-17T01:59:00,25,25,50
Lafayette  St & E 8 St,2026-08-17T01:59:00,23,22,45
E 17 St & Broadway,2026-08-17T01:59:00,20,20,40
University Pl & E 14 St,2026-08-17T01:59:00,18,17,35
Carmine St & 6 Ave,2026-08-17T01:59:00,15,15,30
Christopher St & Greenwich St,2026-08-17T01:59:00,14,16,30
E 7 St & Avenue A,2026-08-17T01:59:00,19,16,35
West St & Chambers St,2026-08-17T01:59:00,23,22,45
South End Ave & Liberty St,2026-08-17T01:59:00,18,17,35
Vesey Pl and River Terrace,2026-08-17T01:59:00,22,18,40
Cleveland Pl & Spring St,2026-08-17T01:59:00,17,18,35
broadway & battery pl,2026-08-17T01:59:00,21,19,
1 Ave & E 68 St,2026-08-17T01:59:00,20,20,
E 72 St & York Ave,2026-08-17T01:59:00,19,16,35
Lexington Ave & E 63 St,2026-08-17T01:59:00,18,17,35
E 75 St & 3 Ave,2026-08-17T01:59:00,16,14,30
W 41 St & 8 Ave,2026-08-17T02:59:00,28,27,55
Pershing Square North,2026-08-17T02:59:00,31,29,60
E 47 St & Park Ave,2026-08-17T02:59:00,20,20,40
Broadway & W 41 St,2026-08-17T02:59:00,21,24,45
W 33 St & 7 Ave,2026-08-17T02:59:00,25,25,50
6 Ave & W 33 St,2026-08-17T02:59:00,17,18,35
E 43 St & Vanderbilt Ave,2026-08-17T02:59:00,19,21,40
W 45 St & 6 Ave,2026-08-17T02:59:00,18,17,35
W 21 St & 6 Ave,2026-08-17T02:59:00,25,20,45
8 Ave & W 31 St,2026-08-17T02:59:00,24,26,50
W 20 St & 11 Ave,2026-08-17T02:59:00,16,14,30
W 26 St & 8 Ave,2026-08-17T02:59:00,17,18,35
W 17 St & 8 Ave,2026-08-17T02:59:00,19,21,40
9 Ave & W 22 St,2026-08-17T02:59:00,15,15,30
Broadway & E 14 St,2026-08-17T02:59:00,25,25,50
Lafayette St & E 8 St,2026-08-17T02:59:00,24,21,45
e 17 st & broadway,2026-08-17T02:59:00,20,20,40
University Pl & E 14 St,2026-08-17T02:59:00,16,19,35
Carmine St & 6 Ave,2026-08-17T02:59:00,15,15,30
Christopher St & Greenwich St,2026-08-17T02:59:00,13,17,30
E 7 St & Avenue A,2026-08-17T02:59:00,21,14,35
West St & Chambers St,2026-08-17T02:59:00,23,22,45
South End Ave & Liberty St,2026-08-17T02:59:00,18,17,35
Vesey Pl & River Terrace,2026-08-17T02:59:00,22,18,40
Cleveland Pl & Spring St,2026-08-17T02:59:00,17,18,35
Broadway & Battery Pl,2026-08-17T02:59:00,21,19,40
1 Ave & E 68 St,2026-08-17T02:59:00,19,21,40
E 72 St & York Ave,2026-08-17T02:59:00,19,16,35
Lexington Ave & E 63 St,2026-08-17T02:59:00,18,17,35
E 75 St & 3 Ave,2026-08-17T02:59:00,16,14,30
W 41 St & 8 Ave,2026-08-17T03:59:00,27,28,55
Pershing Square North,2026-08-17T03:59:00,35,25,60
E 47 St & Park Ave,2026-08-17T03:59:00,21,19,40
Broadway & W 41 St,2026-08-17T03:59:00,18,27,45
W 33 St & 7 Ave,2026-08-17T03:59:00,24,26,50
6 Ave & W 33 St,2026-08-17T03:59:00,21,14,35
E 43 St & Vanderbilt Ave,2026-08-17T03:59:00,16,24,40
W 45 St & 6 Ave,2026-08-17T03:59:00,14,21,35
W 21 St and 6 Ave,2026-08-17T03:59:00,21,24,
8 Ave & W 31 St ,2026-08-17T03:59:00,23,27,50
W 20 St & 11 Ave,2026-08-17T03:59:00,16,14,
W 26 St & 8 Ave,2026-08-17T03:59:00,15,20,35
W 17 St & 8 Ave,2026-08-17T03:59:00,21,19,40
9 Ave & W 22 St,2026-08-17T03:59:00,13,17,30
broadway & e 14 st,2026-08-17T03:59:00,29,21,50
Lafayette St & E 8 St,2026-08-17T03:59:00,26,19,45
E 17 St & Broadway,2026-08-17T03:59:00,22,18,40
university pl & e 14 st,2026-08-17T03:59:00,18,17,35
carmine st & 6 ave,2026-08-17T03:59:00,16,14,30
Christopher St & Greenwich St,2026-08-17T03:59:00,16,14,30
E 7 St & Avenue A,2026-08-17T03:59:00,16,19,35
West St & Chambers St,2026-08-17T03:59:00,20,25,45
South End Ave & Liberty St,2026-08-17T03:59:00,16,19,35
vesey pl & river terrace,2026-08-17T03:59:00,22,18,40
Cleveland Pl & Spring St,2026-08-17T03:59:00,18,17,35
Broadway & Battery Pl,2026-08-17T03:59:00,20,20,40
1 Ave & E 68 St,2026-08-17T03:59:00,23,17,40
E 72 St & York Ave,2026-08-17T03:59:00,19,16,35
Lexington Ave & E 63 St,2026-08-17T03:59:00,15,20,35
E 75 St & 3 Ave,2026-08-17T03:59:00,17,13,30
W 41 St & 8 Ave,2026-08-17T04:59:00,27,28,55
Pershing Square North,2026-08-17T04:59:00,36,24,60
E 47 St & Park Ave ,2026-08-17T04:59:00,22,18,40
Broadway & W 41 St,2026-08-17T04:59:00,18,27,45
W 33 St and 7 Ave,2026-08-17T04:59:00,24,26,
6 Ave & W 33 St,2026-08-17T04:59:00,22,13,
E 43 St & Vanderbilt Ave,2026-08-17T04:59:00,15,25,40
W 45 St & 6 Ave,2026-08-17T04:59:00,14,21,35
W 21 St & 6 Ave ,2026-08-17T04:59:00,20,25,45
8 ave & w 31 st,2026-08-17T04:59:00,24,26,50
W 20 St & 11 Ave ,2026-08-17T04:59:00,16,14,30
w 26 st & 8 ave,2026-08-17T04:59:00,15,20,35
W 17 St & 8 Ave ,2026-08-17T04:59:00,21,19,40
9 Ave & W 22 St,2026-08-17T04:59:00,14,16,30
Broadway & E 14 St,2026-08-17T04:59:00,28,22,50
Lafayette St & E 8 St,2026-08-17T04:59:00,26,19,45
E 17 St & Broadway,2026-08-17T04:59:00,22,18,40
University Pl & E 14 St,2026-08-17T04:59:00,18,17,35
Carmine St & 6 Ave ,2026-08-17T04:59:00,16,14,
Christopher St & Greenwich St,2026-08-17T04:59:00,16,14,30
E 7 St & Avenue A,2026-08-17T04:59:00,17,18,35
West  St & Chambers St,2026-08-17T04:59:00,20,25,45
South End Ave & Liberty St,2026-08-17T04:59:00,16,19,35
Vesey Pl & River Terrace,2026-08-17T04:59:00,22,18,40
Cleveland Pl & Spring St,2026-08-17T04:59:00,19,16,35
Broadway & Battery Pl,2026-08-17T04:59:00,19,21,40
1 Ave & E 68 St,2026-08-17T04:59:00,23,17,40
E 72 St & York Ave,2026-08-17T04:59:00,19,16,35
Lexington Ave & E 63 St,2026-08-17T04:59:00,16,19,35
E 75 St & 3 Ave,2026-08-17T04:59:00,16,14,30
W 41 St & 8 Ave,2026-08-17T05:59:00,27,28,55
Pershing Square North,2026-08-17T05:59:00,36,24,60
E 47 St & Park Ave,2026-08-17T05:59:00,22,18,
Broadway & W 41 St,2026-08-17T05:59:00,18,27,45
W 33 St & 7 Ave,2026-08-17T05:59:00,24,26,50
6 Ave & W 33 St,2026-08-17T05:59:00,24,11,35
E 43 St & Vanderbilt Ave,2026-08-17T05:59:00,16,24,40
W 45 St & 6 Ave,2026-08-17T05:59:00,15,20,
w 21 st & 6 ave,2026-08-17T05:59:00,20,25,45
8 Ave & W 31 St,2026-08-17T05:59:00,23,27,50
W 20 St & 11 Ave,2026-08-17T05:59:00,17,13,30
W 26 St & 8 Ave,2026-08-17T05:59:00,13,22,35
W 17 St & 8 Ave,2026-08-17T05:59:00,20,20,40
9 Ave & W 22 St ,2026-08-17T05:59:00,13,17,
Broadway & E 14 St,2026-08-17T05:59:00,27,23,50
Lafayette St & E 8 St,2026-08-17T05:59:00,26,19,45
E 17 St & Broadway,2026-08-17T05:59:00,21,19,40
University Pl & E 14 St,2026-08-17T05:59:00,19,16,35
Carmine St & 6 Ave,2026-08-17T05:59:00,16,14,30
Christopher St & Greenwich St,2026-08-17T05:59:00,16,14,30
E 7 St & Avenue A,2026-08-17T05:59:00,17,18,35
West St & Chambers St,2026-08-17T05:59:00,20,25,45
South End Ave & Liberty St,2026-08-17T05:59:00,16,19,35
Vesey Pl & River Terrace,2026-08-17T05:59:00,22,18,
Cleveland Pl & Spring St,2026-08-17T05:59:00,20,15,35
Broadway & Battery Pl,2026-08-17T05:59:00,18,22,40
1 Ave & E 68 St,2026-08-17T05:59:00,24,16,40
E 72 St & York Ave,2026-08-17T05:59:00,19,16,35
Lexington Ave & E 63 St,2026-08-17T05:59:00,15,20,35
E 75 St & 3 Ave,2026-08-17T05:59:00,16,14,30
W 41 St & 8 Ave,2026-08-17T06:59:00,36,19,
Pershing Square North,2026-08-17T06:59:00,45,15,
E 47 St & Park Ave,2026-08-17T06:59:00,28,12,40
Broadway & W 41 St,2026-08-17T06:59:00,25,20,45
W 33 St & 7 Ave,2026-08-17T06:59:00,30,20,50
6 Ave & W 33 St,2026-08-17T06:59:00,30,5,
E 43 St & Vanderbilt Ave,2026-08-17T06:59:00,23,17,40
W 45 St & 6 Ave,2026-08-17T06:59:00,20,15,35
W 21 St & 6 Ave,2026-08-17T06:59:00,19,26,45
8 Ave & W 31 St,2026-08-17T06:59:00,23,27,50
W 20 St & 11 Ave,2026-08-17T06:59:00,16,14,30
W 26 St & 8 Ave,2026-08-17T06:59:00,11,24,
W 17 St & 8 Ave,2026-08-17T06:59:00,20,20,40
9 Ave & W 22 St,2026-08-17T06:59:00,13,17,30
Broadway & E 14 St,2026-08-17T06:59:00,16,34,50
Lafayette St & E 8 St,2026-08-17T06:59:00,16,29,45
E 17 St & Broadway,2026-08-17T06:59:00,15,25,40
University Pl & E 14 St,2026-08-17T06:59:00,11,24,35
Carmine St & 6 Ave,2026-08-17T06:59:00,9,21,30
Christopher St & Greenwich St,2026-08-17T06:59:00,10,20,30
E 7 St & Avenue A,2026-08-17T06:59:00,10,25,35
West St & Chambers St,2026-08-17T06:59:00,25,20,45
South End Ave & Liberty St,2026-08-17T06:59:00,18,17,35
Vesey Pl & River Terrace,2026-08-17T06:59:00,27,13,40
cleveland pl & spring st,2026-08-17T06:59:00,26,9,35
Broadway & Battery Pl,2026-08-17T06:59:00,20,20,
1 Ave & E 68 St,2026-08-17T06:59:00,18,22,40
E 72 St & York Ave,2026-08-17T06:59:00,14,21,35
Lexington Ave & E 63 St,2026-08-17T06:59:00,9,26,35
E 75 St & 3 Ave,2026-08-17T06:59:00,13,17,
W 41 St & 8 Ave,2026-08-17T07:59:00,55,0,
Pershing  Square North,2026-08-17T07:59:00,60,0,60
E 47 St & Park Ave,2026-08-17T07:59:00,40,0,40
Broadway & W 41 St,2026-08-17T07:59:00,44,1,45
W 33 St & 7 Ave,2026-08-17T07:59:00,47,3,50
6 Ave & W 33 St,2026-08-17T07:59:00,35,0,35
E 43 St & Vanderbilt Ave ,2026-08-17T07:59:00,38,2,40
W 45 St & 6 Ave,2026-08-17T07:59:00,35,0,35
w 21 st & 6 ave,2026-08-17T07:59:00,15,30,45
8 Ave & W 31 St,2026-08-17T07:59:00,23,27,50
W 20 St & 11 Ave,2026-08-17T07:59:00,14,16,30
W 26 St & 8 Ave,2026-08-17T07:59:00,7,28,35
W 17 St & 8 Ave,2026-08-17T07:59:00,20,20,40
9 Ave & W 22 St ,2026-08-17T07:59:00,14,16,30
Broadway & E 14 St,2026-08-17T07:59:00,0,50,50
Lafayette St & E 8 St,2026-08-17T07:59:00,0,45,45
E 17 St & Broadway,2026-08-17T07:59:00,0,40,40
University Pl & E 14 St,2026-08-17T07:59:00,0,35,35
Carmine St & 6 Ave,2026-08-17T07:59:00,0,30,
Christopher St & Greenwich St,2026-08-17T07:59:00,0,30,30
E 7 St & Avenue A,2026-08-17T07:59:00,0,35,35
West St & Chambers St,2026-08-17T07:59:00,40,5,45
South End Ave & Liberty St,2026-08-17T07:59:00,23,12,
Vesey Pl & River Terrace,2026-08-17T07:59:00,37,3,40
Cleveland  Pl & Spring St,2026-08-17T07:59:00,35,0,35
Broadway & Battery Pl,2026-08-17T07:59:00,25,15,40
1 Ave & E 68 St,2026-08-17T07:59:00,3,37,40
E 72 St & York Ave,2026-08-17T07:59:00,2,33,35
Lexington Ave & E 63 St,2026-08-17T07:59:00,0,35,35
E 75 St & 3 Ave,2026-08-17T07:59:00,5,25,30
W 41 St & 8 Ave,2026-08-17T08:59:00,55,0,55
Pershing Square North,2026-08-17T08:59:00,60,0,60
E 47 St & Park Ave,2026-08-17T08:59:00,40,0,40
Broadway & W 41 St,2026-08-17T08:59:00,45,0,45
W 33 St & 7 Ave,2026-08-17T08:59:00,50,0,
6 Ave & W 33 St,2026-08-17T08:59:00,35,0,35
E 43 St & Vanderbilt Ave,2026-08-17T08:59:00,40,0,40
W 45 St & 6 Ave,2026-08-17T08:59:00,35,0,35
W 21 St & 6 Ave,2026-08-17T08:59:00,13,32,45
8 Ave & W 31 St,2026-08-17T08:59:00,24,26,50
W 20 St & 11 Ave,2026-08-17T08:59:00,10,20,30
W 26 St & 8 Ave ,2026-08-17T08:59:00,2,33,35
W 17 St & 8 Ave ,2026-08-17T08:59:00,22,18,40
9 Ave & W 22 St,2026-08-17T08:59:00,16,14,
Broadway & E 14 St,2026-08-17T08:59:00,0,50,50
Lafayette St & E 8 St,2026-08-17T08:59:00,0,45,45
E 17 St & Broadway,2026-08-17T08:59:00,0,40,40
University Pl & E 14 St ,2026-08-17T08:59:00,0,35,35
Carmine St & 6 Ave,2026-08-17T08:59:00,0,30,30
Christopher St & Greenwich St,2026-08-17T08:59:00,0,30,30
E 7 St & Avenue A,2026-08-17T08:59:00,0,35,35
West St & Chambers St,2026-08-17T08:59:00,45,0,45
South End Ave & Liberty St,2026-08-17T08:59:00,29,6,35
Vesey Pl & River Terrace,2026-08-17T08:59:00,40,0,40
Cleveland Pl & Spring St,2026-08-17T08:59:00,35,0,35
Broadway & Battery Pl,2026-08-17T08:59:00,33,7,40
1 Ave & E 68 St,2026-08-17T08:59:00,0,40,40
E 72 St & York Ave,2026-08-17T08:59:00,0,35,35
Lexington Ave & E 63 St,2026-08-17T08:59:00,0,35,35
E 75 St & 3 Ave,2026-08-17T08:59:00,0,30,30
W 41 St & 8 Ave,2026-08-17T09:59:00,55,0,55
Pershing  Square North,2026-08-17T09:59:00,60,0,60
E 47 St & Park Ave,2026-08-17T09:59:00,40,0,40
Broadway & W 41 St,2026-08-17T09:59:00,45,0,45
W 33 St & 7 Ave,2026-08-17T09:59:00,50,0,50
6 Ave & W 33 St,2026-08-17T09:59:00,35,0,35
E 43 St & Vanderbilt Ave,2026-08-17T09:59:00,40,0,40
W 45 St & 6 Ave,2026-08-17T09:59:00,35,0,35
W 21 St & 6 Ave,2026-08-17T09:59:00,10,35,
8 Ave & W 31 St,2026-08-17T09:59:00,25,25,50
w 20 st & 11 ave,2026-08-17T09:59:00,10,20,30
W 26 St & 8 Ave,2026-08-17T09:59:00,0,35,35
W 17 St & 8 Ave,2026-08-17T09:59:00,23,17,40
9 Ave & W 22 St,2026-08-17T09:59:00,18,12,30
Broadway & E 14 St,2026-08-17T09:59:00,0,50,50
Lafayette St & E 8 St,2026-08-17T09:59:00,0,45,45
E 17 St & Broadway,2026-08-17T09:59:00,0,40,40
University Pl & E 14 St,2026-08-17T09:59:00,0,35,35
Carmine St & 6 Ave,2026-08-17T09:59:00,0,30,30
Christopher St & Greenwich St,2026-08-17T09:59:00,0,30,30
E 7 St & Avenue A,2026-08-17T09:59:00,0,35,35
West St & Chambers St,2026-08-17T09:59:00,45,0,45
South End Ave & Liberty St,2026-08-17T09:59:00,35,0,35
Vesey Pl & River Terrace,2026-08-17T09:59:00,40,0,
Cleveland Pl & Spring St,2026-08-17T09:59:00,35,0,35
broadway & battery pl,2026-08-17T09:59:00,37,3,40
1 Ave & E 68 St,2026-08-17T09:59:00,0,40,40
E 72 St & York Ave,2026-08-17T09:59:00,0,35,35
Lexington Ave & E 63 St,2026-08-17T09:59:00,0,35,35
E 75 St & 3 Ave ,2026-08-17T09:59:00,0,30,30
W 41 St & 8 Ave,2026-08-17T10:59:00,55,0,55
Pershing Square North,2026-08-17T10:59:00,59,1,60
E 47 St & Park Ave,2026-08-17T10:59:00,39,1,40
Broadway & W 41 St,2026-08-17T10:59:00,45,0,45
W 33 St & 7 Ave,2026-08-17T10:59:00,49,1,50
6 Ave & W 33 St,2026-08-17T10:59:00,35,0,35
E 43 St & Vanderbilt Ave,2026-08-17T10:59:00,40,0,40
W 45 St & 6 Ave,2026-08-17T10:59:00,35,0,35
W 21 St & 6 Ave,2026-08-17T10:59:00,10,35,45
8 Ave & W 31 St,2026-08-17T10:59:00,24,26,50
W 20 St & 11 Ave,2026-08-17T10:59:00,10,20,30
W 26 St & 8 Ave,2026-08-17T10:59:00,0,35,35
W 17 St & 8 Ave,2026-08-17T10:59:00,23,17,40
9 Ave & W 22 St,2026-08-17T10:59:00,18,12,30
Broadway & E 14 St,2026-08-17T10:59:00,0,50,50
Lafayette St & E 8 St,2026-08-17T10:59:00,0,45,45
E 17 St & Broadway,2026-08-17T10:59:00,0,40,40
University Pl & E 14 St,2026-08-17T10:59:00,1,34,35
Carmine St & 6 Ave,2026-08-17T10:59:00,0,30,30
Christopher St & Greenwich St,2026-08-17T10:59:00,1,29,30
E 7 St & Avenue A ,2026-08-17T10:59:00,0,35,35
West St & Chambers St,2026-08-17T10:59:00,45,0,45
South End Ave & Liberty St,2026-08-17T10:59:00,35,0,35
vesey pl & river terrace,2026-08-17T10:59:00,40,0,40
Cleveland Pl & Spring St,2026-08-17T10:59:00,34,1,35
Broadway & Battery Pl,2026-08-17T10:59:00,38,2,40
1 Ave & E 68 St,2026-08-17T10:59:00,0,40,40
E 72 St & York Ave,2026-08-17T10:59:00,0,35,35
Lexington Ave & E 63 St,2026-08-17T10:59:00,0,35,35
e 75 st & 3 ave,2026-08-17T10:59:00,1,29,30
W 41 St & 8 Ave,2026-08-17T11:59:00,55,0,55
pershing square north,2026-08-17T11:59:00,60,0,60
E 47 St & Park Ave,2026-08-17T11:59:00,39,1,40
Broadway & W 41 St,2026-08-17T11:59:00,45,0,
W 33 St & 7 Ave,2026-08-17T11:59:00,49,1,50
6 Ave & W 33 St,2026-08-17T11:59:00,35,0,35
E 43 St & Vanderbilt Ave,2026-08-17T11:59:00,39,1,
W 45 St & 6 Ave,2026-08-17T11:59:00,34,1,35
W 21 St & 6 Ave,2026-08-17T11:59:00,11,34,45
8 Ave & W 31 St,2026-08-17T11:59:00,24,26,50
W 20 St & 11 Ave,2026-08-17T11:59:00,10,20,30
W 26 St & 8 Ave,2026-08-17T11:59:00,0,35,35
W 17 St & 8 Ave,2026-08-17T11:59:00,22,18,40
9 Ave & W 22 St,2026-08-17T11:59:00,17,13,30
Broadway & E 14 St,2026-08-17T11:59:00,0,50,50
Lafayette St & E 8 St,2026-08-17T11:59:00,0,45,45
E 17 St & Broadway,2026-08-17T11:59:00,1,39,40
University Pl & E 14 St ,2026-08-17T11:59:00,0,35,35
Carmine St & 6 Ave,2026-08-17T11:59:00,0,30,30
Christopher St and Greenwich St,2026-08-17T11:59:00,1,29,30
E 7 St & Avenue A,2026-08-17T11:59:00,0,35,35
West St & Chambers St,2026-08-17T11:59:00,45,0,45
South End Ave & Liberty St,2026-08-17T11:59:00,35,0,35
Vesey Pl & River Terrace,2026-08-17T11:59:00,39,1,40
Cleveland Pl & Spring St,2026-08-17T11:59:00,35,0,35
Broadway & Battery Pl,2026-08-17T11:59:00,38,2,40
1 Ave & E 68 St,2026-08-17T11:59:00,1,39,40
E 72 St & York Ave,2026-08-17T11:59:00,1,34,35
Lexington Ave & E 63 St,2026-08-17T11:59:00,0,35,35
E 75 St & 3 Ave,2026-08-17T11:59:00,1,29,30
W 41 St & 8 Ave,2026-08-17T12:59:00,55,0,55
Pershing Square North,2026-08-17T12:59:00,60,0,60
E 47 St & Park Ave,2026-08-17T12:59:00,39,1,40
Broadway & W 41 St,2026-08-17T12:59:00,45,0,45
W 33 St & 7 Ave,2026-08-17T12:59:00,50,0,50
6 ave & w 33 st,2026-08-17T12:59:00,34,1,35
E 43 St & Vanderbilt Ave,2026-08-17T12:59:00,40,0,40
W 45 St & 6 Ave ,2026-08-17T12:59:00,35,0,35
W 21 St & 6 Ave,2026-08-17T12:59:00,12,33,45
8 Ave & W 31 St,2026-08-17T12:59:00,23,27,50
W 20 St & 11 Ave,2026-08-17T12:59:00,11,19,30
W 26 St & 8 Ave,2026-08-17T12:59:00,0,35,35
W 17 St & 8 Ave,2026-08-17T12:59:00,23,17,40
9 Ave & W 22 St,2026-08-17T12:59:00,18,12,30
Broadway & E 14 St,2026-08-17T12:59:00,0,50,50
Lafayette St & E 8 St,2026-08-17T12:59:00,1,44,45
E 17 St & Broadway,2026-08-17T12:59:00,0,40,40
University Pl & E 14 St,2026-08-17T12:59:00,1,34,35
Carmine St & 6 Ave,2026-08-17T12:59:00,1,29,30
Christopher St & Greenwich St,2026-08-17T12:59:00,1,29,30
E 7 St & Avenue A,2026-08-17T12:59:00,1,34,35
West St & Chambers St,2026-08-17T12:59:00,45,0,45
South End Ave & Liberty St,2026-08-17T12:59:00,35,0,35
Vesey Pl & River Terrace,2026-08-17T12:59:00,40,0,40
Cleveland Pl & Spring St,2026-08-17T12:59:00,35,0,35
Broadway & Battery Pl,2026-08-17T12:59:00,39,1,40
1 Ave & E 68 St,2026-08-17T12:59:00,2,38,40
E 72 St & York Ave,2026-08-17T12:59:00,0,35,35
Lexington Ave & E 63 St,2026-08-17T12:59:00,0,35,35
E 75 St & 3 Ave,2026-08-17T12:59:00,1,29,30
W 41 St & 8 Ave,2026-08-17T13:59:00,55,0,55
Pershing Square North,2026-08-17T13:59:00,59,1,60
E 47 St & Park Ave,2026-08-17T13:59:00,40,0,40
Broadway & W 41 St,2026-08-17T13:59:00,44,1,45
W 33 St & 7 Ave,2026-08-17T13:59:00,50,0,50
6 Ave & W 33 St,2026-08-17T13:59:00,35,0,
E 43 St & Vanderbilt Ave,2026-08-17T13:59:00,40,0,40
W 45 St & 6 Ave,2026-08-17T13:59:00,33,2,35
W 21 St & 6 Ave,2026-08-17T13:59:00,13,32,
8 Ave & W 31 St,2026-08-17T13:59:00,24,26,50
W 20 St & 11 Ave,2026-08-17T13:59:00,10,20,30
W 26 St & 8 Ave,2026-08-17T13:59:00,0,35,35
W 17 St & 8 Ave,2026-08-17T13:59:00,23,17,40
9 Ave & W 22 St,2026-08-17T13:59:00,18,12,30
Broadway & E 14 St,2026-08-17T13:59:00,0,50,50
Lafayette St & E 8 St,2026-08-17T13:59:00,1,44,
E 17 St & Broadway,2026-08-17T13:59:00,1,39,40
University Pl & E 14 St,2026-08-17T13:59:00,1,34,35
Carmine St & 6 Ave,2026-08-17T13:59:00,0,30,30
Christopher St & Greenwich St,2026-08-17T13:59:00,0,30,30
E 7 St & Avenue A,2026-08-17T13:59:00,2,33,35
West St & Chambers St,2026-08-17T13:59:00,44,1,
South End Ave & Liberty St,2026-08-17T13:59:00,35,0,35
Vesey Pl & River Terrace ,2026-08-17T13:59:00,40,0,40
Cleveland Pl & Spring St,2026-08-17T13:59:00,35,0,35
Broadway & Battery Pl,2026-08-17T13:59:00,38,2,40
1 Ave & E 68 St,2026-08-17T13:59:00,0,40,40
E 72 St & York Ave,2026-08-17T13:59:00,1,34,35
Lexington Ave & E 63 St,2026-08-17T13:59:00,0,35,35
E 75 St & 3 Ave,2026-08-17T13:59:00,1,29,30
W 41 St & 8 Ave,2026-08-17T14:59:00,55,0,
Pershing Square North,2026-08-17T14:59:00,59,1,60
E 47 St & Park Ave,2026-08-17T14:59:00,40,0,40
Broadway & W 41 St,2026-08-17T14:59:00,45,0,45
W 33 St & 7 Ave ,2026-08-17T14:59:00,50,0,50
6 Ave & W 33 St,2026-08-17T14:59:00,35,0,35
E 43 St & Vanderbilt Ave,2026-08-17T14:59:00,38,2,40
W 45 St & 6 Ave,2026-08-17T14:59:00,32,3,35
W 21 St & 6 Ave,2026-08-17T14:59:00,12,33,45
8 Ave & W 31 St,2026-08-17T14:59:00,23,27,50
w 20 st & 11 ave,2026-08-17T14:59:00,9,21,30
W 26 St & 8 Ave,2026-08-17T14:59:00,0,35,35
W 17 St & 8 Ave,2026-08-17T14:59:00,23,17,40
9 Ave & W 22 St,2026-08-17T14:59:00,18,12,30
Broadway & E 14 St,2026-08-17T14:59:00,0,50,50
Lafayette St & E 8 St,2026-08-17T14:59:00,1,44,45
E 17 St & Broadway,2026-08-17T14:59:00,1,39,40
University Pl & E 14 St,2026-08-17T14:59:00,2,33,35
Carmine St & 6 Ave,2026-08-17T14:59:00,0,30,30
Christopher St & Greenwich St,2026-08-17T14:59:00,2,28,30
E 7 St & Avenue A,2026-08-17T14:59:00,2,33,35
West St and Chambers St,2026-08-17T14:59:00,44,1,45
South End Ave & Liberty St,2026-08-17T14:59:00,35,0,35
Vesey Pl & River Terrace,2026-08-17T14:59:00,39,1,40
Cleveland Pl & Spring St,2026-08-17T14:59:00,34,1,
Broadway & Battery Pl,2026-08-17T14:59:00,39,1,40
1 Ave & E 68 St,2026-08-17T14:59:00,0,40,40
E 72 St & York Ave,2026-08-17T14:59:00,1,34,35
Lexington Ave & E 63 St,2026-08-17T14:59:00,0,35,35
E 75 St & 3 Ave ,2026-08-17T14:59:00,1,29,30
W 41 St & 8 Ave,2026-08-17T15:59:00,54,1,55
Pershing Square North,2026-08-17T15:59:00,58,2,
E 47 St & Park Ave,2026-08-17T15:59:00,40,0,40
Broadway & W 41 St,2026-08-17T15:59:00,45,0,45
W 33 St and 7 Ave,2026-08-17T15:59:00,50,0,50
6 Ave & W 33 St,2026-08-17T15:59:00,34,1,
E 43 St & Vanderbilt Ave,2026-08-17T15:59:00,38,2,40
W 45 St & 6 Ave,2026-08-17T15:59:00,34,1,35
W 21 St & 6 Ave,2026-08-17T15:59:00,12,33,45
8 Ave & W 31 St,2026-08-17T15:59:00,23,27,50
W 20 St & 11 Ave,2026-08-17T15:59:00,10,20,30
W 26 St & 8 Ave,2026-08-17T15:59:00,0,35,35
W 17 St & 8 Ave,2026-08-17T15:59:00,24,16,
9 Ave & W 22 St,2026-08-17T15:59:00,16,14,30
Broadway & E 14 St,2026-08-17T15:59:00,0,50,50
Lafayette St & E 8 St,2026-08-17T15:59:00,1,44,45
E 17 St & Broadway,2026-08-17T15:59:00,0,40,40
University Pl & E 14 St,2026-08-17T15:59:00,1,34,35
Carmine St & 6 Ave,2026-08-17T15:59:00,1,29,30
Christopher St & Greenwich St,2026-08-17T15:59:00,3,27,30
E 7 St and Avenue A,2026-08-17T15:59:00,3,32,35
west st & chambers st,2026-08-17T15:59:00,45,0,45
South End Ave & Liberty St,2026-08-17T15:59:00,35,0,
Vesey Pl and River Terrace,2026-08-17T15:59:00,40,0,40
Cleveland Pl & Spring St,2026-08-17T15:59:00,35,0,35
Broadway & Battery Pl,2026-08-17T15:59:00,39,1,40
1 Ave & E 68 St,2026-08-17T15:59:00,1,39,40
E 72 St & York Ave,2026-08-17T15:59:00,0,35,35
Lexington Ave & E 63 St,2026-08-17T15:59:00,1,34,35
E 75 St & 3 Ave,2026-08-17T15:59:00,1,29,30
W 41 St & 8 Ave,2026-08-17T16:59:00,41,14,55
Pershing Square North,2026-08-17T16:59:00,44,16,60
E 47 St & Park Ave,2026-08-17T16:59:00,31,9,40
Broadway & W 41 St,2026-08-17T16:59:00,34,11,45
W 33 St & 7 Ave,2026-08-17T16:59:00,42,8,50
6 Ave & W 33 St,2026-08-17T16:59:00,26,9,35
E 43 St & Vanderbilt Ave,2026-08-17T16:59:00,30,10,40
W 45 St & 6 Ave,2026-08-17T16:59:00,27,8,35
W 21 St & 6 Ave,2026-08-17T16:59:00,16,29,45
8 Ave & W 31 St,2026-08-17T16:59:00,26,24,
W 20 St & 11 Ave,2026-08-17T16:59:00,12,18,30
W 26 St & 8 Ave,2026-08-17T16:59:00,5,30,35
W 17 St & 8 Ave,2026-08-17T16:59:00,23,17,
9 Ave & W 22 St,2026-08-17T16:59:00,17,13,30
Broadway & E 14 St ,2026-08-17T16:59:00,14,36,50
Lafayette St & E 8 St,2026-08-17T16:59:00,13,32,45
E 17 St & Broadway,2026-08-17T16:59:00,9,31,40
University Pl & E 14 St,2026-08-17T16:59:00,12,23,35
Carmine St & 6 Ave,2026-08-17T16:59:00,8,22,30
Christopher St & Greenwich St,2026-08-17T16:59:00,10,20,30
E 7 St & Avenue A,2026-08-17T16:59:00,12,23,
West St & Chambers St,2026-08-17T16:59:00,39,6,45
South End Ave & Liberty St,2026-08-17T16:59:00,33,2,35
Vesey Pl & River Terrace,2026-08-17T16:59:00,35,5,40
Cleveland Pl & Spring St,2026-08-17T16:59:00,25,10,35
Broadway & Battery Pl,2026-08-17T16:59:00,37,3,
1 ave & e 68 st,2026-08-17T16:59:00,8,32,40
E 72 St & York Ave,2026-08-17T16:59:00,8,27,35
Lexington Ave & E 63 St,2026-08-17T16:59:00,10,25,35
E 75 St & 3 Ave,2026-08-17T16:59:00,5,25,30
W 41 St & 8 Ave,2026-08-17T17:59:00,24,31,55
Pershing Square North,2026-08-17T17:59:00,25,35,
E 47 St & Park Ave,2026-08-17T17:59:00,20,20,40
Broadway & W 41 St,2026-08-17T17:59:00,17,28,45
W 33 St & 7 Ave,2026-08-17T17:59:00,28,22,50
6 Ave & W 33 St,2026-08-17T17:59:00,15,20,35
E 43 St & Vanderbilt Ave ,2026-08-17T17:59:00,19,21,40
W 45 St & 6 Ave,2026-08-17T17:59:00,18,17,35
W 21 St & 6 Ave,2026-08-17T17:59:00,21,24,45
8 Ave & W 31 St,2026-08-17T17:59:00,26,24,50
W 20 St & 11 Ave,2026-08-17T17:59:00,14,16,30
W 26 St & 8 Ave,2026-08-17T17:59:00,10,25,35
W 17 St & 8 Ave,2026-08-17T17:59:00,23,17,
9 Ave & W 22 St ,2026-08-17T17:59:00,17,13,30
Broadway & E 14 St,2026-08-17T17:59:00,33,17,50
Lafayette St & E 8 St,2026-08-17T17:59:00,28,17,45
E 17 St & Broadway,2026-08-17T17:59:00,23,17,40
University Pl & E 14 St,2026-08-17T17:59:00,27,8,35
Carmine St & 6 Ave,2026-08-17T17:59:00,19,11,30
Christopher St & Greenwich St,2026-08-17T17:59:00,21,9,30
E 7 St and Avenue A,2026-08-17T17:59:00,23,12,35
West St & Chambers St,2026-08-17T17:59:00,28,17,45
South End Ave & Liberty St,2026-08-17T17:59:00,28,7,
Vesey Pl & River Terrace,2026-08-17T17:59:00,27,13,40
Cleveland Pl & Spring St,2026-08-17T17:59:00,13,22,35
Broadway & Battery Pl,2026-08-17T17:59:00,32,8,40
1 Ave & E 68 St,2026-08-17T17:59:00,17,23,40
E 72 St & York Ave ,2026-08-17T17:59:00,16,19,35
Lexington Ave & E 63 St,2026-08-17T17:59:00,22,13,35
E 75 St & 3 Ave ,2026-08-17T17:59:00,12,18,30
W 41 St & 8 Ave,2026-08-17T18:59:00,9,46,55
Pershing Square North,2026-08-17T18:59:00,10,50,60
E 47 St & Park Ave,2026-08-17T18:59:00,11,29,40
Broadway & W 41 St,2026-08-17T18:59:00,6,39,45
w 33 st & 7 ave,2026-08-17T18:59:00,17,33,50
6 Ave & W 33 St,2026-08-17T18:59:00,5,30,35
E 43 St & Vanderbilt Ave,2026-08-17T18:59:00,9,31,40
w 45 st & 6 ave,2026-08-17T18:59:00,10,25,35
W 21 St & 6 Ave,2026-08-17T18:59:00,24,21,
8 Ave & W 31 St,2026-08-17T18:59:00,26,24,50
W 20 St & 11 Ave,2026-08-17T18:59:00,17,13,30
w 26 st & 8 ave,2026-08-17T18:59:00,16,19,35
W 17 St & 8 Ave,2026-08-17T18:59:00,25,15,40
9 Ave & W 22 St,2026-08-17T18:59:00,18,12,30
Broadway & E 14 St,2026-08-17T18:59:00,48,2,50
Lafayette St & E 8 St,2026-08-17T18:59:00,40,5,45
E 17 St & Broadway,2026-08-17T18:59:00,34,6,40
University Pl & E 14 St,2026-08-17T18:59:00,35,0,35
Carmine St & 6 Ave,2026-08-17T18:59:00,27,3,30
Christopher St & Greenwich St,2026-08-17T18:59:00,29,1,30
E 7 St & Avenue A,2026-08-17T18:59:00,32,3,35
West St & Chambers St,2026-08-17T18:59:00,22,23,45
South End Ave & Liberty St,2026-08-17T18:59:00,26,9,35
Vesey Pl & River Terrace,2026-08-17T18:59:00,20,20,40
Cleveland Pl & Spring St,2026-08-17T18:59:00,2,33,35
Broadway & Battery Pl,2026-08-17T18:59:00,31,9,40
1 Ave & E 68 St,2026-08-17T18:59:00,24,16,40
E 72 St & York Ave,2026-08-17T18:59:00,23,12,35
Lexington Ave & E 63 St ,2026-08-17T18:59:00,33,2,35
E 75 St & 3 Ave,2026-08-17T18:59:00,17,13,30
W 41 St & 8 Ave,2026-08-17T19:59:00,0,55,55
Pershing Square North,2026-08-17T19:59:00,0,60,60
E 47 St & Park Ave,2026-08-17T19:59:00,4,36,40
Broadway & W 41 St,2026-08-17T19:59:00,0,45,45
W 33 St & 7 Ave,2026-08-17T19:59:00,10,40,50
6  Ave & W 33 St,2026-08-17T19:59:00,0,35,35
E 43 St & Vanderbilt Ave,2026-08-17T19:59:00,2,38,40
W 45 St & 6 Ave,2026-08-17T19:59:00,6,29,35
W 21 St & 6 Ave,2026-08-17T19:59:00,28,17,45
8  Ave & W 31 St,2026-08-17T19:59:00,27,23,
W 20 St & 11 Ave,2026-08-17T19:59:00,20,10,30
W 26 St & 8 Ave,2026-08-17T19:59:00,19,16,
W 17 St & 8 Ave,2026-08-17T19:59:00,27,13,40
9 Ave & W 22 St,2026-08-17T19:59:00,18,12,
Broadway & E 14 St,2026-08-17T19:59:00,50,0,
Lafayette St & E 8 St,2026-08-17T19:59:00,45,0,45
E 17 St & Broadway,2026-08-17T19:59:00,40,0,40
University Pl & E 14 St,2026-08-17T19:59:00,35,0,35
Carmine St & 6 Ave,2026-08-17T19:59:00,30,0,30
Christopher St & Greenwich St,2026-08-17T19:59:00,30,0,30
e 7 st & avenue a,2026-08-17T19:59:00,35,0,
West St & Chambers St,2026-08-17T19:59:00,16,29,45
South End Ave & Liberty St,2026-08-17T19:59:00,23,12,35
Vesey Pl & River Terrace,2026-08-17T19:59:00,16,24,40
Cleveland Pl & Spring St,2026-08-17T19:59:00,0,35,35
Broadway & Battery Pl,2026-08-17T19:59:00,29,11,40
1 Ave & E 68 St,2026-08-17T19:59:00,30,10,
E 72 St & York Ave,2026-08-17T19:59:00,28,7,35
Lexington Ave & E 63 St,2026-08-17T19:59:00,35,0,
E 75 St & 3 Ave,2026-08-17T19:59:00,21,9,30
W 41 St & 8 Ave,2026-08-17T20:59:00,0,55,55
Pershing Square North,2026-08-17T20:59:00,0,60,60
E 47 St & Park Ave,2026-08-17T20:59:00,3,37,40
Broadway & W 41 St,2026-08-17T20:59:00,0,45,45
W 33 St & 7 Ave,2026-08-17T20:59:00,10,40,50
6 Ave and W 33 St,2026-08-17T20:59:00,0,35,35
E 43 St & Vanderbilt Ave,2026-08-17T20:59:00,2,38,40
W 45 St & 6 Ave,2026-08-17T20:59:00,6,29,
W 21 St & 6 Ave,2026-08-17T20:59:00,29,16,45
8 Ave & W 31 St,2026-08-17T20:59:00,27,23,50
W 20 St & 11 Ave,2026-08-17T20:59:00,21,9,30
W 26 St & 8 Ave,2026-08-17T20:59:00,20,15,35
W 17 St & 8 Ave,2026-08-17T20:59:00,27,13,40
9 Ave & W 22 St,2026-08-17T20:59:00,18,12,30
Broadway & E 14 St,2026-08-17T20:59:00,50,0,50
Lafayette St and E 8 St,2026-08-17T20:59:00,45,0,45
E 17 St & Broadway,2026-08-17T20:59:00,40,0,40
University Pl & E 14 St,2026-08-17T20:59:00,34,1,35
Carmine St & 6 Ave,2026-08-17T20:59:00,30,0,30
christopher st & greenwich st,2026-08-17T20:59:00,30,0,30
E 7 St & Avenue A,2026-08-17T20:59:00,34,1,35
West St & Chambers St,2026-08-17T20:59:00,16,29,45
South End Ave & Liberty St,2026-08-17T20:59:00,23,12,35
Vesey Pl & River Terrace,2026-08-17T20:59:00,16,24,
Cleveland Pl & Spring St ,2026-08-17T20:59:00,0,35,35
Broadway & Battery Pl,2026-08-17T20:59:00,29,11,40
1 Ave & E 68 St,2026-08-17T20:59:00,30,10,40
E 72 St & York Ave,2026-08-17T20:59:00,28,7,35
Lexington Ave & E 63 St,2026-08-17T20:59:00,34,1,35
E 75 St & 3 Ave,2026-08-17T20:59:00,21,9,30
W 41 St & 8 Ave,2026-08-17T21:59:00,0,55,55
pershing square north,2026-08-17T21:59:00,0,60,60
E 47 St & Park Ave,2026-08-17T21:59:00,3,37,40
Broadway & W 41 St,2026-08-17T21:59:00,0,45,45
W 33 St & 7 Ave,2026-08-17T21:59:00,11,39,50
6 Ave & W 33 St,2026-08-17T21:59:00,0,35,35
E 43 St & Vanderbilt Ave,2026-08-17T21:59:00,3,37,40
W 45 St & 6 Ave,2026-08-17T21:59:00,6,29,35
W 21 St & 6 Ave,2026-08-17T21:59:00,28,17,45
8 ave & w 31 st,2026-08-17T21:59:00,27,23,50
W 20 St & 11 Ave,2026-08-17T21:59:00,21,9,30
W 26 St & 8 Ave,2026-08-17T21:59:00,20,15,35
W 17 St & 8 Ave,2026-08-17T21:59:00,26,14,40
9 Ave & W 22 St,2026-08-17T21:59:00,18,12,30
Broadway & E 14 St,2026-08-17T21:59:00,50,0,50
Lafayette St & E 8 St,2026-08-17T21:59:00,45,0,45
E 17 St and Broadway,2026-08-17T21:59:00,40,0,40
University Pl & E 14 St,2026-08-17T21:59:00,34,1,35
Carmine St & 6 Ave,2026-08-17T21:59:00,30,0,30
Christopher St & Greenwich St,2026-08-17T21:59:00,30,0,30
E 7 St & Avenue A,2026-08-17T21:59:00,33,2,35
West St and Chambers St,2026-08-17T21:59:00,16,29,45
South End Ave & Liberty St,2026-08-17T21:59:00,23,12,35
Vesey Pl & River Terrace,2026-08-17T21:59:00,16,24,40
Cleveland Pl & Spring St,2026-08-17T21:59:00,0,35,35
Broadway & Battery Pl,2026-08-17T21:59:00,27,13,40
1 Ave & E 68 St,2026-08-17T21:59:00,30,10,40
E 72 St & York Ave,2026-08-17T21:59:00,28,7,35
Lexington Ave & E 63 St,2026-08-17T21:59:00,35,0,35
E 75 St & 3 Ave,2026-08-17T21:59:00,21,9,30
W 41 St & 8 Ave,2026-08-17T22:59:00,0,55,55
Pershing Square North,2026-08-17T22:59:00,0,60,60
E 47 St & Park Ave,2026-08-17T22:59:00,3,37,40
Broadway & W 41 St,2026-08-17T22:59:00,0,45,45
W 33 St & 7 Ave,2026-08-17T22:59:00,10,40,50
6 Ave & W 33 St,2026-08-17T22:59:00,0,35,35
E 43 St & Vanderbilt Ave,2026-08-17T22:59:00,4,36,40
W 45 St & 6 Ave,2026-08-17T22:59:00,7,28,35
W 21 St & 6 Ave,2026-08-17T22:59:00,28,17,45
8 Ave & W 31 St,2026-08-17T22:59:00,27,23,50
W 20 St & 11 Ave,2026-08-17T22:59:00,21,9,30
W 26 St & 8 Ave,2026-08-17T22:59:00,19,16,35
W 17 St & 8 Ave,2026-08-17T22:59:00,27,13,40
9 ave & w 22 st,2026-08-17T22:59:00,18,12,30
Broadway & E 14 St,2026-08-17T22:59:00,50,0,50
Lafayette St & E 8 St,2026-08-17T22:59:00,45,0,45
E 17 St & Broadway,2026-08-17T22:59:00,40,0,40
University Pl & E 14 St,2026-08-17T22:59:00,35,0,35
Carmine St & 6 Ave,2026-08-17T22:59:00,29,1,30
Christopher St & Greenwich St,2026-08-17T22:59:00,30,0,
E 7 St & Avenue A,2026-08-17T22:59:00,33,2,
West St & Chambers St,2026-08-17T22:59:00,16,29,45
South End Ave & Liberty St,2026-08-17T22:59:00,24,11,
Vesey Pl & River Terrace,2026-08-17T22:59:00,15,25,40
Cleveland Pl & Spring St,2026-08-17T22:59:00,1,34,35
Broadway & Battery Pl,2026-08-17T22:59:00,26,14,40
1 Ave & E 68 St,2026-08-17T22:59:00,30,10,40
E 72 St & York Ave,2026-08-17T22:59:00,29,6,35
Lexington Ave & E 63 St,2026-08-17T22:59:00,34,1,35
e 75 st & 3 ave,2026-08-17T22:59:00,22,8,30
W 41 St & 8 Ave ,2026-08-17T23:59:00,0,55,
Pershing Square North,2026-08-17T23:59:00,0,60,60
E 47 St & Park Ave,2026-08-17T23:59:00,4,36,40
Broadway & W 41 St ,2026-08-17T23:59:00,1,44,
W 33 St & 7 Ave,2026-08-17T23:59:00,11,39,50
6 Ave & W 33 St,2026-08-17T23:59:00,0,35,35
E 43 St & Vanderbilt Ave,2026-08-17T23:59:00,5,35,40
W 45 St & 6 Ave ,2026-08-17T23:59:00,8,27,35
W 21 St & 6 Ave,2026-08-17T23:59:00,28,17,45
8 Ave & W 31 St,2026-08-17T23:59:00,26,24,50
W 20 St & 11 Ave,2026-08-17T23:59:00,21,9,30
W 26 St & 8 Ave,2026-08-17T23:59:00,19,16,35
W 17 St & 8 Ave,2026-08-17T23:59:00,26,14,
9 Ave & W 22 St,2026-08-17T23:59:00,18,12,30
Broadway & E 14 St,2026-08-17T23:59:00,50,0,50
Lafayette St & E 8 St,2026-08-17T23:59:00,44,1,45
E 17 St & Broadway,2026-08-17T23:59:00,40,0,40
University Pl & E 14 St,2026-08-17T23:59:00,35,0,35
Carmine St & 6 Ave,2026-08-17T23:59:00,29,1,30
Christopher St & Greenwich St,2026-08-17T23:59:00,30,0,30
E 7 St and Avenue A,2026-08-17T23:59:00,33,2,35
West St & Chambers St,2026-08-17T23:59:00,16,29,
South End Ave & Liberty St,2026-08-17T23:59:00,24,11,35
Vesey Pl & River Terrace,2026-08-17T23:59:00,15,25,40
Cleveland Pl & Spring St,2026-08-17T23:59:00,0,35,
Broadway & Battery Pl,2026-08-17T23:59:00,27,13,40
1 Ave & E 68 St,2026-08-17T23:59:00,31,9,40
E 72 St & York Ave,2026-08-17T23:59:00,28,7,
Lexington Ave & E 63 St,2026-08-17T23:59:00,34,1,35
E 75 St & 3 Ave,2026-08-17T23:59:00,22,8,30
W 41 St & 8 Ave,2026-08-18T00:59:00,1,54,55
Pershing Square North,2026-08-18T00:59:00,0,60,60
E 47 St & Park Ave,2026-08-18T00:59:00,4,36,40
Broadway & W 41 St,2026-08-18T00:59:00,0,45,
W 33 St & 7 Ave,2026-08-18T00:59:00,11,39,50
6 Ave & W 33 St,2026-08-18T00:59:00,1,34,35
E 43 St & Vanderbilt Ave,2026-08-18T00:59:00,4,36,40
W 45 St & 6 Ave,2026-08-18T00:59:00,7,28,35
W 21 St & 6 Ave,2026-08-18T00:59:00,27,18,45
8 Ave & W 31 St,2026-08-18T00:59:00,26,24,50
W 20 St & 11 Ave,2026-08-18T00:59:00,22,8,30
W 26 St & 8 Ave,2026-08-18T00:59:00,20,15,35
W 17 St & 8 Ave,2026-08-18T00:59:00,27,13,40
9 ave & w 22 st,2026-08-18T00:59:00,17,13,30
broadway & e 14 st,2026-08-18T00:59:00,50,0,50
Lafayette St & E 8 St,2026-08-18T00:59:00,43,2,45
E 17 St & Broadway,2026-08-18T00:59:00,40,0,40
University Pl & E 14 St,2026-08-18T00:59:00,34,1,35
Carmine St & 6 Ave,2026-08-18T00:59:00,29,1,30
Christopher St & Greenwich St,2026-08-18T00:59:00,30,0,30
E 7 St & Avenue A,2026-08-18T00:59:00,31,4,35
West St & Chambers St,2026-08-18T00:59:00,16,29,45
South End Ave & Liberty St,2026-08-18T00:59:00,25,10,35
Vesey Pl & River Terrace,2026-08-18T00:59:00,15,25,40
Cleveland Pl & Spring St,2026-08-18T00:59:00,0,35,35
Broadway & Battery Pl,2026-08-18T00:59:00,27,13,40
1 Ave & E 68 St,2026-08-18T00:59:00,30,10,40
E 72 St & York Ave,2026-08-18T00:59:00,28,7,35
Lexington Ave & E 63 St,2026-08-18T00:59:00,35,0,35
E 75 St & 3 Ave,2026-08-18T00:59:00,23,7,30
W 41 St & 8 Ave,2026-08-18T01:59:00,0,55,55
Pershing Square North,2026-08-18T01:59:00,0,60,60
E 47 St & Park Ave,2026-08-18T01:59:00,4,36,40
Broadway & W 41 St,2026-08-18T01:59:00,0,45,45
W 33 St & 7 Ave,2026-08-18T01:59:00,10,40,50
6 Ave & W 33 St,2026-08-18T01:59:00,1,34,35
E 43 St & Vanderbilt Ave,2026-08-18T01:59:00,3,37,40
W 45 St & 6 Ave,2026-08-18T01:59:00,6,29,35
W 21 St & 6 Ave,2026-08-18T01:59:00,27,18,45
8 Ave & W 31 St,2026-08-18T01:59:00,26,24,50
W 20 St & 11 Ave,2026-08-18T01:59:00,21,9,30
W 26 St & 8 Ave,2026-08-18T01:59:00,21,14,35
W 17 St & 8 Ave,2026-08-18T01:59:00,26,14,40
9 Ave & W 22 St,2026-08-18T01:59:00,17,13,30
Broadway & E 14 St,2026-08-18T01:59:00,50,0,50
Lafayette St & E 8 St,2026-08-18T01:59:00,43,2,45
E 17 St & Broadway,2026-08-18T01:59:00,40,0,40
University Pl & E 14 St,2026-08-18T01:59:00,34,1,35
Carmine St & 6 Ave,2026-08-18T01:59:00,28,2,30
Christopher St & Greenwich St,2026-08-18T01:59:00,30,0,30
E 7 St & Avenue A,2026-08-18T01:59:00,31,4,
West St & Chambers St,2026-08-18T01:59:00,17,28,45
South End Ave & Liberty St,2026-08-18T01:59:00,25,10,35
Vesey Pl & River Terrace,2026-08-18T01:59:00,15,25,40
Cleveland Pl & Spring St,2026-08-18T01:59:00,0,35,35
Broadway & Battery Pl,2026-08-18T01:59:00,27,13,40
1 Ave & E 68 St,2026-08-18T01:59:00,30,10,40
E 72 St & York Ave,2026-08-18T01:59:00,30,5,35
Lexington Ave & E 63 St,2026-08-18T01:59:00,34,1,35
E 75 St & 3 Ave,2026-08-18T01:59:00,22,8,30
W 41 St & 8 Ave,2026-08-18T02:59:00,1,54,55
Pershing Square North,2026-08-18T02:59:00,0,60,
E 47 St & Park Ave,2026-08-18T02:59:00,4,36,40
Broadway & W 41 St,2026-08-18T02:59:00,0,45,45
W 33 St & 7 Ave ,2026-08-18T02:59:00,9,41,50
6 Ave & W 33 St,2026-08-18T02:59:00,1,34,35
E 43 St & Vanderbilt Ave,2026-08-18T02:59:00,4,36,40
W 45 St & 6 Ave,2026-08-18T02:59:00,6,29,35
W 21 St & 6 Ave,2026-08-18T02:59:00,27,18,45
8 ave & w 31 st,2026-08-18T02:59:00,25,25,
W 20 St & 11 Ave,2026-08-18T02:59:00,21,9,
W 26 St & 8 Ave,2026-08-18T02:59:00,21,14,35
W 17 St & 8 Ave,2026-08-18T02:59:00,27,13,40
9 Ave & W 22 St,2026-08-18T02:59:00,17,13,30
Broadway and E 14 St,2026-08-18T02:59:00,49,1,50
Lafayette St & E 8 St,2026-08-18T02:59:00,43,2,
E 17 St & Broadway,2026-08-18T02:59:00,40,0,40
University Pl & E 14 St,2026-08-18T02:59:00,35,0,35
carmine st & 6 ave,2026-08-18T02:59:00,26,4,30
Christopher St & Greenwich St,2026-08-18T02:59:00,30,0,30
E 7 St & Avenue A,2026-08-18T02:59:00,31,4,35
West St & Chambers St,2026-08-18T02:59:00,17,28,45
South End Ave & Liberty St,2026-08-18T02:59:00,25,10,35
Vesey Pl & River Terrace,2026-08-18T02:59:00,15,25,40
cleveland pl & spring st,2026-08-18T02:59:00,0,35,35
Broadway & Battery Pl,2026-08-18T02:59:00,27,13,40
1 Ave & E 68 St,2026-08-18T02:59:00,30,10,40
E 72 St & York Ave,2026-08-18T02:59:00,30,5,35
Lexington Ave & E 63 St,2026-08-18T02:59:00,35,0,35
E 75 St & 3 Ave,2026-08-18T02:59:00,22,8,30
W 41 St & 8 Ave,2026-08-18T03:59:00,22,33,55
Pershing Square North,2026-08-18T03:59:00,29,31,60
E 47 St and Park Ave,2026-08-18T03:59:00,18,22,40
Broadway & W 41 St,2026-08-18T03:59:00,20,25,45
W 33 St & 7 Ave,2026-08-18T03:59:00,26,24,50
6 Ave & W 33 St,2026-08-18T03:59:00,21,14,35
E 43 St & Vanderbilt Ave,2026-08-18T03:59:00,22,18,40
W 45 St & 6 Ave,2026-08-18T03:59:00,15,20,35
W 21 St & 6 Ave,2026-08-18T03:59:00,23,22,45
8 Ave & W 31 St,2026-08-18T03:59:00,21,29,50
W 20 St & 11 Ave ,2026-08-18T03:59:00,14,16,30
W 26 St & 8 Ave,2026-08-18T03:59:00,16,19,35
W 17 St & 8 Ave,2026-08-18T03:59:00,16,24,40
9 Ave & W 22 St,2026-08-18T03:59:00,17,13,30
Broadway & E 14 St,2026-08-18T03:59:00,25,25,50
Lafayette St & E 8 St,2026-08-18T03:59:00,22,23,45
E 17 St & Broadway,2026-08-18T03:59:00,22,18,40
University Pl & E 14 St,2026-08-18T03:59:00,20,15,35
Carmine St & 6 Ave,2026-08-18T03:59:00,13,17,30
Christopher St & Greenwich St,2026-08-18T03:59:00,16,14,30
E 7 St & Avenue A,2026-08-18T03:59:00,16,19,
West St & Chambers St,2026-08-18T03:59:00,21,24,45
South End Ave & Liberty St,2026-08-18T03:59:00,18,17,35
Vesey Pl & River Terrace,2026-08-18T03:59:00,20,20,40
Cleveland Pl & Spring St,2026-08-18T03:59:00,19,16,35
Broadway & Battery Pl,2026-08-18T03:59:00,19,21,40
1 Ave & E 68 St,2026-08-18T03:59:00,23,17,40
E 72 St & York Ave,2026-08-18T03:59:00,20,15,35
Lexington Ave & E 63 St,2026-08-18T03:59:00,18,17,35
E 75 St & 3 Ave,2026-08-18T03:59:00,16,14,
W 41 St & 8 Ave,2026-08-18T04:59:00,22,33,55
Pershing Square North,2026-08-18T04:59:00,30,30,60
E 47 St & Park Ave,2026-08-18T04:59:00,19,21,40
Broadway & W 41 St,2026-08-18T04:59:00,21,24,45
W 33 St & 7 Ave,2026-08-18T04:59:00,27,23,50
6 Ave & W 33 St,2026-08-18T04:59:00,21,14,35
E 43 St & Vanderbilt Ave,2026-08-18T04:59:00,23,17,40
W 45 St & 6 Ave,2026-08-18T04:59:00,15,20,35
W 21 St & 6 Ave,2026-08-18T04:59:00,23,22,45
8 Ave & W 31 St,2026-08-18T04:59:00,22,28,50
W 20 St & 11 Ave,2026-08-18T04:59:00,14,16,30
W 26 St & 8 Ave,2026-08-18T04:59:00,16,19,35
W 17 St & 8 Ave,2026-08-18T04:59:00,16,24,40
9 Ave & W 22 St,2026-08-18T04:59:00,17,13,30
broadway & e 14 st,2026-08-18T04:59:00,25,25,50
Lafayette St & E 8 St,2026-08-18T04:59:00,23,22,45
E 17 St & Broadway,2026-08-18T04:59:00,21,19,40
University Pl & E 14 St,2026-08-18T04:59:00,21,14,35
Carmine St & 6 Ave,2026-08-18T04:59:00,13,17,
Christopher St & Greenwich St,2026-08-18T04:59:00,17,13,30
E 7 St & Avenue A,2026-08-18T04:59:00,15,20,35
West St & Chambers St,2026-08-18T04:59:00,21,24,45
south end ave & liberty st,2026-08-18T04:59:00,17,18,35
Vesey Pl & River Terrace,2026-08-18T04:59:00,20,20,40
Cleveland Pl & Spring St,2026-08-18T04:59:00,18,17,35
Broadway & Battery Pl,2026-08-18T04:59:00,19,21,40
1 Ave & E 68 St,2026-08-18T04:59:00,23,17,40
E 72 St & York Ave,2026-08-18T04:59:00,19,16,35
Lexington Ave & E 63 St,2026-08-18T04:59:00,19,16,35
E  75 St & 3 Ave,2026-08-18T04:59:00,17,13,30
W 41 St & 8 Ave,2026-08-18T05:59:00,21,34,55
Pershing Square North,2026-08-18T05:59:00,30,30,60
E 47 St & Park Ave,2026-08-18T05:59:00,21,19,40
Broadway & W 41 St,2026-08-18T05:59:00,21,24,
W 33 St & 7 Ave,2026-08-18T05:59:00,29,21,
6 Ave & W 33 St,2026-08-18T05:59:00,20,15,35
E 43 St & Vanderbilt Ave,2026-08-18T05:59:00,23,17,40
W 45 St & 6 Ave,2026-08-18T05:59:00,15,20,35
W 21 St & 6 Ave ,2026-08-18T05:59:00,24,21,45
8 Ave & W 31 St,2026-08-18T05:59:00,23,27,50
W 20 St & 11 Ave,2026-08-18T05:59:00,14,16,30
W 26 St & 8 Ave,2026-08-18T05:59:00,16,19,35
w 17 st & 8 ave,2026-08-18T05:59:00,17,23,40
9 Ave & W 22 St,2026-08-18T05:59:00,17,13,30
Broadway & E 14 St ,2026-08-18T05:59:00,24,26,50
Lafayette St & E 8 St,2026-08-18T05:59:00,24,21,
E 17 St & Broadway,2026-08-18T05:59:00,21,19,40
University Pl & E 14 St,2026-08-18T05:59:00,22,13,35
Carmine St & 6 Ave,2026-08-18T05:59:00,12,18,30
Christopher St & Greenwich St,2026-08-18T05:59:00,17,13,30
e 7 st & avenue a,2026-08-18T05:59:00,16,19,35
West St & Chambers St,2026-08-18T05:59:00,22,23,45
South End Ave & Liberty St ,2026-08-18T05:59:00,17,18,35
Vesey Pl & River Terrace,2026-08-18T05:59:00,21,19,40
Cleveland Pl & Spring St,2026-08-18T05:59:00,19,16,35
Broadway & Battery Pl,2026-08-18T05:59:00,18,22,40
1 Ave & E 68 St,2026-08-18T05:59:00,22,18,40
e 72 st & york ave,2026-08-18T05:59:00,20,15,35
Lexington Ave & E 63 St,2026-08-18T05:59:00,18,17,35
E 75 St and 3 Ave,2026-08-18T05:59:00,16,14,30
W 41 St & 8 Ave,2026-08-18T06:59:00,32,23,55
Pershing Square North,2026-08-18T06:59:00,39,21,60
E 47 St & Park Ave,2026-08-18T06:59:00,27,13,40
Broadway & W 41 St,2026-08-18T06:59:00,28,17,45
W 33 St & 7 Ave,2026-08-18T06:59:00,34,16,50
6 Ave & W 33 St,2026-08-18T06:59:00,27,8,35
E 43 St & Vanderbilt Ave,2026-08-18T06:59:00,29,11,40
W 45 St & 6 Ave,2026-08-18T06:59:00,20,15,35
W 21 St & 6 Ave,2026-08-18T06:59:00,22,23,45
8 ave & w 31 st,2026-08-18T06:59:00,23,27,50
W 20 St & 11 Ave,2026-08-18T06:59:00,14,16,30
W 26 St & 8 Ave,2026-08-18T06:59:00,14,21,35
W 17 St & 8 Ave,2026-08-18T06:59:00,18,22,40
9 Ave & W 22 St,2026-08-18T06:59:00,18,12,30
Broadway & E 14 St,2026-08-18T06:59:00,13,37,50
Lafayette St & E 8 St,2026-08-18T06:59:00,16,29,45
E 17 St & Broadway,2026-08-18T06:59:00,15,25,40
University Pl & E 14 St,2026-08-18T06:59:00,13,22,35
Carmine St & 6 Ave,2026-08-18T06:59:00,6,24,30
Christopher St & Greenwich St,2026-08-18T06:59:00,11,19,30
E 7 St & Avenue A,2026-08-18T06:59:00,10,25,
West St & Chambers St,2026-08-18T06:59:00,28,17,45
South End Ave & Liberty St ,2026-08-18T06:59:00,19,16,35
Vesey Pl & River Terrace,2026-08-18T06:59:00,27,13,40
Cleveland Pl & Spring St,2026-08-18T06:59:00,27,8,35
Broadway & Battery Pl ,2026-08-18T06:59:00,21,19,40
1 Ave & E 68 St,2026-08-18T06:59:00,17,23,40
E 72 St & York Ave,2026-08-18T06:59:00,16,19,35
Lexington Ave & E 63 St,2026-08-18T06:59:00,12,23,35
E 75 St & 3 Ave,2026-08-18T06:59:00,12,18,
W 41 St & 8 Ave,2026-08-18T07:59:00,55,0,55
Pershing Square North,2026-08-18T07:59:00,60,0,60
E 47 St & Park Ave,2026-08-18T07:59:00,40,0,
Broadway & W 41 St,2026-08-18T07:59:00,45,0,45
W 33 St & 7 Ave,2026-08-18T07:59:00,50,0,50
6 Ave & W 33 St,2026-08-18T07:59:00,35,0,35
E 43 St & Vanderbilt Ave,2026-08-18T07:59:00,40,0,40
W 45 St & 6 Ave,2026-08-18T07:59:00,34,1,35
W 21 St & 6 Ave,2026-08-18T07:59:00,20,25,
8 Ave & W 31 St,2026-08-18T07:59:00,22,28,50
W 20 St & 11 Ave,2026-08-18T07:59:00,12,18,30
W 26 St & 8 Ave,2026-08-18T07:59:00,10,25,
W 17 St & 8 Ave,2026-08-18T07:59:00,19,21,40
9 Ave & W 22 St,2026-08-18T07:59:00,20,10,30
Broadway & E 14 St,2026-08-18T07:59:00,0,50,50
Lafayette  St & E 8 St,2026-08-18T07:59:00,0,45,45
E 17 St & Broadway,2026-08-18T07:59:00,0,40,40
University Pl & E 14 St,2026-08-18T07:59:00,0,35,35
Carmine St & 6 Ave,2026-08-18T07:59:00,0,30,30
Christopher St & Greenwich St,2026-08-18T07:59:00,0,30,30
E 7 St & Avenue A,2026-08-18T07:59:00,0,35,35
West St & Chambers St,2026-08-18T07:59:00,43,2,45
South End Ave & Liberty St,2026-08-18T07:59:00,22,13,35
Vesey Pl & River Terrace,2026-08-18T07:59:00,38,2,40
Cleveland Pl & Spring St,2026-08-18T07:59:00,35,0,35
Broadway & Battery Pl,2026-08-18T07:59:00,27,13,40
1 Ave & E 68 St,2026-08-18T07:59:00,3,37,40
E 72 St & York Ave,2026-08-18T07:59:00,4,31,35
Lexington Ave & E 63 St ,2026-08-18T07:59:00,0,35,
E 75 St & 3 Ave,2026-08-18T07:59:00,4,26,30
w 41 st & 8 ave,2026-08-18T08:59:00,55,0,55
Pershing Square North,2026-08-18T08:59:00,60,0,60
E 47 St & Park Ave,2026-08-18T08:59:00,40,0,40
Broadway & W 41 St,2026-08-18T08:59:00,45,0,45
w 33 st & 7 ave,2026-08-18T08:59:00,50,0,
6 Ave & W 33 St,2026-08-18T08:59:00,35,0,
E 43 St & Vanderbilt Ave,2026-08-18T08:59:00,40,0,40
W 45 St & 6 Ave,2026-08-18T08:59:00,35,0,
W 21 St & 6 Ave,2026-08-18T08:59:00,15,30,45
8 Ave & W 31 St,2026-08-18T08:59:00,23,27,50
W 20 St & 11 Ave,2026-08-18T08:59:00,9,21,30
W 26 St & 8 Ave,2026-08-18T08:59:00,4,31,35
W 17 St & 8 Ave,2026-08-18T08:59:00,19,21,40
9 ave & w 22 st,2026-08-18T08:59:00,22,8,30
Broadway & E 14 St,2026-08-18T08:59:00,0,50,50
lafayette st & e 8 st,2026-08-18T08:59:00,0,45,45
e 17 st & broadway,2026-08-18T08:59:00,0,40,40
University Pl & E 14 St,2026-08-18T08:59:00,0,35,35
Carmine St & 6 Ave,2026-08-18T08:59:00,0,30,30
Christopher St & Greenwich St,2026-08-18T08:59:00,0,30,30
E 7 St & Avenue A,2026-08-18T08:59:00,0,35,35
West  St & Chambers St,2026-08-18T08:59:00,45,0,45
South End Ave & Liberty St ,2026-08-18T08:59:00,29,6,35
Vesey Pl & River Terrace,2026-08-18T08:59:00,40,0,40
Cleveland Pl & Spring St,2026-08-18T08:59:00,35,0,35
Broadway & Battery Pl,2026-08-18T08:59:00,33,7,40
1 Ave & E 68 St ,2026-08-18T08:59:00,0,40,40
E 72 St & York Ave,2026-08-18T08:59:00,0,35,35
Lexington Ave & E 63 St,2026-08-18T08:59:00,0,35,35
E 75 St & 3 Ave,2026-08-18T08:59:00,0,30,30
W 41 St & 8 Ave,2026-08-18T09:59:00,55,0,55
pershing square north,2026-08-18T09:59:00,60,0,
E 47 St & Park Ave,2026-08-18T09:59:00,40,0,40
Broadway  & W 41 St,2026-08-18T09:59:00,45,0,45
W 33 St & 7 Ave,2026-08-18T09:59:00,50,0,50
6 Ave & W 33 St,2026-08-18T09:59:00,35,0,
E 43 St & Vanderbilt Ave,2026-08-18T09:59:00,40,0,40
W 45 St & 6 Ave,2026-08-18T09:59:00,35,0,35
W 21 St & 6 Ave,2026-08-18T09:59:00,13,32,45
8 Ave & W 31 St,2026-08-18T09:59:00,23,27,50
W 20 St & 11 Ave,2026-08-18T09:59:00,7,23,
W 26 St & 8 Ave,2026-08-18T09:59:00,1,34,35
W 17 St & 8 Ave,2026-08-18T09:59:00,19,21,40
9 Ave & W 22 St,2026-08-18T09:59:00,22,8,
Broadway & E 14 St,2026-08-18T09:59:00,0,50,50
Lafayette St & E 8 St,2026-08-18T09:59:00,0,45,45
e 17 st & broadway,2026-08-18T09:59:00,0,40,40
University Pl & E 14 St,2026-08-18T09:59:00,0,35,35
Carmine St & 6 Ave,2026-08-18T09:59:00,0,30,30
Christopher St & Greenwich St,2026-08-18T09:59:00,0,30,30
E 7 St & Avenue A ,2026-08-18T09:59:00,0,35,35
West St & Chambers St,2026-08-18T09:59:00,45,0,45
South End Ave & Liberty St,2026-08-18T09:59:00,35,0,35
Vesey Pl & River Terrace,2026-08-18T09:59:00,40,0,40
Cleveland Pl & Spring St ,2026-08-18T09:59:00,35,0,35
Broadway & Battery Pl,2026-08-18T09:59:00,37,3,
1 Ave & E 68 St,2026-08-18T09:59:00,0,40,40
E 72 St & York Ave,2026-08-18T09:59:00,0,35,35
Lexington Ave & E 63 St,2026-08-18T09:59:00,0,35,35
E 75 St & 3 Ave,2026-08-18T09:59:00,0,30,30
W 41 St & 8 Ave,2026-08-18T10:59:00,54,1,55
Pershing Square North,2026-08-18T10:59:00,60,0,60
E 47 St & Park Ave,2026-08-18T10:59:00,40,0,40
Broadway & W 41 St,2026-08-18T10:59:00,45,0,45
W 33 St & 7 Ave,2026-08-18T10:59:00,50,0,50
6 Ave & W 33 St ,2026-08-18T10:59:00,34,1,35
E 43 St & Vanderbilt Ave,2026-08-18T10:59:00,40,0,
W 45 St & 6 Ave,2026-08-18T10:59:00,34,1,35
W 21 St & 6 Ave,2026-08-18T10:59:00,12,33,
8 Ave & W 31 St,2026-08-18T10:59:00,24,26,
W 20 St and 11 Ave,2026-08-18T10:59:00,6,24,30
W 26 St & 8 Ave,2026-08-18T10:59:00,1,34,35
W 17 St & 8 Ave,2026-08-18T10:59:00,19,21,40
9 Ave & W 22 St,2026-08-18T10:59:00,22,8,30
Broadway & E 14 St,2026-08-18T10:59:00,0,50,
Lafayette St & E 8 St,2026-08-18T10:59:00,0,45,45
E 17 St & Broadway,2026-08-18T10:59:00,0,40,40
University Pl & E 14 St,2026-08-18T10:59:00,0,35,35
Carmine St & 6 Ave,2026-08-18T10:59:00,0,30,30
Christopher St & Greenwich St,2026-08-18T10:59:00,0,30,
E 7 St & Avenue A,2026-08-18T10:59:00,0,35,35
West St & Chambers St,2026-08-18T10:59:00,45,0,45
South End Ave & Liberty St,2026-08-18T10:59:00,35,0,35
Vesey Pl & River Terrace,2026-08-18T10:59:00,40,0,
Cleveland Pl & Spring St ,2026-08-18T10:59:00,35,0,35
Broadway & Battery Pl,2026-08-18T10:59:00,37,3,40
1 Ave & E 68 St,2026-08-18T10:59:00,0,40,40
E 72 St & York Ave,2026-08-18T10:59:00,0,35,
Lexington Ave & E 63 St,2026-08-18T10:59:00,0,35,35
E 75 St & 3 Ave,2026-08-18T10:59:00,0,30,30
W 41 St & 8 Ave,2026-08-18T11:59:00,55,0,
Pershing Square North,2026-08-18T11:59:00,60,0,60
E 47 St & Park Ave,2026-08-18T11:59:00,40,0,40
Broadway & W 41 St,2026-08-18T11:59:00,45,0,45
W 33 St and 7 Ave,2026-08-18T11:59:00,50,0,50
6 Ave & W 33 St,2026-08-18T11:59:00,34,1,35
E 43 St & Vanderbilt Ave ,2026-08-18T11:59:00,40,0,40
W 45 St & 6 Ave,2026-08-18T11:59:00,33,2,35
W 21 St & 6 Ave,2026-08-18T11:59:00,12,33,45
8 Ave & W 31 St,2026-08-18T11:59:00,24,26,50
W 20 St & 11 Ave,2026-08-18T11:59:00,6,24,30
W 26 St & 8 Ave,2026-08-18T11:59:00,1,34,35
W 17 St & 8 Ave,2026-08-18T11:59:00,18,22,40
9 Ave & W 22 St,2026-08-18T11:59:00,22,8,
Broadway & E 14 St,2026-08-18T11:59:00,0,50,50
lafayette st & e 8 st,2026-08-18T11:59:00,0,45,45
E 17 St & Broadway,2026-08-18T11:59:00,1,39,40
University Pl & E 14 St,2026-08-18T11:59:00,0,35,35
Carmine St & 6 Ave,2026-08-18T11:59:00,0,30,30
Christopher St & Greenwich St,2026-08-18T11:59:00,1,29,30
E 7 St & Avenue A,2026-08-18T11:59:00,1,34,35
West St & Chambers St,2026-08-18T11:59:00,45,0,45
South End Ave & Liberty St,2026-08-18T11:59:00,35,0,35
Vesey Pl & River Terrace,2026-08-18T11:59:00,40,0,40
Cleveland Pl & Spring St,2026-08-18T11:59:00,35,0,35
Broadway & Battery Pl,2026-08-18T11:59:00,36,4,40
1 ave & e 68 st,2026-08-18T11:59:00,1,39,
E 72 St & York Ave,2026-08-18T11:59:00,0,35,35
Lexington Ave & E 63 St,2026-08-18T11:59:00,0,35,35
E 75 St & 3 Ave,2026-08-18T11:59:00,1,29,
W 41 St & 8 Ave,2026-08-18T12:59:00,55,0,55
Pershing Square North,2026-08-18T12:59:00,60,0,60
E 47 St & Park Ave,2026-08-18T12:59:00,39,1,40
Broadway & W 41 St,2026-08-18T12:59:00,45,0,45
W 33 St & 7 Ave ,2026-08-18T12:59:00,49,1,50
6 Ave & W 33 St ,2026-08-18T12:59:00,33,2,35
E 43 St and Vanderbilt Ave,2026-08-18T12:59:00,39,1,40
W 45 St & 6 Ave,2026-08-18T12:59:00,33,2,35
W  21 St & 6 Ave,2026-08-18T12:59:00,11,34,
8 Ave & W 31 St,2026-08-18T12:59:00,25,25,50
W 20 St & 11 Ave,2026-08-18T12:59:00,6,24,30
W 26 St & 8 Ave,2026-08-18T12:59:00,1,34,35
W 17 St & 8 Ave,2026-08-18T12:59:00,18,22,40
9 Ave & W 22 St ,2026-08-18T12:59:00,23,7,30
Broadway & E 14 St,2026-08-18T12:59:00,0,50,50
Lafayette St & E 8 St,2026-08-18T12:59:00,0,45,45
E 17 St & Broadway,2026-08-18T12:59:00,1,39,40
University Pl & E 14 St,2026-08-18T12:59:00,0,35,35
Carmine St & 6 Ave,2026-08-18T12:59:00,1,29,30
Christopher St & Greenwich St,2026-08-18T12:59:00,1,29,30
e 7 st & avenue a,2026-08-18T12:59:00,0,35,35
West St & Chambers St,2026-08-18T12:59:00,45,0,
south end ave & liberty st,2026-08-18T12:59:00,35,0,35
Vesey Pl & River Terrace,2026-08-18T12:59:00,40,0,40
cleveland pl & spring st,2026-08-18T12:59:00,34,1,35
Broadway & Battery Pl,2026-08-18T12:59:00,35,5,40
1 Ave & E 68 St,2026-08-18T12:59:00,2,38,40
E 72 St & York Ave,2026-08-18T12:59:00,0,35,35
Lexington Ave & E 63 St ,2026-08-18T12:59:00,0,35,35
E 75 St & 3 Ave,2026-08-18T12:59:00,1,29,
W 41 St & 8 Ave,2026-08-18T13:59:00,55,0,55
Pershing Square North,2026-08-18T13:59:00,60,0,60
E 47 St & Park Ave,2026-08-18T13:59:00,40,0,40
Broadway & W 41 St,2026-08-18T13:59:00,45,0,45
W 33 St & 7 Ave,2026-08-18T13:59:00,48,2,50
6 Ave & W 33 St,2026-08-18T13:59:00,34,1,35
E 43 St & Vanderbilt Ave,2026-08-18T13:59:00,40,0,40
W 45 St & 6 Ave ,2026-08-18T13:59:00,31,4,35
W 21 St & 6 Ave,2026-08-18T13:59:00,11,34,45
8 ave & w 31 st,2026-08-18T13:59:00,25,25,50
W 20 St & 11 Ave,2026-08-18T13:59:00,5,25,30
W 26 St & 8 Ave,2026-08-18T13:59:00,0,35,35
W 17 St & 8 Ave,2026-08-18T13:59:00,19,21,40
9 Ave & W 22 St,2026-08-18T13:59:00,24,6,30
broadway & e 14 st,2026-08-18T13:59:00,2,48,50
Lafayette St & E 8 St,2026-08-18T13:59:00,0,45,45
e 17 st & broadway,2026-08-18T13:59:00,1,39,40
University Pl & E 14 St,2026-08-18T13:59:00,0,35,35
Carmine St & 6 Ave,2026-08-18T13:59:00,0,30,30
Christopher St & Greenwich St,2026-08-18T13:59:00,1,29,30
E 7 St & Avenue A,2026-08-18T13:59:00,1,34,35
West St & Chambers St,2026-08-18T13:59:00,44,1,45
South End Ave & Liberty St,2026-08-18T13:59:00,35,0,35
Vesey Pl & River Terrace,2026-08-18T13:59:00,40,0,40
Cleveland Pl & Spring St,2026-08-18T13:59:00,33,2,35
Broadway & Battery Pl,2026-08-18T13:59:00,36,4,40
1 Ave & E 68 St,2026-08-18T13:59:00,2,38,40
E 72 St & York Ave,2026-08-18T13:59:00,0,35,35
Lexington Ave & E 63 St,2026-08-18T13:59:00,1,34,
E 75 St & 3 Ave,2026-08-18T13:59:00,1,29,30
W 41 St & 8 Ave,2026-08-18T14:59:00,55,0,55
Pershing Square North,2026-08-18T14:59:00,58,2,
E 47 St & Park Ave,2026-08-18T14:59:00,40,0,40
Broadway and W 41 St,2026-08-18T14:59:00,45,0,45
W 33 St & 7 Ave,2026-08-18T14:59:00,50,0,50
6 Ave & W 33 St,2026-08-18T14:59:00,34,1,35
E 43 St & Vanderbilt Ave,2026-08-18T14:59:00,40,0,
W 45 St & 6 Ave,2026-08-18T14:59:00,32,3,35
W 21 St & 6 Ave,2026-08-18T14:59:00,12,33,45
8 Ave & W 31 St,2026-08-18T14:59:00,24,26,
W 20 St & 11 Ave,2026-08-18T14:59:00,5,25,30
W 26 St & 8 Ave,2026-08-18T14:59:00,2,33,
W 17 St & 8 Ave,2026-08-18T14:59:00,19,21,40
9 Ave & W 22 St,2026-08-18T14:59:00,25,5,30
Broadway & E 14 St,2026-08-18T14:59:00,2,48,50
Lafayette St & E 8 St,2026-08-18T14:59:00,2,43,45
E 17 St & Broadway,2026-08-18T14:59:00,1,39,40
University Pl & E 14 St,2026-08-18T14:59:00,1,34,
Carmine St & 6 Ave,2026-08-18T14:59:00,0,30,30
Christopher St & Greenwich St,2026-08-18T14:59:00,1,29,30
E 7 St & Avenue A,2026-08-18T14:59:00,0,35,35
West St & Chambers St,2026-08-18T14:59:00,44,1,45
south end ave & liberty st,2026-08-18T14:59:00,35,0,35
Vesey Pl & River Terrace,2026-08-18T14:59:00,40,0,40
Cleveland Pl & Spring St,2026-08-18T14:59:00,32,3,35
Broadway & Battery Pl,2026-08-18T14:59:00,37,3,40
1 Ave & E 68 St,2026-08-18T14:59:00,3,37,
E 72 St & York Ave,2026-08-18T14:59:00,1,34,
Lexington Ave & E 63 St,2026-08-18T14:59:00,1,34,35
E 75 St & 3 Ave,2026-08-18T14:59:00,0,30,30
W 41 St & 8 Ave,2026-08-18T15:59:00,55,0,55
Pershing Square North,2026-08-18T15:59:00,58,2,
E 47 St & Park Ave,2026-08-18T15:59:00,40,0,40
broadway & w 41 st,2026-08-18T15:59:00,45,0,
W 33 St & 7 Ave,2026-08-18T15:59:00,49,1,50
6 Ave & W 33 St,2026-08-18T15:59:00,35,0,35
e 43 st & vanderbilt ave,2026-08-18T15:59:00,40,0,40
w 45 st & 6 ave,2026-08-18T15:59:00,31,4,
W 21 St and 6 Ave,2026-08-18T15:59:00,13,32,45
8 ave & w 31 st,2026-08-18T15:59:00,23,27,
W 20 St & 11 Ave,2026-08-18T15:59:00,6,24,30
W 26 St & 8 Ave,2026-08-18T15:59:00,2,33,35
W 17 St & 8 Ave,2026-08-18T15:59:00,18,22,40
9 Ave & W 22 St,2026-08-18T15:59:00,25,5,30
Broadway & E 14 St,2026-08-18T15:59:00,3,47,50
Lafayette St & E 8 St,2026-08-18T15:59:00,1,44,45
E 17 St & Broadway,2026-08-18T15:59:00,0,40,40
university pl & e 14 st,2026-08-18T15:59:00,1,34,35
Carmine St & 6 Ave,2026-08-18T15:59:00,1,29,30
Christopher St & Greenwich St,2026-08-18T15:59:00,1,29,30
E 7 St & Avenue A,2026-08-18T15:59:00,0,35,35
West St & Chambers St,2026-08-18T15:59:00,43,2,45
South End Ave & Liberty St,2026-08-18T15:59:00,34,1,35
Vesey Pl & River Terrace,2026-08-18T15:59:00,40,0,40
Cleveland Pl & Spring St,2026-08-18T15:59:00,31,4,35
Broadway & Battery Pl,2026-08-18T15:59:00,37,3,40
1 ave & e 68 st,2026-08-18T15:59:00,2,38,40
E 72 St & York Ave,2026-08-18T15:59:00,1,34,35
Lexington Ave & E 63 St,2026-08-18T15:59:00,1,34,35
E 75 St & 3 Ave,2026-08-18T15:59:00,1,29,
W 41 St & 8 Ave,2026-08-18T16:59:00,45,10,55
Pershing Square North ,2026-08-18T16:59:00,50,10,
E 47 St & Park Ave,2026-08-18T16:59:00,33,7,40
Broadway & W 41 St,2026-08-18T16:59:00,38,7,45
W 33 St & 7 Ave,2026-08-18T16:59:00,42,8,50
6 Ave & W 33 St,2026-08-18T16:59:00,28,7,35
E 43 St & Vanderbilt Ave,2026-08-18T16:59:00,33,7,40
w 45 st & 6 ave,2026-08-18T16:59:00,25,10,
W 21 St & 6 Ave,2026-08-18T16:59:00,15,30,
8 Ave & W 31 St,2026-08-18T16:59:00,23,27,50
W 20 St & 11 Ave,2026-08-18T16:59:00,7,23,30
W 26 St & 8 Ave,2026-08-18T16:59:00,5,30,
W 17 St & 8 Ave,2026-08-18T16:59:00,18,22,40
9 Ave & W 22 St,2026-08-18T16:59:00,25,5,30
Broadway & E 14 St,2026-08-18T16:59:00,12,38,50
Lafayette St & E 8 St,2026-08-18T16:59:00,8,37,45
E 17 St & Broadway,2026-08-18T16:59:00,7,33,40
University Pl & E 14 St,2026-08-18T16:59:00,8,27,35
Carmine St & 6 Ave,2026-08-18T16:59:00,6,24,30
Christopher St & Greenwich St,2026-08-18T16:59:00,7,23,30
E 7 St & Avenue A,2026-08-18T16:59:00,7,28,35
West St & Chambers St,2026-08-18T16:59:00,39,6,45
South End Ave & Liberty St,2026-08-18T16:59:00,33,2,35
Vesey Pl & River Terrace,2026-08-18T16:59:00,36,4,40
Cleveland Pl & Spring St,2026-08-18T16:59:00,23,12,35
Broadway & Battery Pl,2026-08-18T16:59:00,35,5,
1 Ave & E 68 St,2026-08-18T16:59:00,7,33,40
e 72 st & york ave,2026-08-18T16:59:00,5,30,35
Lexington Ave & E 63 St,2026-08-18T16:59:00,7,28,35
E 75 St & 3 Ave,2026-08-18T16:59:00,2,28,30
W 41 St and 8 Ave,2026-08-18T17:59:00,32,23,55
Pershing Square North,2026-08-18T17:59:00,37,23,60
E 47 St & Park Ave,2026-08-18T17:59:00,26,14,40
Broadway & W 41 St,2026-08-18T17:59:00,26,19,45
W 33 St & 7 Ave,2026-08-18T17:59:00,33,17,50
6 Ave & W 33 St,2026-08-18T17:59:00,21,14,35
E 43 St & Vanderbilt Ave,2026-08-18T17:59:00,26,14,40
W 45 St & 6 Ave,2026-08-18T17:59:00,17,18,35
W 21 St & 6 Ave,2026-08-18T17:59:00,17,28,45
8 Ave & W 31 St,2026-08-18T17:59:00,23,27,50
W 20 St & 11 Ave,2026-08-18T17:59:00,10,20,30
w 26 st & 8 ave,2026-08-18T17:59:00,9,26,35
W 17 St & 8 Ave,2026-08-18T17:59:00,18,22,40
9 Ave & W 22 St,2026-08-18T17:59:00,25,5,30
Broadway & E 14 St,2026-08-18T17:59:00,26,24,50
Lafayette St & E 8 St,2026-08-18T17:59:00,19,26,45
E 17 St & Broadway,2026-08-18T17:59:00,17,23,40
University Pl & E 14 St,2026-08-18T17:59:00,17,18,35
carmine st & 6 ave,2026-08-18T17:59:00,14,16,30
Christopher St & Greenwich St,2026-08-18T17:59:00,16,14,30
e 7 st & avenue a,2026-08-18T17:59:00,15,20,35
West St & Chambers St ,2026-08-18T17:59:00,33,12,45
South End Ave & Liberty St,2026-08-18T17:59:00,30,5,35
Vesey Pl & River Terrace,2026-08-18T17:59:00,30,10,40
Cleveland Pl & Spring St,2026-08-18T17:59:00,14,21,35
Broadway & Battery Pl,2026-08-18T17:59:00,33,7,40
1 Ave & E 68 St,2026-08-18T17:59:00,13,27,40
E 72 St & York Ave,2026-08-18T17:59:00,11,24,35
Lexington Ave & E 63 St,2026-08-18T17:59:00,15,20,35
E 75 St & 3 Ave,2026-08-18T17:59:00,5,25,30
W 41 St & 8 Ave,2026-08-18T18:59:00,15,40,55
Pershing Square North,2026-08-18T18:59:00,19,41,60
E 47 St & Park Ave,2026-08-18T18:59:00,15,25,40
Broadway & W 41 St,2026-08-18T18:59:00,11,34,45
w 33 st & 7 ave,2026-08-18T18:59:00,21,29,
6 Ave & W 33 St,2026-08-18T18:59:00,9,26,35
e 43 st & vanderbilt ave,2026-08-18T18:59:00,16,24,40
W 45 St & 6 Ave,2026-08-18T18:59:00,9,26,35
W 21 St & 6 Ave ,2026-08-18T18:59:00,21,24,45
8 Ave & W 31 St,2026-08-18T18:59:00,23,27,50
W 20 St & 11 Ave,2026-08-18T18:59:00,13,17,30
W 26 St & 8 Ave,2026-08-18T18:59:00,15,20,35
W 17 St & 8 Ave,2026-08-18T18:59:00,18,22,40
9 Ave & W 22 St,2026-08-18T18:59:00,25,5,30
Broadway & E 14 St,2026-08-18T18:59:00,44,6,50
Lafayette St & E 8 St,2026-08-18T18:59:00,33,12,45
E 17 St & Broadway,2026-08-18T18:59:00,30,10,
University Pl & E 14 St,2026-08-18T18:59:00,34,1,35
carmine st & 6 ave,2026-08-18T18:59:00,24,6,30
Christopher St & Greenwich St,2026-08-18T18:59:00,25,5,30
e 7 st & avenue a,2026-08-18T18:59:00,26,9,35
West St & Chambers St,2026-08-18T18:59:00,24,21,45
South End Ave & Liberty St,2026-08-18T18:59:00,28,7,35
Vesey Pl & River Terrace,2026-08-18T18:59:00,22,18,40
Cleveland Pl & Spring St,2026-08-18T18:59:00,1,34,35
broadway & battery pl,2026-08-18T18:59:00,28,12,40
1 Ave & E 68 St,2026-08-18T18:59:00,22,18,40
E 72 St & York Ave,2026-08-18T18:59:00,18,17,35
lexington ave & e 63 st,2026-08-18T18:59:00,28,7,35
E 75 St & 3 Ave,2026-08-18T18:59:00,12,18,30
W 41 St & 8 Ave,2026-08-18T19:59:00,6,49,55
Pershing Square North,2026-08-18T19:59:00,11,49,60
E 47 St & Park Ave,2026-08-18T19:59:00,10,30,40
Broadway & W 41 St,2026-08-18T19:59:00,3,42,45
W 33 St & 7 Ave,2026-08-18T19:59:00,14,36,50
6 Ave & W 33 St,2026-08-18T19:59:00,5,30,35
E 43 St & Vanderbilt Ave,2026-08-18T19:59:00,11,29,40
W  45 St & 6 Ave,2026-08-18T19:59:00,4,31,35
W 21 St & 6 Ave,2026-08-18T19:59:00,23,22,45
8 Ave & W 31 St ,2026-08-18T19:59:00,24,26,50
W 20 St & 11 Ave,2026-08-18T19:59:00,13,17,30
W 26 St & 8 Ave,2026-08-18T19:59:00,17,18,35
W 17 St & 8 Ave,2026-08-18T19:59:00,19,21,40
9 Ave & W 22 St,2026-08-18T19:59:00,24,6,30
Broadway & E 14 St,2026-08-18T19:59:00,50,0,50
Lafayette St & E 8 St,2026-08-18T19:59:00,40,5,45
E 17 St & Broadway ,2026-08-18T19:59:00,36,4,40
University Pl & E 14 St,2026-08-18T19:59:00,35,0,35
Carmine St & 6 Ave,2026-08-18T19:59:00,29,1,
Christopher St & Greenwich St,2026-08-18T19:59:00,30,0,30
E 7 St & Avenue A,2026-08-18T19:59:00,32,3,35
West St & Chambers St,2026-08-18T19:59:00,19,26,45
South End Ave & Liberty St,2026-08-18T19:59:00,26,9,35
Vesey Pl & River Terrace,2026-08-18T19:59:00,19,21,40
Cleveland Pl & Spring St,2026-08-18T19:59:00,0,35,35
Broadway & Battery Pl,2026-08-18T19:59:00,27,13,40
1 Ave & E 68 St,2026-08-18T19:59:00,27,13,40
E 72 St & York Ave,2026-08-18T19:59:00,22,13,
Lexington Ave & E 63 St,2026-08-18T19:59:00,35,0,35
E 75 St & 3 Ave,2026-08-18T19:59:00,15,15,
W 41 St & 8 Ave,2026-08-18T20:59:00,6,49,55
Pershing Square North,2026-08-18T20:59:00,12,48,60
E 47 St & Park Ave,2026-08-18T20:59:00,9,31,40
Broadway & W 41 St,2026-08-18T20:59:00,5,40,45
W 33 St & 7 Ave,2026-08-18T20:59:00,13,37,50
6 Ave & W 33 St,2026-08-18T20:59:00,5,30,35
E 43 St & Vanderbilt Ave,2026-08-18T20:59:00,11,29,40
W 45 St & 6 Ave,2026-08-18T20:59:00,5,30,35
w 21 st & 6 ave,2026-08-18T20:59:00,24,21,45
8 Ave & W 31 St,2026-08-18T20:59:00,24,26,50
w 20 st & 11 ave,2026-08-18T20:59:00,13,17,30
W 26 St & 8 Ave,2026-08-18T20:59:00,16,19,35
W 17 St & 8 Ave,2026-08-18T20:59:00,18,22,40
9 Ave & W 22 St,2026-08-18T20:59:00,25,5,
Broadway & E 14 St ,2026-08-18T20:59:00,49,1,50
Lafayette St & E 8 St,2026-08-18T20:59:00,39,6,45
E 17 St & Broadway ,2026-08-18T20:59:00,37,3,40
University Pl & E 14 St,2026-08-18T20:59:00,35,0,35
Carmine St & 6 Ave,2026-08-18T20:59:00,29,1,30
Christopher St & Greenwich St,2026-08-18T20:59:00,29,1,30
E 7 St & Avenue A,2026-08-18T20:59:00,31,4,35
west st & chambers st,2026-08-18T20:59:00,19,26,45
South End Ave & Liberty St,2026-08-18T20:59:00,27,8,35
Vesey Pl & River Terrace,2026-08-18T20:59:00,19,21,40
Cleveland Pl & Spring St,2026-08-18T20:59:00,0,35,35
Broadway & Battery Pl,2026-08-18T20:59:00,27,13,40
1 Ave & E 68 St,2026-08-18T20:59:00,25,15,40
E 72 St & York Ave,2026-08-18T20:59:00,22,13,35
Lexington Ave & E 63 St,2026-08-18T20:59:00,35,0,35
E 75 St & 3 Ave,2026-08-18T20:59:00,16,14,30
W 41 St & 8 Ave,2026-08-18T21:59:00,6,49,55
Pershing Square North,2026-08-18T21:59:00,12,48,60
E 47 St & Park Ave,2026-08-18T21:59:00,8,32,40
Broadway & W 41 St,2026-08-18T21:59:00,5,40,
W 33 St & 7 Ave,2026-08-18T21:59:00,13,37,50
6 Ave & W 33 St,2026-08-18T21:59:00,4,31,35
E 43 St & Vanderbilt Ave,2026-08-18T21:59:00,12,28,40
W 45 St & 6 Ave,2026-08-18T21:59:00,6,29,35
W 21 St & 6 Ave,2026-08-18T21:59:00,24,21,45
8 Ave & W 31 St,2026-08-18T21:59:00,24,26,50
W 20 St & 11 Ave,2026-08-18T21:59:00,13,17,30
W 26 St & 8 Ave,2026-08-18T21:59:00,16,19,35
W 17 St & 8 Ave,2026-08-18T21:59:00,18,22,40
9 Ave & W 22 St,2026-08-18T21:59:00,24,6,30
Broadway & E 14 St,2026-08-18T21:59:00,49,1,50
Lafayette St & E 8 St,2026-08-18T21:59:00,39,6,
E 17 St & Broadway,2026-08-18T21:59:00,36,4,40
University Pl & E 14 St,2026-08-18T21:59:00,34,1,35
Carmine St & 6 Ave,2026-08-18T21:59:00,30,0,30
Christopher St & Greenwich St,2026-08-18T21:59:00,30,0,30
E 7 St & Avenue A,2026-08-18T21:59:00,31,4,35
West St & Chambers St,2026-08-18T21:59:00,18,27,45
South End Ave & Liberty St,2026-08-18T21:59:00,27,8,
Vesey Pl & River Terrace,2026-08-18T21:59:00,19,21,40
Cleveland Pl & Spring St,2026-08-18T21:59:00,0,35,35
Broadway & Battery Pl,2026-08-18T21:59:00,26,14,40
1 Ave & E 68 St,2026-08-18T21:59:00,25,15,
E 72 St & York Ave,2026-08-18T21:59:00,22,13,35
Lexington Ave & E 63 St,2026-08-18T21:59:00,35,0,35
E 75 St & 3 Ave,2026-08-18T21:59:00,15,15,30
W 41 St & 8 Ave,2026-08-18T22:59:00,6,49,55
Pershing Square North,2026-08-18T22:59:00,12,48,60
E 47 St & Park Ave,2026-08-18T22:59:00,8,32,40
Broadway & W 41 St,2026-08-18T22:59:00,4,41,45
W 33 St & 7 Ave,2026-08-18T22:59:00,14,36,50
6 Ave & W 33 St,2026-08-18T22:59:00,4,31,35
E 43 St & Vanderbilt Ave,2026-08-18T22:59:00,11,29,40
W 45 St & 6 Ave,2026-08-18T22:59:00,5,30,35
W 21 St & 6 Ave,2026-08-18T22:59:00,24,21,45
8 Ave & W 31 St,2026-08-18T22:59:00,24,26,
W 20 St & 11 Ave,2026-08-18T22:59:00,13,17,30
W 26 St & 8 Ave,2026-08-18T22:59:00,16,19,35
W 17 St & 8 Ave,2026-08-18T22:59:00,19,21,40
9 Ave & W 22 St,2026-08-18T22:59:00,25,5,30
Broadway & E 14 St,2026-08-18T22:59:00,48,2,50
Lafayette St & E 8 St,2026-08-18T22:59:00,39,6,45
E 17 St & Broadway,2026-08-18T22:59:00,36,4,
University Pl & E 14 St,2026-08-18T22:59:00,34,1,35
Carmine St & 6 Ave,2026-08-18T22:59:00,29,1,30
Christopher St & Greenwich St,2026-08-18T22:59:00,29,1,30
E 7 St & Avenue A,2026-08-18T22:59:00,31,4,35
West St & Chambers St,2026-08-18T22:59:00,18,27,45
South End Ave & Liberty St,2026-08-18T22:59:00,26,9,35
Vesey Pl & River Terrace,2026-08-18T22:59:00,19,21,40
Cleveland Pl and Spring St,2026-08-18T22:59:00,0,35,
Broadway & Battery Pl,2026-08-18T22:59:00,26,14,40
1 Ave & E 68 St,2026-08-18T22:59:00,24,16,40
E 72 St & York Ave,2026-08-18T22:59:00,22,13,35
Lexington Ave & E 63 St,2026-08-18T22:59:00,35,0,35
e 75 st & 3 ave,2026-08-18T22:59:00,15,15,30
W 41 St & 8 Ave,2026-08-18T23:59:00,6,49,55
Pershing Square North,2026-08-18T23:59:00,12,48,60
E 47 St & Park Ave,2026-08-18T23:59:00,8,32,
Broadway & W 41 St,2026-08-18T23:59:00,4,41,45
W 33 St and 7 Ave,2026-08-18T23:59:00,14,36,50
6 Ave & W 33 St,2026-08-18T23:59:00,3,32,35
E 43 St & Vanderbilt Ave,2026-08-18T23:59:00,11,29,40
W 45 St & 6 Ave,2026-08-18T23:59:00,5,30,35
W 21 St & 6 Ave,2026-08-18T23:59:00,23,22,45
8  Ave & W 31 St,2026-08-18T23:59:00,24,26,50
W 20 St & 11 Ave,2026-08-18T23:59:00,12,18,30
W 26 St & 8 Ave,2026-08-18T23:59:00,15,20,35
W 17 St & 8 Ave,2026-08-18T23:59:00,18,22,40
9 ave & w 22 st,2026-08-18T23:59:00,24,6,30
Broadway & E 14 St,2026-08-18T23:59:00,48,2,50
Lafayette St & E 8 St,2026-08-18T23:59:00,39,6,45
E 17 St & Broadway,2026-08-18T23:59:00,37,3,40
university pl & e 14 st,2026-08-18T23:59:00,34,1,35
Carmine St & 6 Ave,2026-08-18T23:59:00,29,1,30
Christopher St & Greenwich St,2026-08-18T23:59:00,29,1,30
E 7 St & Avenue A,2026-08-18T23:59:00,30,5,35
West St & Chambers St,2026-08-18T23:59:00,18,27,45
south end ave & liberty st,2026-08-18T23:59:00,25,10,35
Vesey Pl & River Terrace,2026-08-18T23:59:00,19,21,40
Cleveland Pl & Spring St,2026-08-18T23:59:00,2,33,35
Broadway & Battery Pl,2026-08-18T23:59:00,27,13,40
1 Ave & E 68 St,2026-08-18T23:59:00,23,17,40
E 72 St & York Ave,2026-08-18T23:59:00,22,13,35
Lexington Ave & E 63 St,2026-08-18T23:59:00,34,1,35
e 75 st & 3 ave,2026-08-18T23:59:00,15,15,30
W 41 St & 8 Ave,2026-08-19T00:59:00,7,48,55
Pershing Square North,2026-08-19T00:59:00,12,48,60
E 47 St & Park Ave,2026-08-19T00:59:00,8,32,40
Broadway & W 41 St,2026-08-19T00:59:00,4,41,45
W  33 St & 7 Ave,2026-08-19T00:59:00,14,36,50
6 Ave & W 33 St,2026-08-19T00:59:00,4,31,35
E 43 St & Vanderbilt Ave,2026-08-19T00:59:00,10,30,40
W 45 St & 6 Ave,2026-08-19T00:59:00,5,30,35
W 21 St & 6 Ave,2026-08-19T00:59:00,24,21,45
8 Ave & W 31 St,2026-08-19T00:59:00,24,26,50
W 20 St & 11 Ave,2026-08-19T00:59:00,13,17,30
W 26 St and 8 Ave,2026-08-19T00:59:00,15,20,35
W 17 St & 8 Ave,2026-08-19T00:59:00,19,21,40
9 Ave & W 22 St,2026-08-19T00:59:00,24,6,30
Broadway & E 14 St,2026-08-19T00:59:00,47,3,50
Lafayette St & E 8 St,2026-08-19T00:59:00,40,5,
E 17 St & Broadway,2026-08-19T00:59:00,36,4,40
University Pl & E 14 St,2026-08-19T00:59:00,33,2,35
Carmine St & 6 Ave,2026-08-19T00:59:00,29,1,30
Christopher St & Greenwich St,2026-08-19T00:59:00,28,2,
E 7 St & Avenue A,2026-08-19T00:59:00,30,5,35
West St & Chambers St,2026-08-19T00:59:00,18,27,45
south end ave & liberty st,2026-08-19T00:59:00,26,9,35
Vesey Pl & River Terrace,2026-08-19T00:59:00,18,22,
Cleveland Pl & Spring St,2026-08-19T00:59:00,1,34,35
Broadway & Battery Pl,2026-08-19T00:59:00,27,13,40
1 Ave & E 68 St,2026-08-19T00:59:00,23,17,40
E 72 St & York Ave,2026-08-19T00:59:00,21,14,35
Lexington Ave & E 63 St,2026-08-19T00:59:00,34,1,35
e 75 st & 3 ave,2026-08-19T00:59:00,15,15,30
W 41 St & 8 Ave,2026-08-19T01:59:00,5,50,55
Pershing Square North,2026-08-19T01:59:00,13,47,60
E 47 St & Park Ave,2026-08-19T01:59:00,8,32,40
Broadway & W 41 St,2026-08-19T01:59:00,3,42,45
W 33 St & 7 Ave,2026-08-19T01:59:00,14,36,50
6 Ave & W 33 St,2026-08-19T01:59:00,4,31,35
E 43 St & Vanderbilt Ave,2026-08-19T01:59:00,12,28,40
W 45 St & 6 Ave,2026-08-19T01:59:00,5,30,35
W 21 St & 6 Ave,2026-08-19T01:59:00,25,20,45
8 Ave & W 31 St,2026-08-19T01:59:00,25,25,50
W 20 St & 11 Ave,2026-08-19T01:59:00,13,17,30
W 26 St & 8 Ave,2026-08-19T01:59:00,15,20,35
W 17 St & 8 Ave,2026-08-19T01:59:00,18,22,40
9 Ave & W 22 St,2026-08-19T01:59:00,25,5,30
Broadway & E 14 St,2026-08-19T01:59:00,47,3,50
Lafayette St & E 8 St,2026-08-19T01:59:00,41,4,45
e 17 st & broadway,2026-08-19T01:59:00,36,4,40
University Pl & E 14 St,2026-08-19T01:59:00,33,2,35
Carmine St & 6 Ave,2026-08-19T01:59:00,28,2,30
Christopher St & Greenwich St,2026-08-19T01:59:00,28,2,30
E 7 St & Avenue A,2026-08-19T01:59:00,30,5,35
West St & Chambers St,2026-08-19T01:59:00,17,28,
South End Ave & Liberty St,2026-08-19T01:59:00,26,9,
Vesey Pl & River Terrace,2026-08-19T01:59:00,18,22,40
Cleveland Pl & Spring St,2026-08-19T01:59:00,1,34,35
Broadway & Battery Pl,2026-08-19T01:59:00,27,13,40
1 Ave & E 68 St,2026-08-19T01:59:00,22,18,40
E 72 St & York Ave,2026-08-19T01:59:00,22,13,35
Lexington Ave & E 63 St,2026-08-19T01:59:00,34,1,
E 75 St & 3 Ave,2026-08-19T01:59:00,16,14,30
W 41 St & 8 Ave,2026-08-19T02:59:00,5,50,55
Pershing Square North,2026-08-19T02:59:00,12,48,60
E 47 St & Park Ave,2026-08-19T02:59:00,7,33,40
Broadway & W 41 St,2026-08-19T02:59:00,3,42,45
w 33 st & 7 ave,2026-08-19T02:59:00,15,35,50
6 Ave & W 33 St,2026-08-19T02:59:00,4,31,
E 43 St & Vanderbilt Ave,2026-08-19T02:59:00,12,28,40
W 45 St & 6 Ave,2026-08-19T02:59:00,4,31,35
W 21 St & 6 Ave,2026-08-19T02:59:00,25,20,45
8 Ave & W 31 St ,2026-08-19T02:59:00,25,25,50
W 20 St & 11 Ave,2026-08-19T02:59:00,13,17,30
W 26 St & 8 Ave,2026-08-19T02:59:00,17,18,35
W 17 St & 8 Ave,2026-08-19T02:59:00,18,22,40
9 Ave & W 22 St,2026-08-19T02:59:00,25,5,30
Broadway & E 14 St,2026-08-19T02:59:00,49,1,
Lafayette  St & E 8 St,2026-08-19T02:59:00,40,5,45
E 17 St & Broadway,2026-08-19T02:59:00,36,4,40
University Pl & E 14 St ,2026-08-19T02:59:00,33,2,35
Carmine St & 6 Ave,2026-08-19T02:59:00,29,1,
Christopher St & Greenwich St,2026-08-19T02:59:00,28,2,30
E 7 St & Avenue A,2026-08-19T02:59:00,30,5,35
West St & Chambers St,2026-08-19T02:59:00,17,28,45
South End Ave & Liberty St,2026-08-19T02:59:00,25,10,35
Vesey Pl & River Terrace,2026-08-19T02:59:00,18,22,40
Cleveland Pl & Spring St,2026-08-19T02:59:00,1,34,35
Broadway & Battery Pl,2026-08-19T02:59:00,27,13,40
1 Ave & E 68 St,2026-08-19T02:59:00,20,20,40
E 72 St & York Ave,2026-08-19T02:59:00,22,13,35
Lexington Ave & E 63 St ,2026-08-19T02:59:00,33,2,35
E 75 St & 3 Ave,2026-08-19T02:59:00,16,14,30
w 41 st & 8 ave,2026-08-19T03:59:00,30,25,55
Pershing Square North,2026-08-19T03:59:00,33,27,60
E 47 St & Park Ave,2026-08-19T03:59:00,15,25,40
Broadway & W 41 St,2026-08-19T03:59:00,27,18,45
W 33 St & 7 Ave,2026-08-19T03:59:00,26,24,50
6 Ave & W 33 St,2026-08-19T03:59:00,14,21,35
E 43 St & Vanderbilt Ave,2026-08-19T03:59:00,22,18,40
W 45 St & 6 Ave,2026-08-19T03:59:00,14,21,35
W 21 St & 6 Ave,2026-08-19T03:59:00,19,26,45
8 Ave & W 31 St,2026-08-19T03:59:00,28,22,50
W 20 St & 11 Ave,2026-08-19T03:59:00,15,15,30
W 26 St & 8 Ave,2026-08-19T03:59:00,17,18,35
W 17 St & 8 Ave,2026-08-19T03:59:00,20,20,
9 Ave & W 22 St ,2026-08-19T03:59:00,15,15,30
Broadway & E 14 St,2026-08-19T03:59:00,21,29,50
Lafayette St & E 8 St,2026-08-19T03:59:00,27,18,45
E 17 St & Broadway,2026-08-19T03:59:00,22,18,40
University Pl & E 14 St,2026-08-19T03:59:00,18,17,35
Carmine St & 6 Ave,2026-08-19T03:59:00,13,17,30
Christopher St & Greenwich St,2026-08-19T03:59:00,17,13,30
E 7 St & Avenue A,2026-08-19T03:59:00,15,20,35
West St & Chambers St ,2026-08-19T03:59:00,21,24,45
South End Ave & Liberty St,2026-08-19T03:59:00,16,19,35
Vesey Pl & River Terrace,2026-08-19T03:59:00,21,19,40
Cleveland Pl & Spring St,2026-08-19T03:59:00,22,13,35
Broadway & Battery Pl,2026-08-19T03:59:00,24,16,40
1 Ave & E 68 St,2026-08-19T03:59:00,16,24,40
E 72 St & York Ave,2026-08-19T03:59:00,13,22,
Lexington Ave & E 63 St,2026-08-19T03:59:00,20,15,35
e 75 st & 3 ave,2026-08-19T03:59:00,15,15,30
W 41 St & 8 Ave,2026-08-19T04:59:00,32,23,55
Pershing Square North,2026-08-19T04:59:00,34,26,60
E 47 St & Park Ave,2026-08-19T04:59:00,15,25,40
Broadway and W 41 St,2026-08-19T04:59:00,26,19,45
W 33 St & 7 Ave,2026-08-19T04:59:00,27,23,50
6 Ave & W 33 St,2026-08-19T04:59:00,14,21,35
E 43 St & Vanderbilt Ave,2026-08-19T04:59:00,21,19,40
W 45 St & 6 Ave,2026-08-19T04:59:00,13,22,
W 21 St & 6 Ave,2026-08-19T04:59:00,19,26,45
8 Ave & W 31 St ,2026-08-19T04:59:00,28,22,50
W 20 St & 11 Ave,2026-08-19T04:59:00,15,15,30
W 26 St & 8 Ave,2026-08-19T04:59:00,15,20,35
W 17 St & 8 Ave,2026-08-19T04:59:00,19,21,40
9 Ave & W 22 St ,2026-08-19T04:59:00,15,15,30
Broadway & E 14 St,2026-08-19T04:59:00,21,29,50
Lafayette St & E 8 St,2026-08-19T04:59:00,27,18,45
E 17 St & Broadway,2026-08-19T04:59:00,22,18,40
University Pl & E 14 St,2026-08-19T04:59:00,18,17,35
Carmine St & 6 Ave,2026-08-19T04:59:00,14,16,30
Christopher St & Greenwich St,2026-08-19T04:59:00,17,13,30
E 7 St & Avenue A,2026-08-19T04:59:00,15,20,
West St & Chambers St,2026-08-19T04:59:00,20,25,45
South End Ave & Liberty St,2026-08-19T04:59:00,17,18,35
Vesey Pl & River Terrace,2026-08-19T04:59:00,21,19,40
cleveland pl & spring st,2026-08-19T04:59:00,21,14,35
Broadway & Battery Pl,2026-08-19T04:59:00,22,18,40
1 Ave & E 68 St,2026-08-19T04:59:00,17,23,40
E 72 St & York Ave ,2026-08-19T04:59:00,13,22,35
Lexington Ave & E 63 St,2026-08-19T04:59:00,19,16,35
E 75 St & 3 Ave,2026-08-19T04:59:00,16,14,
W 41 St & 8 Ave,2026-08-19T05:59:00,32,23,55
Pershing Square North,2026-08-19T05:59:00,33,27,60
E 47 St & Park Ave,2026-08-19T05:59:00,15,25,40
Broadway & W 41 St,2026-08-19T05:59:00,26,19,45
W 33 St & 7 Ave,2026-08-19T05:59:00,28,22,
6 Ave & W 33 St,2026-08-19T05:59:00,15,20,
E 43 St & Vanderbilt Ave,2026-08-19T05:59:00,20,20,40
W 45 St & 6 Ave,2026-08-19T05:59:00,13,22,35
W 21 St & 6 Ave,2026-08-19T05:59:00,20,25,45
8 Ave & W 31 St,2026-08-19T05:59:00,29,21,50
W 20 St & 11 Ave,2026-08-19T05:59:00,15,15,30
W 26 St & 8 Ave,2026-08-19T05:59:00,15,20,35
W 17 St & 8 Ave,2026-08-19T05:59:00,19,21,
9 Ave & W 22 St,2026-08-19T05:59:00,14,16,
Broadway & E 14 St,2026-08-19T05:59:00,21,29,50
Lafayette St & E 8 St,2026-08-19T05:59:00,29,16,45
E 17 St & Broadway,2026-08-19T05:59:00,22,18,40
University Pl & E 14 St,2026-08-19T05:59:00,18,17,
Carmine St & 6 Ave,2026-08-19T05:59:00,14,16,30
Christopher St & Greenwich St,2026-08-19T05:59:00,18,12,30
E 7 St & Avenue A,2026-08-19T05:59:00,15,20,35
West St & Chambers St,2026-08-19T05:59:00,21,24,45
South End Ave & Liberty St,2026-08-19T05:59:00,16,19,35
Vesey Pl & River Terrace,2026-08-19T05:59:00,21,19,40
Cleveland Pl & Spring St ,2026-08-19T05:59:00,22,13,35
Broadway & Battery Pl,2026-08-19T05:59:00,20,20,40
1 Ave & E 68 St,2026-08-19T05:59:00,17,23,40
E 72 St & York Ave,2026-08-19T05:59:00,14,21,35
Lexington Ave & E 63 St,2026-08-19T05:59:00,18,17,35
E 75 St & 3 Ave,2026-08-19T05:59:00,17,13,30
W 41 St & 8 Ave,2026-08-19T06:59:00,40,15,55
Pershing Square North,2026-08-19T06:59:00,39,21,
e 47 st & park ave,2026-08-19T06:59:00,19,21,40
Broadway & W 41 St,2026-08-19T06:59:00,30,15,45
W 33 St & 7 Ave,2026-08-19T06:59:00,32,18,50
6 Ave & W 33 St,2026-08-19T06:59:00,21,14,35
E 43 St & Vanderbilt Ave,2026-08-19T06:59:00,25,15,40
W 45 St & 6 Ave,2026-08-19T06:59:00,17,18,35
W 21 St & 6 Ave ,2026-08-19T06:59:00,19,26,45
8 Ave & W 31 St,2026-08-19T06:59:00,29,21,50
W 20 St & 11 Ave,2026-08-19T06:59:00,15,15,30
W 26 St and 8 Ave,2026-08-19T06:59:00,14,21,35
W 17 St & 8 Ave,2026-08-19T06:59:00,20,20,40
9 Ave & W 22 St ,2026-08-19T06:59:00,16,14,30
Broadway & E 14 St,2026-08-19T06:59:00,13,37,50
Lafayette St & E 8 St,2026-08-19T06:59:00,23,22,45
e 17 st & broadway,2026-08-19T06:59:00,18,22,40
University Pl & E 14 St,2026-08-19T06:59:00,13,22,35
Carmine St & 6 Ave,2026-08-19T06:59:00,11,19,30
Christopher St & Greenwich St,2026-08-19T06:59:00,13,17,
E 7 St & Avenue A,2026-08-19T06:59:00,10,25,
West St & Chambers St,2026-08-19T06:59:00,25,20,45
South End Ave & Liberty St,2026-08-19T06:59:00,18,17,35
Vesey Pl & River Terrace,2026-08-19T06:59:00,24,16,40
Cleveland Pl & Spring St,2026-08-19T06:59:00,27,8,35
Broadway & Battery Pl,2026-08-19T06:59:00,23,17,40
1 Ave & E 68 St,2026-08-19T06:59:00,13,27,40
E 72 St & York Ave,2026-08-19T06:59:00,12,23,35
Lexington Ave & E 63 St ,2026-08-19T06:59:00,15,20,35
E 75 St & 3 Ave,2026-08-19T06:59:00,14,16,30
W 41 St & 8 Ave,2026-08-19T07:59:00,55,0,55
Pershing Square North,2026-08-19T07:59:00,60,0,60
E 47 St & Park Ave,2026-08-19T07:59:00,34,6,40
Broadway & W 41 St,2026-08-19T07:59:00,45,0,45
W  33 St & 7 Ave,2026-08-19T07:59:00,45,5,50
6 Ave & W 33 St,2026-08-19T07:59:00,35,0,35
E 43 St and Vanderbilt Ave,2026-08-19T07:59:00,39,1,40
W 45 St & 6 Ave,2026-08-19T07:59:00,29,6,
W 21 St & 6 Ave,2026-08-19T07:59:00,16,29,45
8 Ave & W 31 St,2026-08-19T07:59:00,29,21,50
W 20 St & 11 Ave,2026-08-19T07:59:00,13,17,30
W 26 St & 8 Ave,2026-08-19T07:59:00,11,24,35
W 17 St & 8 Ave,2026-08-19T07:59:00,22,18,40
9 Ave & W 22 St,2026-08-19T07:59:00,17,13,
Broadway and E 14 St,2026-08-19T07:59:00,0,50,50
Lafayette St & E 8 St,2026-08-19T07:59:00,3,42,
E 17 St & Broadway,2026-08-19T07:59:00,0,40,
University Pl & E 14 St,2026-08-19T07:59:00,0,35,35
Carmine St & 6 Ave,2026-08-19T07:59:00,0,30,30
Christopher St & Greenwich St,2026-08-19T07:59:00,0,30,30
E 7 St & Avenue A,2026-08-19T07:59:00,0,35,35
West St & Chambers St,2026-08-19T07:59:00,38,7,45
South End Ave & Liberty St,2026-08-19T07:59:00,22,13,35
Vesey Pl & River Terrace,2026-08-19T07:59:00,34,6,
Cleveland Pl & Spring St,2026-08-19T07:59:00,35,0,35
Broadway & Battery Pl,2026-08-19T07:59:00,27,13,40
1 Ave and E 68 St,2026-08-19T07:59:00,0,40,40
E 72 St & York Ave,2026-08-19T07:59:00,2,33,35
Lexington Ave and E 63 St,2026-08-19T07:59:00,0,35,35
E 75 St & 3 Ave,2026-08-19T07:59:00,6,24,30
W 41 St & 8 Ave,2026-08-19T08:59:00,55,0,
Pershing Square North,2026-08-19T08:59:00,60,0,60
E 47 St & Park Ave,2026-08-19T08:59:00,40,0,40
Broadway & W 41 St,2026-08-19T08:59:00,45,0,45
W 33 St & 7 Ave,2026-08-19T08:59:00,50,0,50
6 Ave & W 33 St,2026-08-19T08:59:00,35,0,35
E 43 St & Vanderbilt Ave,2026-08-19T08:59:00,40,0,40
W 45 St & 6 Ave,2026-08-19T08:59:00,35,0,35
W 21 St & 6 Ave,2026-08-19T08:59:00,12,33,45
8 Ave & W 31 St,2026-08-19T08:59:00,29,21,50
W 20 St & 11 Ave ,2026-08-19T08:59:00,10,20,30
W 26 St & 8 Ave,2026-08-19T08:59:00,5,30,35
W 17 St & 8 Ave,2026-08-19T08:59:00,23,17,40
9 Ave & W 22 St,2026-08-19T08:59:00,21,9,30
Broadway & E 14 St,2026-08-19T08:59:00,0,50,50
Lafayette St & E 8 St,2026-08-19T08:59:00,0,45,
E 17 St & Broadway,2026-08-19T08:59:00,0,40,40
University Pl & E 14 St,2026-08-19T08:59:00,0,35,35
Carmine St & 6 Ave,2026-08-19T08:59:00,0,30,
Christopher St & Greenwich St,2026-08-19T08:59:00,0,30,30
E 7 St & Avenue A,2026-08-19T08:59:00,0,35,35
West St & Chambers St,2026-08-19T08:59:00,45,0,45
South  End Ave & Liberty St,2026-08-19T08:59:00,28,7,35
Vesey Pl & River Terrace,2026-08-19T08:59:00,40,0,40
Cleveland Pl & Spring St,2026-08-19T08:59:00,35,0,35
Broadway & Battery Pl,2026-08-19T08:59:00,34,6,40
1 Ave & E 68 St,2026-08-19T08:59:00,0,40,40
E 72 St & York Ave,2026-08-19T08:59:00,0,35,35
Lexington Ave & E 63 St,2026-08-19T08:59:00,0,35,35
E 75 St & 3 Ave,2026-08-19T08:59:00,0,30,30
W 41 St & 8 Ave,2026-08-19T09:59:00,55,0,
Pershing Square North,2026-08-19T09:59:00,60,0,60
e 47 st & park ave,2026-08-19T09:59:00,40,0,40
Broadway & W 41 St,2026-08-19T09:59:00,45,0,45
W 33 St & 7 Ave,2026-08-19T09:59:00,50,0,50
6 Ave & W 33 St,2026-08-19T09:59:00,35,0,35
e 43 st & vanderbilt ave,2026-08-19T09:59:00,40,0,40
W 45 St & 6 Ave,2026-08-19T09:59:00,35,0,35
W 21 St & 6 Ave,2026-08-19T09:59:00,11,34,45
8 Ave & W 31 St,2026-08-19T09:59:00,29,21,50
W 20 St & 11 Ave,2026-08-19T09:59:00,8,22,30
W 26 St & 8 Ave,2026-08-19T09:59:00,1,34,
W 17 St & 8 Ave,2026-08-19T09:59:00,23,17,40
9 ave & w 22 st,2026-08-19T09:59:00,23,7,30
Broadway & E 14 St,2026-08-19T09:59:00,0,50,50
Lafayette St & E 8 St,2026-08-19T09:59:00,0,45,45
E 17 St & Broadway,2026-08-19T09:59:00,0,40,40
University Pl & E 14 St,2026-08-19T09:59:00,0,35,35
Carmine St & 6 Ave,2026-08-19T09:59:00,0,30,30
christopher st & greenwich st,2026-08-19T09:59:00,0,30,30
E 7 St & Avenue A,2026-08-19T09:59:00,0,35,
West St & Chambers St,2026-08-19T09:59:00,45,0,45
South End Ave & Liberty St,2026-08-19T09:59:00,32,3,35
Vesey Pl & River Terrace,2026-08-19T09:59:00,40,0,
Cleveland Pl & Spring St,2026-08-19T09:59:00,35,0,35
Broadway & Battery Pl,2026-08-19T09:59:00,40,0,40
1 Ave & E 68 St,2026-08-19T09:59:00,0,40,40
E 72 St & York Ave,2026-08-19T09:59:00,0,35,35
Lexington Ave & E 63 St,2026-08-19T09:59:00,0,35,35
E 75 St & 3 Ave ,2026-08-19T09:59:00,0,30,30
W 41 St & 8 Ave,2026-08-19T10:59:00,55,0,55
Pershing Square North,2026-08-19T10:59:00,59,1,
E 47 St & Park Ave,2026-08-19T10:59:00,38,2,40
Broadway & W 41 St,2026-08-19T10:59:00,45,0,45
W 33 St & 7 Ave,2026-08-19T10:59:00,50,0,50
6 Ave & W 33 St,2026-08-19T10:59:00,35,0,35
E 43 St & Vanderbilt Ave,2026-08-19T10:59:00,40,0,40
W 45 St & 6 Ave,2026-08-19T10:59:00,35,0,35
W 21 St & 6 Ave,2026-08-19T10:59:00,11,34,45
8 Ave & W 31 St,2026-08-19T10:59:00,29,21,50
W 20 St & 11 Ave,2026-08-19T10:59:00,8,22,30
W 26 St & 8 Ave,2026-08-19T10:59:00,0,35,35
W 17 St & 8 Ave,2026-08-19T10:59:00,23,17,40
9 Ave & W 22 St,2026-08-19T10:59:00,22,8,30
Broadway & E 14 St,2026-08-19T10:59:00,0,50,50
Lafayette St & E 8 St,2026-08-19T10:59:00,0,45,
E 17 St & Broadway,2026-08-19T10:59:00,0,40,40
University Pl & E 14 St ,2026-08-19T10:59:00,0,35,
Carmine St & 6 Ave,2026-08-19T10:59:00,0,30,30
Christopher St & Greenwich St,2026-08-19T10:59:00,0,30,30
E 7 St & Avenue A,2026-08-19T10:59:00,1,34,35
West St & Chambers St,2026-08-19T10:59:00,44,1,45
South End Ave & Liberty St,2026-08-19T10:59:00,33,2,35
Vesey Pl & River Terrace,2026-08-19T10:59:00,39,1,40
Cleveland Pl & Spring St,2026-08-19T10:59:00,35,0,35
Broadway & Battery Pl,2026-08-19T10:59:00,39,1,40
1 Ave & E 68 St,2026-08-19T10:59:00,0,40,40
E  72 St & York Ave,2026-08-19T10:59:00,0,35,35
Lexington Ave & E 63 St,2026-08-19T10:59:00,1,34,35
E 75 St & 3 Ave,2026-08-19T10:59:00,0,30,30
W 41 St & 8 Ave,2026-08-19T11:59:00,55,0,55
Pershing Square North,2026-08-19T11:59:00,59,1,60
E 47 St & Park Ave,2026-08-19T11:59:00,38,2,40
Broadway & W 41 St,2026-08-19T11:59:00,45,0,45
W 33 St & 7 Ave,2026-08-19T11:59:00,49,1,50
6 Ave & W 33 St,2026-08-19T11:59:00,35,0,35
e 43 st & vanderbilt ave,2026-08-19T11:59:00,39,1,40
W 45 St & 6 Ave,2026-08-19T11:59:00,35,0,35
w 21 st & 6 ave,2026-08-19T11:59:00,11,34,45
8 Ave & W 31 St,2026-08-19T11:59:00,30,20,50
W 20 St & 11 Ave,2026-08-19T11:59:00,9,21,30
W 26 St & 8 Ave,2026-08-19T11:59:00,0,35,35
W 17 St & 8 Ave,2026-08-19T11:59:00,23,17,40
9 Ave & W 22 St,2026-08-19T11:59:00,22,8,30
Broadway & E 14 St,2026-08-19T11:59:00,0,50,50
Lafayette St & E 8 St,2026-08-19T11:59:00,0,45,45
E 17 St & Broadway,2026-08-19T11:59:00,0,40,40
University Pl & E 14 St ,2026-08-19T11:59:00,1,34,35
carmine st & 6 ave,2026-08-19T11:59:00,0,30,30
Christopher St & Greenwich St,2026-08-19T11:59:00,0,30,30
E 7 St & Avenue A,2026-08-19T11:59:00,1,34,35
West St & Chambers St,2026-08-19T11:59:00,44,1,45
South End Ave & Liberty St,2026-08-19T11:59:00,33,2,35
Vesey  Pl & River Terrace,2026-08-19T11:59:00,39,1,
Cleveland Pl & Spring St,2026-08-19T11:59:00,35,0,35
Broadway & Battery Pl,2026-08-19T11:59:00,39,1,40
1 Ave & E 68 St,2026-08-19T11:59:00,0,40,40
E 72 St & York Ave ,2026-08-19T11:59:00,0,35,35
Lexington Ave & E 63 St,2026-08-19T11:59:00,2,33,35
E 75 St & 3 Ave,2026-08-19T11:59:00,0,30,30
W 41 St & 8 Ave,2026-08-19T12:59:00,55,0,55
Pershing Square North,2026-08-19T12:59:00,58,2,60
E 47 St & Park Ave,2026-08-19T12:59:00,37,3,40
Broadway & W 41 St,2026-08-19T12:59:00,44,1,45
W 33 St & 7 Ave,2026-08-19T12:59:00,49,1,50
6 Ave & W 33 St,2026-08-19T12:59:00,35,0,35
E 43 St & Vanderbilt Ave,2026-08-19T12:59:00,39,1,40
W 45 St & 6 Ave,2026-08-19T12:59:00,34,1,35
W 21 St & 6 Ave,2026-08-19T12:59:00,11,34,45
8 ave & w 31 st,2026-08-19T12:59:00,30,20,50
W 20 St & 11 Ave,2026-08-19T12:59:00,8,22,
W 26 St & 8 Ave,2026-08-19T12:59:00,0,35,35
W 17 St & 8 Ave,2026-08-19T12:59:00,24,16,40
9 Ave & W 22 St,2026-08-19T12:59:00,21,9,30
Broadway & E 14 St,2026-08-19T12:59:00,0,50,50
Lafayette St & E 8 St,2026-08-19T12:59:00,0,45,45
E 17 St & Broadway,2026-08-19T12:59:00,0,40,40
University Pl & E 14 St,2026-08-19T12:59:00,0,35,35
Carmine St & 6 Ave,2026-08-19T12:59:00,0,30,30
Christopher St & Greenwich St,2026-08-19T12:59:00,1,29,30
E 7 St & Avenue A,2026-08-19T12:59:00,2,33,35
West St & Chambers St,2026-08-19T12:59:00,44,1,45
South End Ave & Liberty St,2026-08-19T12:59:00,33,2,35
Vesey Pl & River Terrace,2026-08-19T12:59:00,40,0,
Cleveland Pl & Spring St,2026-08-19T12:59:00,35,0,35
Broadway & Battery Pl,2026-08-19T12:59:00,38,2,40
1 Ave & E 68 St,2026-08-19T12:59:00,0,40,40
E 72 St & York Ave,2026-08-19T12:59:00,0,35,35
Lexington Ave & E 63 St,2026-08-19T12:59:00,3,32,35
E 75 St & 3 Ave,2026-08-19T12:59:00,1,29,30
W 41 St & 8 Ave,2026-08-19T13:59:00,55,0,55
Pershing  Square North,2026-08-19T13:59:00,58,2,60
E 47 St & Park Ave,2026-08-19T13:59:00,38,2,40
Broadway & W 41 St,2026-08-19T13:59:00,43,2,
W 33 St & 7 Ave,2026-08-19T13:59:00,49,1,50
6 Ave & W 33 St,2026-08-19T13:59:00,35,0,35
e 43 st & vanderbilt ave,2026-08-19T13:59:00,39,1,
W 45 St & 6 Ave,2026-08-19T13:59:00,34,1,35
W 21 St & 6 Ave,2026-08-19T13:59:00,11,34,45
8 Ave & W 31 St,2026-08-19T13:59:00,29,21,50
W 20 St & 11 Ave,2026-08-19T13:59:00,8,22,30
W 26 St & 8 Ave,2026-08-19T13:59:00,0,35,
W 17 St & 8 Ave,2026-08-19T13:59:00,25,15,40
9 Ave & W 22 St,2026-08-19T13:59:00,21,9,30
broadway & e 14 st,2026-08-19T13:59:00,0,50,50
Lafayette St & E 8 St,2026-08-19T13:59:00,0,45,
E 17 St & Broadway,2026-08-19T13:59:00,0,40,40
University Pl & E 14 St,2026-08-19T13:59:00,0,35,35
Carmine St & 6 Ave,2026-08-19T13:59:00,0,30,30
Christopher St & Greenwich St,2026-08-19T13:59:00,1,29,30
E 7 St & Avenue A,2026-08-19T13:59:00,3,32,35
West St & Chambers St,2026-08-19T13:59:00,45,0,45
South End Ave & Liberty St,2026-08-19T13:59:00,33,2,35
Vesey Pl & River Terrace,2026-08-19T13:59:00,40,0,40
Cleveland Pl & Spring St,2026-08-19T13:59:00,35,0,35
Broadway & Battery Pl,2026-08-19T13:59:00,38,2,40
1 Ave & E 68 St,2026-08-19T13:59:00,1,39,40
E 72 St & York Ave,2026-08-19T13:59:00,0,35,35
Lexington Ave & E 63 St,2026-08-19T13:59:00,4,31,35
E 75 St & 3 Ave,2026-08-19T13:59:00,2,28,30
W 41 St & 8 Ave ,2026-08-19T14:59:00,54,1,55
Pershing Square North,2026-08-19T14:59:00,59,1,60
E 47 St & Park Ave,2026-08-19T14:59:00,38,2,40
Broadway & W 41 St,2026-08-19T14:59:00,43,2,45
W 33 St & 7 Ave,2026-08-19T14:59:00,50,0,50
6 Ave & W 33 St,2026-08-19T14:59:00,35,0,35
E 43 St & Vanderbilt Ave,2026-08-19T14:59:00,38,2,40
W 45 St & 6 Ave ,2026-08-19T14:59:00,33,2,35
W 21 St & 6 Ave,2026-08-19T14:59:00,11,34,45
8 Ave & W 31 St,2026-08-19T14:59:00,30,20,50
W 20 St & 11 Ave,2026-08-19T14:59:00,9,21,30
W 26 St & 8 Ave,2026-08-19T14:59:00,0,35,
W 17 St & 8 Ave,2026-08-19T14:59:00,24,16,40
9 Ave & W 22 St,2026-08-19T14:59:00,20,10,30
Broadway & E 14 St,2026-08-19T14:59:00,0,50,50
Lafayette  St & E 8 St,2026-08-19T14:59:00,0,45,45
E 17 St & Broadway,2026-08-19T14:59:00,0,40,40
university pl & e 14 st,2026-08-19T14:59:00,0,35,
Carmine St & 6 Ave,2026-08-19T14:59:00,0,30,30
Christopher St & Greenwich St,2026-08-19T14:59:00,0,30,30
E 7 St & Avenue A,2026-08-19T14:59:00,2,33,35
West  St & Chambers St,2026-08-19T14:59:00,45,0,45
South End Ave & Liberty St,2026-08-19T14:59:00,34,1,35
Vesey Pl & River Terrace,2026-08-19T14:59:00,40,0,40
Cleveland Pl & Spring St,2026-08-19T14:59:00,34,1,35
broadway & battery pl,2026-08-19T14:59:00,38,2,40
1 Ave and E 68 St,2026-08-19T14:59:00,1,39,40
E 72 St & York Ave,2026-08-19T14:59:00,0,35,35
Lexington Ave & E 63 St,2026-08-19T14:59:00,4,31,35
E 75 St & 3 Ave,2026-08-19T14:59:00,0,30,30
W 41 St & 8 Ave,2026-08-19T15:59:00,53,2,
Pershing Square North,2026-08-19T15:59:00,60,0,60
E 47 St & Park Ave,2026-08-19T15:59:00,38,2,40
Broadway & W 41 St,2026-08-19T15:59:00,43,2,45
W 33 St & 7 Ave,2026-08-19T15:59:00,49,1,50
6 Ave & W 33 St,2026-08-19T15:59:00,35,0,35
E 43 St & Vanderbilt Ave,2026-08-19T15:59:00,38,2,40
W 45 St & 6 Ave,2026-08-19T15:59:00,33,2,35
W 21 St & 6 Ave,2026-08-19T15:59:00,12,33,45
8 Ave & W 31 St,2026-08-19T15:59:00,30,20,50
W 20 St & 11 Ave,2026-08-19T15:59:00,9,21,30
W 26 St & 8 Ave,2026-08-19T15:59:00,0,35,35
W 17 St & 8 Ave,2026-08-19T15:59:00,24,16,40
9 Ave & W 22 St,2026-08-19T15:59:00,21,9,30
Broadway & E 14 St,2026-08-19T15:59:00,0,50,50
lafayette st & e 8 st,2026-08-19T15:59:00,1,44,45
E 17 St & Broadway,2026-08-19T15:59:00,0,40,
University Pl & E 14 St,2026-08-19T15:59:00,0,35,35
Carmine St & 6 Ave ,2026-08-19T15:59:00,0,30,30
Christopher St & Greenwich St,2026-08-19T15:59:00,0,30,30
E 7 St & Avenue A,2026-08-19T15:59:00,3,32,35
West St & Chambers St,2026-08-19T15:59:00,44,1,45
South End Ave & Liberty St,2026-08-19T15:59:00,33,2,35
Vesey Pl & River Terrace,2026-08-19T15:59:00,40,0,40
Cleveland Pl & Spring St,2026-08-19T15:59:00,34,1,35
Broadway & Battery Pl,2026-08-19T15:59:00,39,1,40
1 Ave & E 68 St,2026-08-19T15:59:00,1,39,40
E 72 St & York Ave,2026-08-19T15:59:00,1,34,35
Lexington Ave & E 63 St,2026-08-19T15:59:00,4,31,35
E 75 St & 3 Ave,2026-08-19T15:59:00,1,29,30
W 41 St & 8 Ave,2026-08-19T16:59:00,44,11,55
Pershing Square North,2026-08-19T16:59:00,48,12,60
E 47 St & Park Ave,2026-08-19T16:59:00,30,10,40
Broadway & W 41 St,2026-08-19T16:59:00,35,10,45
W 33 St & 7 Ave,2026-08-19T16:59:00,42,8,50
6 Ave & W 33 St,2026-08-19T16:59:00,28,7,
E 43 St & Vanderbilt Ave,2026-08-19T16:59:00,31,9,40
W 45 St & 6 Ave,2026-08-19T16:59:00,28,7,
W 21 St & 6 Ave,2026-08-19T16:59:00,15,30,45
8 Ave & W 31 St,2026-08-19T16:59:00,31,19,50
W 20 St & 11 Ave,2026-08-19T16:59:00,11,19,
W 26 St & 8 Ave,2026-08-19T16:59:00,4,31,35
W 17 St & 8 Ave,2026-08-19T16:59:00,24,16,40
9 Ave & W 22 St,2026-08-19T16:59:00,21,9,30
Broadway & E 14 St,2026-08-19T16:59:00,11,39,
Lafayette St & E 8 St,2026-08-19T16:59:00,8,37,45
E 17 St & Broadway,2026-08-19T16:59:00,7,33,40
University Pl & E 14 St,2026-08-19T16:59:00,10,25,35
Carmine St & 6 Ave,2026-08-19T16:59:00,6,24,30
Christopher St & Greenwich St,2026-08-19T16:59:00,6,24,30
E 7 St & Avenue A,2026-08-19T16:59:00,9,26,35
West St & Chambers St,2026-08-19T16:59:00,38,7,45
South End Ave & Liberty St,2026-08-19T16:59:00,32,3,35
Vesey Pl & River Terrace,2026-08-19T16:59:00,36,4,40
Cleveland Pl & Spring St,2026-08-19T16:59:00,27,8,
Broadway & Battery Pl,2026-08-19T16:59:00,36,4,40
1 Ave & E 68 St,2026-08-19T16:59:00,7,33,40
E 72 St & York Ave,2026-08-19T16:59:00,4,31,35
Lexington Ave & E 63 St,2026-08-19T16:59:00,10,25,35
E 75 St & 3 Ave,2026-08-19T16:59:00,3,27,30
W 41 St & 8 Ave,2026-08-19T17:59:00,29,26,55
Pershing Square North,2026-08-19T17:59:00,32,28,60
E 47 St & Park Ave,2026-08-19T17:59:00,20,20,40
Broadway & W 41 St,2026-08-19T17:59:00,22,23,45
W 33 St & 7 Ave,2026-08-19T17:59:00,30,20,
6 Ave & W 33 St,2026-08-19T17:59:00,18,17,
E 43 St & Vanderbilt Ave,2026-08-19T17:59:00,23,17,40
w 45 st & 6 ave,2026-08-19T17:59:00,19,16,35
W 21 St & 6 Ave,2026-08-19T17:59:00,19,26,45
8 Ave & W 31 St,2026-08-19T17:59:00,31,19,50
W 20 St & 11 Ave,2026-08-19T17:59:00,14,16,30
W 26 St & 8 Ave,2026-08-19T17:59:00,9,26,35
W 17 St & 8 Ave,2026-08-19T17:59:00,24,16,
9 Ave & W 22 St,2026-08-19T17:59:00,20,10,30
Broadway & E 14 St,2026-08-19T17:59:00,27,23,50
Lafayette St & E 8 St,2026-08-19T17:59:00,21,24,45
E 17 St & Broadway,2026-08-19T17:59:00,17,23,40
university pl & e 14 st,2026-08-19T17:59:00,23,12,35
Carmine St & 6 Ave,2026-08-19T17:59:00,16,14,30
Christopher St & Greenwich St,2026-08-19T17:59:00,15,15,30
E 7 St and Avenue A,2026-08-19T17:59:00,19,16,
West St & Chambers St,2026-08-19T17:59:00,30,15,45
South End Ave & Liberty St,2026-08-19T17:59:00,29,6,35
Vesey Pl & River Terrace,2026-08-19T17:59:00,31,9,40
Cleveland Pl & Spring St,2026-08-19T17:59:00,16,19,
Broadway & Battery Pl,2026-08-19T17:59:00,33,7,40
1 Ave & E 68 St,2026-08-19T17:59:00,15,25,40
e 72 st & york ave,2026-08-19T17:59:00,11,24,35
Lexington Ave & E 63 St,2026-08-19T17:59:00,19,16,
E 75 St & 3 Ave,2026-08-19T17:59:00,8,22,30
W 41 St & 8 Ave,2026-08-19T18:59:00,14,41,55
Pershing Square North,2026-08-19T18:59:00,17,43,60
E 47 St & Park Ave,2026-08-19T18:59:00,11,29,40
Broadway & W 41 St,2026-08-19T18:59:00,9,36,45
W 33 St & 7 Ave ,2026-08-19T18:59:00,19,31,50
6 Ave and W 33 St,2026-08-19T18:59:00,8,27,35
E 43 St & Vanderbilt Ave,2026-08-19T18:59:00,14,26,40
W 45 St & 6 Ave,2026-08-19T18:59:00,12,23,35
W 21 St & 6 Ave,2026-08-19T18:59:00,22,23,45
8 Ave & W 31 St,2026-08-19T18:59:00,33,17,50
W 20 St & 11 Ave,2026-08-19T18:59:00,16,14,
W 26 St & 8 Ave,2026-08-19T18:59:00,14,21,35
W 17 St & 8 Ave,2026-08-19T18:59:00,24,16,
9 Ave & W 22 St,2026-08-19T18:59:00,21,9,30
Broadway & E 14 St ,2026-08-19T18:59:00,42,8,50
Lafayette St & E 8 St,2026-08-19T18:59:00,34,11,45
E 17 St & Broadway,2026-08-19T18:59:00,28,12,40
University Pl & E 14 St,2026-08-19T18:59:00,35,0,35
Carmine St & 6 Ave,2026-08-19T18:59:00,25,5,30
Christopher St & Greenwich St,2026-08-19T18:59:00,24,6,30
E 7 St & Avenue A ,2026-08-19T18:59:00,29,6,35
West St & Chambers St,2026-08-19T18:59:00,22,23,
South End Ave & Liberty St,2026-08-19T18:59:00,26,9,35
Vesey Pl & River Terrace,2026-08-19T18:59:00,24,16,40
Cleveland Pl & Spring St,2026-08-19T18:59:00,5,30,35
Broadway & Battery Pl,2026-08-19T18:59:00,30,10,40
1 Ave & E 68 St,2026-08-19T18:59:00,21,19,
E 72 St & York Ave,2026-08-19T18:59:00,18,17,35
Lexington Ave & E 63 St,2026-08-19T18:59:00,29,6,35
e 75 st & 3 ave,2026-08-19T18:59:00,13,17,30
W 41 St & 8 Ave,2026-08-19T19:59:00,5,50,55
Pershing Square North,2026-08-19T19:59:00,7,53,60
E 47 St & Park Ave,2026-08-19T19:59:00,4,36,40
Broadway & W 41 St,2026-08-19T19:59:00,2,43,45
W 33 St & 7 Ave,2026-08-19T19:59:00,12,38,50
6 Ave & W 33 St,2026-08-19T19:59:00,2,33,35
E 43 St & Vanderbilt Ave,2026-08-19T19:59:00,7,33,40
W 45 St & 6 Ave,2026-08-19T19:59:00,6,29,35
W 21 St & 6 Ave,2026-08-19T19:59:00,24,21,45
8 Ave & W 31 St,2026-08-19T19:59:00,33,17,50
W 20 St & 11 Ave,2026-08-19T19:59:00,17,13,
W 26 St & 8 Ave,2026-08-19T19:59:00,19,16,35
W 17 St & 8 Ave,2026-08-19T19:59:00,25,15,40
9 Ave & W 22 St,2026-08-19T19:59:00,22,8,30
Broadway & E 14 St,2026-08-19T19:59:00,50,0,50
Lafayette St & E 8 St,2026-08-19T19:59:00,43,2,45
E 17 St & Broadway,2026-08-19T19:59:00,36,4,40
university pl & e 14 st,2026-08-19T19:59:00,35,0,
Carmine St & 6 Ave,2026-08-19T19:59:00,30,0,30
christopher st & greenwich st,2026-08-19T19:59:00,30,0,30
E 7 St & Avenue A,2026-08-19T19:59:00,35,0,35
West St & Chambers St,2026-08-19T19:59:00,16,29,45
South End Ave & Liberty St ,2026-08-19T19:59:00,23,12,35
Vesey Pl & River Terrace,2026-08-19T19:59:00,20,20,40
Cleveland Pl & Spring St,2026-08-19T19:59:00,0,35,35
Broadway & Battery Pl,2026-08-19T19:59:00,28,12,40
1 Ave & E 68 St,2026-08-19T19:59:00,27,13,40
E 72 St & York Ave,2026-08-19T19:59:00,22,13,35
Lexington Ave & E 63 St,2026-08-19T19:59:00,35,0,
E 75 St & 3 Ave,2026-08-19T19:59:00,16,14,30
W 41 St & 8 Ave,2026-08-19T20:59:00,6,49,55
Pershing Square North,2026-08-19T20:59:00,7,53,60
E 47 St & Park Ave,2026-08-19T20:59:00,4,36,40
Broadway & W 41 St,2026-08-19T20:59:00,4,41,45
W 33 St & 7 Ave,2026-08-19T20:59:00,13,37,50
6 Ave & W 33 St,2026-08-19T20:59:00,3,32,35
E 43 St & Vanderbilt Ave,2026-08-19T20:59:00,6,34,40
W 45 St & 6 Ave,2026-08-19T20:59:00,7,28,35
W 21 St & 6 Ave,2026-08-19T20:59:00,25,20,45
8 Ave & W 31 St,2026-08-19T20:59:00,33,17,50
W 20 St & 11 Ave,2026-08-19T20:59:00,16,14,
W 26 St & 8 Ave,2026-08-19T20:59:00,18,17,35
W 17 St & 8 Ave,2026-08-19T20:59:00,24,16,40
9 Ave & W 22 St,2026-08-19T20:59:00,21,9,30
Broadway & E 14 St,2026-08-19T20:59:00,50,0,
Lafayette St & E 8 St,2026-08-19T20:59:00,43,2,
E 17 St & Broadway,2026-08-19T20:59:00,36,4,40
University Pl & E 14 St,2026-08-19T20:59:00,35,0,35
Carmine St & 6 Ave,2026-08-19T20:59:00,30,0,30
christopher st & greenwich st,2026-08-19T20:59:00,29,1,30
E 7 St & Avenue A,2026-08-19T20:59:00,35,0,35
West St & Chambers St,2026-08-19T20:59:00,14,31,45
South End Ave & Liberty St,2026-08-19T20:59:00,23,12,35
Vesey Pl & River Terrace,2026-08-19T20:59:00,21,19,40
Cleveland Pl & Spring St,2026-08-19T20:59:00,1,34,35
Broadway & Battery Pl,2026-08-19T20:59:00,29,11,40
1 ave & e 68 st,2026-08-19T20:59:00,27,13,
E 72 St & York Ave,2026-08-19T20:59:00,21,14,35
Lexington Ave & E 63 St,2026-08-19T20:59:00,35,0,35
E 75 St & 3 Ave,2026-08-19T20:59:00,15,15,30
W 41 St & 8 Ave,2026-08-19T21:59:00,6,49,
pershing square north,2026-08-19T21:59:00,7,53,
E 47 St & Park Ave,2026-08-19T21:59:00,4,36,40
Broadway & W 41 St,2026-08-19T21:59:00,4,41,45
W 33 St & 7 Ave,2026-08-19T21:59:00,12,38,50
6 Ave & W 33 St,2026-08-19T21:59:00,3,32,35
E 43 St & Vanderbilt Ave,2026-08-19T21:59:00,6,34,40
W 45 St & 6 Ave,2026-08-19T21:59:00,8,27,35
W 21 St & 6 Ave,2026-08-19T21:59:00,25,20,45
8 Ave & W 31 St,2026-08-19T21:59:00,33,17,50
W  20 St & 11 Ave,2026-08-19T21:59:00,16,14,30
W 26 St & 8 Ave ,2026-08-19T21:59:00,19,16,35
W 17 St & 8 Ave,2026-08-19T21:59:00,23,17,40
9 Ave & W 22 St,2026-08-19T21:59:00,22,8,30
Broadway & E 14 St,2026-08-19T21:59:00,49,1,50
Lafayette St & E 8 St,2026-08-19T21:59:00,43,2,45
E 17 St & Broadway,2026-08-19T21:59:00,36,4,
University Pl & E 14 St,2026-08-19T21:59:00,35,0,35
Carmine St & 6 Ave,2026-08-19T21:59:00,30,0,30
Christopher St & Greenwich St,2026-08-19T21:59:00,28,2,30
E 7 St & Avenue A,2026-08-19T21:59:00,35,0,35
West St & Chambers St,2026-08-19T21:59:00,14,31,45
South End Ave & Liberty St,2026-08-19T21:59:00,23,12,35
vesey pl & river terrace,2026-08-19T21:59:00,21,19,40
Cleveland Pl & Spring St,2026-08-19T21:59:00,1,34,35
Broadway & Battery Pl,2026-08-19T21:59:00,29,11,40
1 Ave & E 68 St,2026-08-19T21:59:00,26,14,40
E 72 St & York Ave ,2026-08-19T21:59:00,23,12,35
Lexington Ave & E 63 St,2026-08-19T21:59:00,35,0,35
E  75 St & 3 Ave,2026-08-19T21:59:00,16,14,30
W 41 St & 8 Ave,2026-08-19T22:59:00,6,49,55
Pershing Square North,2026-08-19T22:59:00,8,52,60
E 47 St & Park Ave,2026-08-19T22:59:00,4,36,40
Broadway and W 41 St,2026-08-19T22:59:00,3,42,45
W 33 St & 7 Ave,2026-08-19T22:59:00,12,38,50
6 ave & w 33 st,2026-08-19T22:59:00,4,31,
E 43 St & Vanderbilt Ave ,2026-08-19T22:59:00,7,33,40
W 45 St & 6 Ave,2026-08-19T22:59:00,9,26,35
W 21 St & 6 Ave,2026-08-19T22:59:00,25,20,45
8 Ave & W 31 St,2026-08-19T22:59:00,33,17,50
W  20 St & 11 Ave,2026-08-19T22:59:00,17,13,30
W 26 St & 8 Ave,2026-08-19T22:59:00,19,16,35
W 17 St & 8 Ave,2026-08-19T22:59:00,22,18,40
9 Ave & W 22 St,2026-08-19T22:59:00,21,9,
broadway & e 14 st,2026-08-19T22:59:00,49,1,50
Lafayette St & E 8 St,2026-08-19T22:59:00,43,2,45
E 17 St & Broadway,2026-08-19T22:59:00,35,5,40
University Pl & E 14 St,2026-08-19T22:59:00,35,0,
Carmine St & 6 Ave,2026-08-19T22:59:00,29,1,30
christopher st & greenwich st,2026-08-19T22:59:00,29,1,
E 7 St & Avenue A,2026-08-19T22:59:00,35,0,35
West St & Chambers St ,2026-08-19T22:59:00,15,30,45
South End Ave & Liberty St,2026-08-19T22:59:00,22,13,35
Vesey Pl & River Terrace,2026-08-19T22:59:00,19,21,40
Cleveland Pl & Spring St,2026-08-19T22:59:00,1,34,35
Broadway & Battery Pl,2026-08-19T22:59:00,29,11,40
1 Ave & E 68 St,2026-08-19T22:59:00,28,12,40
E 72 St & York Ave,2026-08-19T22:59:00,23,12,35
Lexington Ave & E 63 St,2026-08-19T22:59:00,33,2,
E 75 St & 3 Ave,2026-08-19T22:59:00,17,13,30
W 41 St & 8 Ave,2026-08-19T23:59:00,6,49,55
Pershing Square North,2026-08-19T23:59:00,7,53,60
E 47 St & Park Ave,2026-08-19T23:59:00,4,36,40
broadway & w 41 st,2026-08-19T23:59:00,2,43,45
W 33 St & 7 Ave,2026-08-19T23:59:00,11,39,50
6 Ave & W 33 St,2026-08-19T23:59:00,3,32,35
E 43 St & Vanderbilt Ave,2026-08-19T23:59:00,7,33,40
W 45 St & 6 Ave,2026-08-19T23:59:00,9,26,35
W 21 St & 6 Ave,2026-08-19T23:59:00,25,20,
8 Ave & W 31 St,2026-08-19T23:59:00,33,17,50
W 20 St & 11 Ave,2026-08-19T23:59:00,17,13,30
W 26 St & 8 Ave,2026-08-19T23:59:00,19,16,35
W 17 St & 8 Ave,2026-08-19T23:59:00,22,18,40
9 ave & w 22 st,2026-08-19T23:59:00,21,9,30
Broadway & E 14 St,2026-08-19T23:59:00,48,2,50
Lafayette St & E 8 St,2026-08-19T23:59:00,43,2,45
E 17 St & Broadway,2026-08-19T23:59:00,35,5,40
University Pl & E 14 St,2026-08-19T23:59:00,35,0,35
Carmine St & 6 Ave,2026-08-19T23:59:00,30,0,30
Christopher St & Greenwich St,2026-08-19T23:59:00,28,2,30
E 7 St & Avenue A,2026-08-19T23:59:00,35,0,35
West St & Chambers St,2026-08-19T23:59:00,15,30,45
South End Ave & Liberty St,2026-08-19T23:59:00,22,13,35
Vesey Pl & River Terrace,2026-08-19T23:59:00,19,21,40
Cleveland Pl & Spring St,2026-08-19T23:59:00,0,35,
Broadway & Battery Pl,2026-08-19T23:59:00,30,10,40
1 Ave & E 68 St,2026-08-19T23:59:00,29,11,40
E 72 St & York Ave,2026-08-19T23:59:00,23,12,35
Lexington Ave & E 63 St,2026-08-19T23:59:00,33,2,35
E 75 St & 3 Ave,2026-08-19T23:59:00,15,15,30
W 41 St & 8 Ave,2026-08-20T00:59:00,7,48,
Pershing Square North,2026-08-20T00:59:00,7,53,60
E 47 St & Park Ave,2026-08-20T00:59:00,5,35,40
Broadway & W 41 St,2026-08-20T00:59:00,2,43,45
W 33 St & 7 Ave,2026-08-20T00:59:00,10,40,50
6 Ave & W 33 St ,2026-08-20T00:59:00,4,31,35
E 43 St & Vanderbilt Ave ,2026-08-20T00:59:00,8,32,40
W 45 St & 6 Ave,2026-08-20T00:59:00,10,25,35
W 21 St & 6 Ave,2026-08-20T00:59:00,25,20,45
8 Ave & W 31 St,2026-08-20T00:59:00,33,17,
W 20 St & 11 Ave,2026-08-20T00:59:00,17,13,30
W 26 St & 8 Ave,2026-08-20T00:59:00,19,16,35
W 17 St & 8 Ave,2026-08-20T00:59:00,23,17,40
9 Ave & W 22 St,2026-08-20T00:59:00,20,10,30
Broadway & E 14 St,2026-08-20T00:59:00,48,2,50
Lafayette St & E 8 St,2026-08-20T00:59:00,44,1,45
E 17 St & Broadway,2026-08-20T00:59:00,35,5,40
University Pl & E 14 St,2026-08-20T00:59:00,35,0,35
Carmine St & 6 Ave,2026-08-20T00:59:00,30,0,30
christopher st & greenwich st,2026-08-20T00:59:00,28,2,30
E 7 St & Avenue A,2026-08-20T00:59:00,34,1,35
West St & Chambers St,2026-08-20T00:59:00,15,30,45
south end ave & liberty st,2026-08-20T00:59:00,23,12,35
Vesey Pl & River Terrace ,2026-08-20T00:59:00,22,18,40
Cleveland Pl & Spring St,2026-08-20T00:59:00,0,35,35
Broadway & Battery Pl,2026-08-20T00:59:00,30,10,40
1 Ave & E 68 St,2026-08-20T00:59:00,28,12,40
E 72 St & York Ave,2026-08-20T00:59:00,23,12,35
Lexington Ave & E 63 St,2026-08-20T00:59:00,33,2,
E 75 St & 3 Ave,2026-08-20T00:59:00,16,14,30
W 41 St & 8 Ave,2026-08-20T01:59:00,8,47,55
Pershing Square North,2026-08-20T01:59:00,7,53,60
E 47 St & Park Ave,2026-08-20T01:59:00,5,35,40
Broadway & W 41 St,2026-08-20T01:59:00,1,44,45
W 33 St & 7 Ave,2026-08-20T01:59:00,10,40,50
6 Ave & W 33 St,2026-08-20T01:59:00,5,30,35
E 43 St & Vanderbilt Ave,2026-08-20T01:59:00,7,33,40
W 45 St & 6 Ave,2026-08-20T01:59:00,9,26,
W 21 St & 6 Ave,2026-08-20T01:59:00,24,21,45
8 Ave & W 31 St,2026-08-20T01:59:00,32,18,50
W 20 St & 11 Ave,2026-08-20T01:59:00,17,13,30
W  26 St & 8 Ave,2026-08-20T01:59:00,19,16,35
W 17 St & 8 Ave,2026-08-20T01:59:00,23,17,40
9 Ave & W 22 St ,2026-08-20T01:59:00,21,9,30
Broadway & E 14 St,2026-08-20T01:59:00,48,2,50
Lafayette St & E 8 St,2026-08-20T01:59:00,43,2,45
E 17 St and Broadway,2026-08-20T01:59:00,35,5,40
University Pl & E 14 St,2026-08-20T01:59:00,35,0,35
Carmine St & 6 Ave,2026-08-20T01:59:00,30,0,30
Christopher St & Greenwich St,2026-08-20T01:59:00,27,3,30
E 7 St & Avenue A,2026-08-20T01:59:00,33,2,35
West St & Chambers St,2026-08-20T01:59:00,15,30,45
South End Ave & Liberty St,2026-08-20T01:59:00,23,12,35
vesey pl & river terrace,2026-08-20T01:59:00,21,19,40
cleveland pl & spring st,2026-08-20T01:59:00,1,34,35
Broadway & Battery Pl,2026-08-20T01:59:00,30,10,40
1 Ave & E 68 St,2026-08-20T01:59:00,28,12,40
e 72 st & york ave,2026-08-20T01:59:00,22,13,35
Lexington Ave & E 63 St,2026-08-20T01:59:00,32,3,35
E 75 St & 3 Ave,2026-08-20T01:59:00,16,14,
W 41 St & 8 Ave,2026-08-20T02:59:00,8,47,55
Pershing Square North,2026-08-20T02:59:00,6,54,60
E 47 St & Park Ave,2026-08-20T02:59:00,5,35,40
Broadway & W 41 St,2026-08-20T02:59:00,0,45,45
W 33 St & 7 Ave,2026-08-20T02:59:00,10,40,50
6 Ave & W 33 St,2026-08-20T02:59:00,5,30,35
E 43 St & Vanderbilt Ave,2026-08-20T02:59:00,7,33,
W 45 St & 6 Ave,2026-08-20T02:59:00,9,26,35
W 21 St & 6 Ave ,2026-08-20T02:59:00,24,21,45
8 Ave & W 31 St,2026-08-20T02:59:00,33,17,50
W 20 St & 11 Ave,2026-08-20T02:59:00,17,13,30
W 26 St & 8 Ave ,2026-08-20T02:59:00,20,15,35
W 17 St & 8 Ave,2026-08-20T02:59:00,23,17,40
9 Ave & W 22 St,2026-08-20T02:59:00,22,8,30
Broadway & E 14 St,2026-08-20T02:59:00,48,2,50
lafayette st & e 8 st,2026-08-20T02:59:00,44,1,45
E 17 St & Broadway,2026-08-20T02:59:00,37,3,40
University Pl & E 14 St,2026-08-20T02:59:00,35,0,35
Carmine St & 6 Ave,2026-08-20T02:59:00,30,0,30
Christopher St & Greenwich St,2026-08-20T02:59:00,27,3,30
E 7 St & Avenue A,2026-08-20T02:59:00,34,1,
West St & Chambers St,2026-08-20T02:59:00,16,29,45
South End Ave & Liberty St,2026-08-20T02:59:00,24,11,35
Vesey Pl & River Terrace,2026-08-20T02:59:00,21,19,40
Cleveland Pl & Spring St,2026-08-20T02:59:00,1,34,35
Broadway & Battery Pl,2026-08-20T02:59:00,30,10,40
1 Ave & E 68 St ,2026-08-20T02:59:00,27,13,40
E 72 St & York Ave,2026-08-20T02:59:00,22,13,35
Lexington Ave & E 63 St,2026-08-20T02:59:00,33,2,35
E 75 St & 3 Ave,2026-08-20T02:59:00,15,15,30
W 41 St & 8 Ave,2026-08-20T03:59:00,26,29,55
Pershing Square North,2026-08-20T03:59:00,24,36,60
E 47 St & Park Ave,2026-08-20T03:59:00,18,22,
Broadway & W 41 St,2026-08-20T03:59:00,20,25,45
W 33 St & 7 Ave,2026-08-20T03:59:00,29,21,50
6 Ave & W 33 St,2026-08-20T03:59:00,16,19,35
E 43 St & Vanderbilt Ave,2026-08-20T03:59:00,18,22,40
W 45 St & 6 Ave,2026-08-20T03:59:00,19,16,35
W 21 St & 6 Ave,2026-08-20T03:59:00,23,22,45
8 Ave & W 31 St,2026-08-20T03:59:00,21,29,50
W 20 St & 11 Ave,2026-08-20T03:59:00,17,13,30
W 26 St & 8 Ave,2026-08-20T03:59:00,17,18,35
W 17 St & 8 Ave,2026-08-20T03:59:00,25,15,40
9 Ave & W 22 St,2026-08-20T03:59:00,14,16,30
Broadway & E 14 St,2026-08-20T03:59:00,24,26,
Lafayette St & E 8 St,2026-08-20T03:59:00,23,22,45
E 17 St & Broadway,2026-08-20T03:59:00,23,17,40
university pl & e 14 st,2026-08-20T03:59:00,20,15,35
Carmine St & 6 Ave,2026-08-20T03:59:00,14,16,30
Christopher St and Greenwich St,2026-08-20T03:59:00,16,14,30
E 7 St & Avenue A,2026-08-20T03:59:00,17,18,35
West St & Chambers St,2026-08-20T03:59:00,25,20,45
South End Ave & Liberty St,2026-08-20T03:59:00,17,18,35
vesey pl & river terrace,2026-08-20T03:59:00,18,22,40
Cleveland Pl & Spring St,2026-08-20T03:59:00,18,17,35
Broadway & Battery Pl,2026-08-20T03:59:00,21,19,40
1 Ave & E 68 St,2026-08-20T03:59:00,16,24,
E 72 St & York Ave,2026-08-20T03:59:00,23,12,35
Lexington Ave & E 63 St,2026-08-20T03:59:00,17,18,35
E 75 St & 3 Ave,2026-08-20T03:59:00,13,17,30
W 41 St & 8 Ave,2026-08-20T04:59:00,28,27,55
Pershing  Square North,2026-08-20T04:59:00,24,36,
E 47 St & Park Ave,2026-08-20T04:59:00,18,22,40
Broadway & W 41 St,2026-08-20T04:59:00,20,25,45
W 33 St & 7 Ave,2026-08-20T04:59:00,28,22,
6 Ave & W 33 St,2026-08-20T04:59:00,16,19,
E 43 St & Vanderbilt Ave,2026-08-20T04:59:00,17,23,
W 45 St & 6 Ave,2026-08-20T04:59:00,19,16,35
W 21 St & 6 Ave,2026-08-20T04:59:00,22,23,45
8 ave & w 31 st,2026-08-20T04:59:00,20,30,50
W 20 St & 11 Ave,2026-08-20T04:59:00,19,11,30
W 26 St & 8 Ave,2026-08-20T04:59:00,19,16,35
W 17 St & 8 Ave,2026-08-20T04:59:00,24,16,40
9 Ave & W 22 St,2026-08-20T04:59:00,13,17,
Broadway & E 14 St,2026-08-20T04:59:00,25,25,50
lafayette st & e 8 st,2026-08-20T04:59:00,21,24,45
E 17 St & Broadway,2026-08-20T04:59:00,22,18,40
University Pl & E 14 St,2026-08-20T04:59:00,21,14,35
Carmine St & 6 Ave,2026-08-20T04:59:00,14,16,30
Christopher  St & Greenwich St,2026-08-20T04:59:00,19,11,30
E 7 St & Avenue A,2026-08-20T04:59:00,16,19,35
West St & Chambers St,2026-08-20T04:59:00,25,20,45
South End Ave & Liberty St,2026-08-20T04:59:00,15,20,
vesey pl & river terrace,2026-08-20T04:59:00,18,22,40
Cleveland Pl & Spring St,2026-08-20T04:59:00,19,16,35
broadway & battery pl,2026-08-20T04:59:00,20,20,40
1 Ave & E 68 St,2026-08-20T04:59:00,16,24,40
E 72 St & York Ave,2026-08-20T04:59:00,22,13,35
Lexington Ave & E 63 St ,2026-08-20T04:59:00,17,18,35
E 75 St & 3 Ave,2026-08-20T04:59:00,13,17,30
W 41 St & 8 Ave,2026-08-20T05:59:00,28,27,55
Pershing Square North,2026-08-20T05:59:00,26,34,
E 47 St & Park Ave,2026-08-20T05:59:00,18,22,40
Broadway & W 41 St,2026-08-20T05:59:00,20,25,45
W 33 St & 7 Ave,2026-08-20T05:59:00,29,21,50
6 Ave & W 33 St,2026-08-20T05:59:00,16,19,35
E 43 St & Vanderbilt Ave ,2026-08-20T05:59:00,17,23,40
W  45 St & 6 Ave,2026-08-20T05:59:00,18,17,35
W 21 St & 6 Ave,2026-08-20T05:59:00,22,23,45
8 Ave & W 31 St,2026-08-20T05:59:00,20,30,50
W 20 St & 11 Ave,2026-08-20T05:59:00,18,12,30
W 26 St & 8 Ave,2026-08-20T05:59:00,19,16,35
W 17 St & 8 Ave,2026-08-20T05:59:00,24,16,40
9 Ave & W 22 St,2026-08-20T05:59:00,13,17,30
Broadway & E 14 St,2026-08-20T05:59:00,25,25,50
Lafayette St & E 8 St,2026-08-20T05:59:00,21,24,45
E 17 St & Broadway,2026-08-20T05:59:00,24,16,40
University Pl & E 14 St,2026-08-20T05:59:00,21,14,35
Carmine St & 6 Ave,2026-08-20T05:59:00,14,16,30
Christopher St & Greenwich St,2026-08-20T05:59:00,19,11,30
E 7 St & Avenue A,2026-08-20T05:59:00,15,20,35
West St & Chambers St,2026-08-20T05:59:00,25,20,45
South End Ave & Liberty St,2026-08-20T05:59:00,15,20,35
vesey pl & river terrace,2026-08-20T05:59:00,18,22,40
Cleveland Pl & Spring St,2026-08-20T05:59:00,18,17,35
Broadway & Battery Pl,2026-08-20T05:59:00,19,21,40
1 Ave & E 68 St,2026-08-20T05:59:00,15,25,40
E 72 St & York Ave,2026-08-20T05:59:00,23,12,35
Lexington Ave & E 63 St,2026-08-20T05:59:00,17,18,35
E 75 St & 3 Ave,2026-08-20T05:59:00,12,18,30
W 41 St & 8 Ave,2026-08-20T06:59:00,37,18,55
Pershing Square North,2026-08-20T06:59:00,36,24,60
E 47 St & Park Ave,2026-08-20T06:59:00,23,17,
Broadway & W 41 St,2026-08-20T06:59:00,28,17,45
W 33 St & 7 Ave,2026-08-20T06:59:00,33,17,
6 Ave & W 33 St,2026-08-20T06:59:00,23,12,35
E 43 St & Vanderbilt Ave,2026-08-20T06:59:00,23,17,40
W 45 St & 6 Ave,2026-08-20T06:59:00,22,13,35
W 21 St & 6 Ave,2026-08-20T06:59:00,21,24,
8 Ave & W 31 St,2026-08-20T06:59:00,20,30,50
W 20 St & 11 Ave,2026-08-20T06:59:00,18,12,30
W 26 St & 8 Ave,2026-08-20T06:59:00,17,18,35
W 17 St & 8 Ave,2026-08-20T06:59:00,24,16,40
9 Ave & W 22 St,2026-08-20T06:59:00,15,15,30
Broadway & E 14 St,2026-08-20T06:59:00,14,36,50
Lafayette St & E 8 St,2026-08-20T06:59:00,12,33,45
E 17 St & Broadway,2026-08-20T06:59:00,16,24,40
University Pl & E 14 St,2026-08-20T06:59:00,13,22,35
Carmine St & 6 Ave,2026-08-20T06:59:00,7,23,
Christopher St & Greenwich St,2026-08-20T06:59:00,13,17,
E 7 St & Avenue A,2026-08-20T06:59:00,8,27,
West St & Chambers St,2026-08-20T06:59:00,29,16,45
South End Ave & Liberty St,2026-08-20T06:59:00,17,18,35
Vesey Pl & River Terrace,2026-08-20T06:59:00,22,18,40
Cleveland Pl & Spring St,2026-08-20T06:59:00,25,10,35
Broadway & Battery Pl,2026-08-20T06:59:00,22,18,40
1 Ave & E 68 St,2026-08-20T06:59:00,10,30,40
E 72 St & York Ave,2026-08-20T06:59:00,18,17,35
Lexington Ave & E 63 St,2026-08-20T06:59:00,9,26,35
E 75 St & 3 Ave,2026-08-20T06:59:00,9,21,30
W 41 St & 8 Ave,2026-08-20T07:59:00,55,0,55
Pershing Square North,2026-08-20T07:59:00,60,0,60
E 47 St & Park Ave,2026-08-20T07:59:00,40,0,40
Broadway & W 41 St,2026-08-20T07:59:00,45,0,45
W 33 St & 7 Ave,2026-08-20T07:59:00,50,0,50
6 Ave & W 33 St,2026-08-20T07:59:00,35,0,35
E 43 St & Vanderbilt Ave,2026-08-20T07:59:00,40,0,40
W 45 St & 6 Ave,2026-08-20T07:59:00,35,0,35
W 21 St & 6 Ave,2026-08-20T07:59:00,19,26,45
8 Ave & W 31 St,2026-08-20T07:59:00,21,29,50
W 20 St & 11 Ave,2026-08-20T07:59:00,15,15,30
W 26 St & 8 Ave,2026-08-20T07:59:00,12,23,
W 17 St & 8 Ave,2026-08-20T07:59:00,24,16,40
9 Ave & W 22 St,2026-08-20T07:59:00,16,14,30
Broadway & E 14 St,2026-08-20T07:59:00,0,50,50
Lafayette St & E 8 St,2026-08-20T07:59:00,0,45,45
E 17 St & Broadway,2026-08-20T07:59:00,0,40,40
University Pl & E 14 St,2026-08-20T07:59:00,0,35,35
Carmine St & 6 Ave,2026-08-20T07:59:00,0,30,30
Christopher St & Greenwich St,2026-08-20T07:59:00,0,30,30
E 7 St & Avenue A,2026-08-20T07:59:00,0,35,
West St & Chambers St,2026-08-20T07:59:00,45,0,45
South End Ave & Liberty St,2026-08-20T07:59:00,23,12,35
Vesey Pl & River Terrace,2026-08-20T07:59:00,34,6,40
Cleveland Pl & Spring St,2026-08-20T07:59:00,35,0,35
Broadway & Battery Pl,2026-08-20T07:59:00,28,12,40
1 Ave & E 68 St ,2026-08-20T07:59:00,0,40,40
E 72 St & York Ave,2026-08-20T07:59:00,4,31,35
lexington ave & e 63 st,2026-08-20T07:59:00,0,35,35
E 75 St & 3 Ave,2026-08-20T07:59:00,0,30,30
W 41 St & 8 Ave,2026-08-20T08:59:00,55,0,55
Pershing Square North,2026-08-20T08:59:00,60,0,60
E  47 St & Park Ave,2026-08-20T08:59:00,40,0,40
Broadway & W 41 St,2026-08-20T08:59:00,45,0,45
W 33 St & 7 Ave,2026-08-20T08:59:00,50,0,50
6 Ave & W 33 St,2026-08-20T08:59:00,35,0,35
E 43 St and Vanderbilt Ave,2026-08-20T08:59:00,40,0,40
W 45 St & 6 Ave,2026-08-20T08:59:00,35,0,35
W 21 St & 6 Ave,2026-08-20T08:59:00,15,30,45
8 Ave & W 31 St,2026-08-20T08:59:00,21,29,50
W 20 St & 11 Ave,2026-08-20T08:59:00,13,17,30
W 26 St & 8 Ave ,2026-08-20T08:59:00,6,29,35
W 17 St & 8 Ave,2026-08-20T08:59:00,25,15,40
9 Ave & W 22 St,2026-08-20T08:59:00,17,13,30
Broadway & E 14 St,2026-08-20T08:59:00,0,50,50
Lafayette St & E 8 St,2026-08-20T08:59:00,0,45,45
E 17 St & Broadway,2026-08-20T08:59:00,0,40,40
University Pl & E 14 St,2026-08-20T08:59:00,0,35,
Carmine St & 6 Ave,2026-08-20T08:59:00,0,30,30
Christopher St & Greenwich St,2026-08-20T08:59:00,0,30,30
E 7 St & Avenue A,2026-08-20T08:59:00,0,35,35
West St & Chambers St ,2026-08-20T08:59:00,45,0,45
South End Ave & Liberty St,2026-08-20T08:59:00,29,6,35
Vesey Pl & River Terrace,2026-08-20T08:59:00,40,0,
Cleveland Pl & Spring St,2026-08-20T08:59:00,35,0,35
Broadway & Battery Pl,2026-08-20T08:59:00,36,4,40
1 Ave & E 68 St,2026-08-20T08:59:00,0,40,40
E 72 St & York Ave,2026-08-20T08:59:00,0,35,35
Lexington Ave & E 63 St,2026-08-20T08:59:00,0,35,35
E 75 St & 3 Ave,2026-08-20T08:59:00,0,30,30
W 41 St & 8 Ave,2026-08-20T09:59:00,55,0,55
Pershing Square North,2026-08-20T09:59:00,60,0,60
E 47 St & Park Ave,2026-08-20T09:59:00,40,0,40
Broadway & W 41 St,2026-08-20T09:59:00,45,0,45
W 33 St & 7 Ave,2026-08-20T09:59:00,50,0,50
6 Ave & W 33 St,2026-08-20T09:59:00,35,0,35
E 43 St & Vanderbilt Ave,2026-08-20T09:59:00,40,0,40
W 45 St & 6 Ave,2026-08-20T09:59:00,35,0,35
W 21 St & 6 Ave,2026-08-20T09:59:00,13,32,45
8 Ave & W 31 St,2026-08-20T09:59:00,22,28,50
W 20 St & 11 Ave,2026-08-20T09:59:00,12,18,30
W 26 St & 8 Ave,2026-08-20T09:59:00,3,32,35
W 17 St & 8 Ave,2026-08-20T09:59:00,25,15,40
9 Ave & W 22 St,2026-08-20T09:59:00,18,12,30
Broadway & E 14 St,2026-08-20T09:59:00,0,50,50
Lafayette St & E 8 St,2026-08-20T09:59:00,0,45,
E 17 St & Broadway,2026-08-20T09:59:00,0,40,40
University Pl & E 14 St,2026-08-20T09:59:00,0,35,35
Carmine St & 6 Ave,2026-08-20T09:59:00,0,30,30
Christopher St & Greenwich St,2026-08-20T09:59:00,0,30,30
E 7 St & Avenue A,2026-08-20T09:59:00,0,35,35
West St & Chambers St,2026-08-20T09:59:00,45,0,45
south end ave & liberty st,2026-08-20T09:59:00,34,1,35
Vesey Pl and River Terrace,2026-08-20T09:59:00,40,0,40
Cleveland Pl & Spring St,2026-08-20T09:59:00,35,0,35
Broadway & Battery Pl,2026-08-20T09:59:00,39,1,40
1 Ave & E 68 St,2026-08-20T09:59:00,0,40,40
e 72 st & york ave,2026-08-20T09:59:00,0,35,35
Lexington Ave & E 63 St,2026-08-20T09:59:00,0,35,35
E 75 St & 3 Ave,2026-08-20T09:59:00,0,30,
W 41 St & 8 Ave,2026-08-20T10:59:00,55,0,55
Pershing Square North,2026-08-20T10:59:00,60,0,60
E 47 St & Park Ave,2026-08-20T10:59:00,40,0,40
Broadway & W 41 St,2026-08-20T10:59:00,45,0,45
W 33 St & 7 Ave,2026-08-20T10:59:00,50,0,50
6 Ave & W 33 St,2026-08-20T10:59:00,34,1,35
E 43 St & Vanderbilt Ave,2026-08-20T10:59:00,39,1,
W 45 St & 6 Ave,2026-08-20T10:59:00,35,0,35
W 21 St & 6 Ave,2026-08-20T10:59:00,14,31,
8 Ave & W 31 St,2026-08-20T10:59:00,22,28,50
W 20 St & 11 Ave ,2026-08-20T10:59:00,12,18,30
W 26 St & 8 Ave,2026-08-20T10:59:00,3,32,35
W 17 St & 8 Ave,2026-08-20T10:59:00,25,15,40
9 Ave & W 22 St,2026-08-20T10:59:00,18,12,30
Broadway & E 14 St,2026-08-20T10:59:00,0,50,50
Lafayette St & E 8 St ,2026-08-20T10:59:00,0,45,45
E 17 St & Broadway,2026-08-20T10:59:00,0,40,40
University Pl & E 14 St,2026-08-20T10:59:00,1,34,35
Carmine St & 6 Ave,2026-08-20T10:59:00,0,30,30
Christopher St & Greenwich St,2026-08-20T10:59:00,0,30,30
E 7 St & Avenue A,2026-08-20T10:59:00,0,35,35
West St & Chambers St,2026-08-20T10:59:00,44,1,45
south end ave & liberty st,2026-08-20T10:59:00,33,2,35
Vesey Pl & River Terrace ,2026-08-20T10:59:00,40,0,40
Cleveland Pl & Spring St,2026-08-20T10:59:00,33,2,35
Broadway & Battery Pl,2026-08-20T10:59:00,39,1,40
1 ave & e 68 st,2026-08-20T10:59:00,0,40,40
E 72 St & York Ave,2026-08-20T10:59:00,0,35,35
Lexington Ave & E 63 St,2026-08-20T10:59:00,1,34,
E 75 St & 3 Ave,2026-08-20T10:59:00,1,29,30
W 41 St & 8 Ave,2026-08-20T11:59:00,55,0,55
Pershing Square North,2026-08-20T11:59:00,60,0,60
E 47 St & Park Ave,2026-08-20T11:59:00,40,0,
Broadway & W 41 St,2026-08-20T11:59:00,45,0,45
W 33 St & 7 Ave,2026-08-20T11:59:00,50,0,50
6 Ave & W 33 St,2026-08-20T11:59:00,35,0,35
E 43 St & Vanderbilt Ave,2026-08-20T11:59:00,39,1,40
W 45 St & 6 Ave,2026-08-20T11:59:00,35,0,35
W 21 St & 6 Ave,2026-08-20T11:59:00,15,30,45
8 ave & w 31 st,2026-08-20T11:59:00,21,29,50
W 20 St & 11 Ave,2026-08-20T11:59:00,13,17,30
W 26 St & 8 Ave,2026-08-20T11:59:00,3,32,35
W 17 St & 8 Ave,2026-08-20T11:59:00,24,16,
9 Ave & W 22 St,2026-08-20T11:59:00,18,12,30
Broadway & E 14 St,2026-08-20T11:59:00,1,49,
Lafayette St & E 8 St,2026-08-20T11:59:00,1,44,45
E 17 St & Broadway,2026-08-20T11:59:00,0,40,40
University Pl & E 14 St,2026-08-20T11:59:00,0,35,35
Carmine St & 6 Ave,2026-08-20T11:59:00,0,30,30
Christopher St & Greenwich St,2026-08-20T11:59:00,0,30,30
E 7 St & Avenue A,2026-08-20T11:59:00,0,35,35
West St & Chambers St,2026-08-20T11:59:00,44,1,45
South End Ave & Liberty St,2026-08-20T11:59:00,33,2,35
Vesey Pl & River Terrace,2026-08-20T11:59:00,40,0,40
Cleveland  Pl & Spring St,2026-08-20T11:59:00,33,2,35
Broadway  & Battery Pl,2026-08-20T11:59:00,40,0,40
1 Ave & E 68 St,2026-08-20T11:59:00,1,39,40
E 72 St & York Ave,2026-08-20T11:59:00,0,35,35
Lexington Ave & E 63 St,2026-08-20T11:59:00,1,34,35
E 75 St & 3 Ave,2026-08-20T11:59:00,0,30,30
W 41 St & 8 Ave,2026-08-20T12:59:00,55,0,55
pershing square north,2026-08-20T12:59:00,59,1,60
E 47 St & Park Ave,2026-08-20T12:59:00,39,1,40
Broadway & W 41 St,2026-08-20T12:59:00,45,0,45
W 33 St & 7 Ave,2026-08-20T12:59:00,50,0,50
6 Ave & W 33 St,2026-08-20T12:59:00,35,0,35
E 43 St & Vanderbilt Ave,2026-08-20T12:59:00,38,2,40
W 45 St & 6 Ave ,2026-08-20T12:59:00,35,0,35
W 21 St & 6 Ave,2026-08-20T12:59:00,16,29,45
8 Ave & W 31 St,2026-08-20T12:59:00,23,27,
W 20 St & 11 Ave,2026-08-20T12:59:00,14,16,30
w 26 st & 8 ave,2026-08-20T12:59:00,4,31,35
W 17 St & 8 Ave,2026-08-20T12:59:00,25,15,40
9 Ave & W 22 St,2026-08-20T12:59:00,18,12,30
Broadway & E 14 St,2026-08-20T12:59:00,1,49,50
Lafayette St & E 8 St,2026-08-20T12:59:00,1,44,45
E 17 St & Broadway,2026-08-20T12:59:00,0,40,40
University Pl & E 14 St,2026-08-20T12:59:00,0,35,35
Carmine St & 6 Ave,2026-08-20T12:59:00,0,30,30
christopher st & greenwich st,2026-08-20T12:59:00,0,30,30
E 7 St & Avenue A,2026-08-20T12:59:00,1,34,35
West St & Chambers St,2026-08-20T12:59:00,45,0,45
South End Ave & Liberty St,2026-08-20T12:59:00,33,2,35
Vesey Pl & River Terrace,2026-08-20T12:59:00,40,0,40
Cleveland Pl & Spring St,2026-08-20T12:59:00,33,2,
Broadway & Battery Pl,2026-08-20T12:59:00,40,0,40
1 Ave & E 68 St,2026-08-20T12:59:00,1,39,40
E 72 St & York Ave,2026-08-20T12:59:00,1,34,35
Lexington Ave & E 63 St,2026-08-20T12:59:00,1,34,35
E 75 St & 3 Ave,2026-08-20T12:59:00,0,30,
w 41 st & 8 ave,2026-08-20T13:59:00,55,0,55
Pershing Square North,2026-08-20T13:59:00,58,2,60
E 47 St & Park Ave,2026-08-20T13:59:00,39,1,40
Broadway & W 41 St,2026-08-20T13:59:00,44,1,45
W 33 St and 7 Ave,2026-08-20T13:59:00,50,0,50
6 Ave & W 33 St,2026-08-20T13:59:00,35,0,35
E 43 St & Vanderbilt Ave,2026-08-20T13:59:00,38,2,40
W 45 St & 6 Ave,2026-08-20T13:59:00,35,0,35
W 21 St & 6 Ave,2026-08-20T13:59:00,15,30,45
8 Ave & W 31 St,2026-08-20T13:59:00,23,27,
W 20 St & 11 Ave,2026-08-20T13:59:00,13,17,30
W 26 St & 8 Ave,2026-08-20T13:59:00,4,31,35
W 17 St & 8 Ave,2026-08-20T13:59:00,26,14,40
9 Ave & W 22 St,2026-08-20T13:59:00,17,13,30
Broadway & E 14 St,2026-08-20T13:59:00,1,49,50
Lafayette St & E 8 St,2026-08-20T13:59:00,1,44,45
E 17 St & Broadway,2026-08-20T13:59:00,0,40,40
University Pl & E 14 St,2026-08-20T13:59:00,0,35,
Carmine St & 6 Ave,2026-08-20T13:59:00,1,29,30
Christopher St & Greenwich St,2026-08-20T13:59:00,1,29,30
E 7 St & Avenue A,2026-08-20T13:59:00,0,35,35
West St & Chambers St,2026-08-20T13:59:00,45,0,45
South End Ave & Liberty St,2026-08-20T13:59:00,32,3,35
Vesey Pl & River Terrace,2026-08-20T13:59:00,39,1,40
Cleveland Pl & Spring St,2026-08-20T13:59:00,34,1,35
broadway & battery pl,2026-08-20T13:59:00,40,0,40
1  Ave & E 68 St,2026-08-20T13:59:00,0,40,40
E 72 St & York Ave,2026-08-20T13:59:00,1,34,35
Lexington Ave & E 63 St,2026-08-20T13:59:00,2,33,35
E 75 St & 3 Ave,2026-08-20T13:59:00,0,30,30
W 41 St & 8 Ave,2026-08-20T14:59:00,54,1,55
Pershing Square North ,2026-08-20T14:59:00,58,2,60
E 47 St & Park Ave,2026-08-20T14:59:00,39,1,40
Broadway & W 41 St,2026-08-20T14:59:00,44,1,
W 33 St & 7 Ave,2026-08-20T14:59:00,50,0,50
6 Ave and W 33 St,2026-08-20T14:59:00,35,0,
e 43 st & vanderbilt ave,2026-08-20T14:59:00,38,2,40
w 45 st & 6 ave,2026-08-20T14:59:00,35,0,35
W 21 St & 6 Ave,2026-08-20T14:59:00,16,29,45
8 Ave & W 31 St,2026-08-20T14:59:00,22,28,50
W 20 St and 11 Ave,2026-08-20T14:59:00,13,17,30
W 26 St & 8 Ave,2026-08-20T14:59:00,4,31,
W 17 St & 8 Ave,2026-08-20T14:59:00,26,14,40
9 Ave & W 22 St,2026-08-20T14:59:00,17,13,30
Broadway & E 14 St,2026-08-20T14:59:00,0,50,50
Lafayette St & E 8 St,2026-08-20T14:59:00,2,43,45
E 17 St & Broadway,2026-08-20T14:59:00,1,39,40
University Pl & E 14 St,2026-08-20T14:59:00,0,35,35
Carmine St & 6 Ave,2026-08-20T14:59:00,1,29,
Christopher St & Greenwich St,2026-08-20T14:59:00,0,30,30
e 7 st & avenue a,2026-08-20T14:59:00,0,35,35
West St & Chambers St,2026-08-20T14:59:00,44,1,45
South End Ave & Liberty St,2026-08-20T14:59:00,32,3,35
Vesey  Pl & River Terrace,2026-08-20T14:59:00,39,1,40
Cleveland Pl & Spring St,2026-08-20T14:59:00,35,0,35
Broadway & Battery Pl,2026-08-20T14:59:00,40,0,40
1 Ave & E 68 St,2026-08-20T14:59:00,0,40,
E 72 St & York Ave,2026-08-20T14:59:00,1,34,
Lexington Ave & E 63 St,2026-08-20T14:59:00,1,34,35
E 75 St & 3 Ave,2026-08-20T14:59:00,0,30,30
W 41 St & 8 Ave,2026-08-20T15:59:00,55,0,55
Pershing Square North,2026-08-20T15:59:00,57,3,60
E 47 St & Park Ave,2026-08-20T15:59:00,39,1,40
Broadway & W 41 St,2026-08-20T15:59:00,43,2,45
W 33 St & 7 Ave,2026-08-20T15:59:00,50,0,50
6 Ave & W 33 St,2026-08-20T15:59:00,35,0,35
E 43 St & Vanderbilt Ave,2026-08-20T15:59:00,37,3,40
W 45 St & 6 Ave,2026-08-20T15:59:00,35,0,35
W 21 St & 6 Ave,2026-08-20T15:59:00,16,29,45
8 Ave & W 31 St,2026-08-20T15:59:00,22,28,50
W 20 St & 11 Ave,2026-08-20T15:59:00,13,17,30
W 26 St & 8 Ave,2026-08-20T15:59:00,3,32,35
W 17 St & 8 Ave,2026-08-20T15:59:00,25,15,40
9 Ave & W 22 St,2026-08-20T15:59:00,16,14,30
Broadway & E 14 St,2026-08-20T15:59:00,1,49,50
Lafayette St & E 8 St,2026-08-20T15:59:00,2,43,45
E 17 St & Broadway,2026-08-20T15:59:00,2,38,40
University Pl & E 14 St,2026-08-20T15:59:00,0,35,35
Carmine St & 6 Ave,2026-08-20T15:59:00,0,30,30
Christopher St & Greenwich St,2026-08-20T15:59:00,0,30,30
E 7 St & Avenue A,2026-08-20T15:59:00,0,35,35
West St & Chambers St,2026-08-20T15:59:00,44,1,45
South End Ave and Liberty St,2026-08-20T15:59:00,32,3,35
Vesey Pl & River Terrace,2026-08-20T15:59:00,38,2,40
Cleveland Pl & Spring St,2026-08-20T15:59:00,35,0,35
Broadway & Battery Pl,2026-08-20T15:59:00,39,1,40
1 Ave & E 68 St,2026-08-20T15:59:00,0,40,40
E 72 St & York Ave,2026-08-20T15:59:00,2,33,
Lexington Ave & E 63 St,2026-08-20T15:59:00,1,34,35
E 75 St & 3 Ave,2026-08-20T15:59:00,0,30,30
W 41 St & 8 Ave,2026-08-20T16:59:00,48,7,55
Pershing Square North,2026-08-20T16:59:00,48,12,60
E 47 St & Park Ave,2026-08-20T16:59:00,35,5,40
Broadway & W 41 St,2026-08-20T16:59:00,37,8,45
W 33 St & 7 Ave,2026-08-20T16:59:00,45,5,50
6  Ave & W 33 St,2026-08-20T16:59:00,30,5,35
E 43 St & Vanderbilt Ave,2026-08-20T16:59:00,33,7,40
W 45 St & 6 Ave,2026-08-20T16:59:00,30,5,35
W 21 St & 6 Ave,2026-08-20T16:59:00,19,26,45
8 Ave & W 31 St,2026-08-20T16:59:00,22,28,50
W 20 St & 11 Ave,2026-08-20T16:59:00,15,15,30
W 26 St & 8 Ave,2026-08-20T16:59:00,5,30,35
W 17 St & 8 Ave,2026-08-20T16:59:00,25,15,40
9 Ave & W 22 St,2026-08-20T16:59:00,15,15,30
Broadway & E 14 St,2026-08-20T16:59:00,9,41,50
Lafayette St and E 8 St,2026-08-20T16:59:00,9,36,45
E 17 St & Broadway,2026-08-20T16:59:00,7,33,40
university pl & e 14 st,2026-08-20T16:59:00,6,29,35
Carmine St & 6 Ave,2026-08-20T16:59:00,5,25,30
christopher st & greenwich st,2026-08-20T16:59:00,5,25,30
E 7 St & Avenue A,2026-08-20T16:59:00,5,30,35
west st & chambers st,2026-08-20T16:59:00,40,5,45
South End Ave & Liberty St,2026-08-20T16:59:00,31,4,35
Vesey Pl & River Terrace,2026-08-20T16:59:00,35,5,40
Cleveland Pl & Spring St,2026-08-20T16:59:00,29,6,35
Broadway & Battery Pl,2026-08-20T16:59:00,38,2,40
1 Ave & E 68 St,2026-08-20T16:59:00,5,35,
E 72 St & York Ave,2026-08-20T16:59:00,5,30,
Lexington Ave & E 63 St,2026-08-20T16:59:00,6,29,35
E 75 St & 3 Ave,2026-08-20T16:59:00,4,26,30
W 41 St & 8 Ave,2026-08-20T17:59:00,34,21,55
pershing square north,2026-08-20T17:59:00,33,27,60
E 47 St & Park Ave,2026-08-20T17:59:00,26,14,40
Broadway & W 41 St,2026-08-20T17:59:00,23,22,45
W 33 St & 7 Ave,2026-08-20T17:59:00,33,17,50
6 Ave & W 33 St,2026-08-20T17:59:00,19,16,35
E 43 St & Vanderbilt Ave,2026-08-20T17:59:00,23,17,40
W 45 St & 6 Ave,2026-08-20T17:59:00,23,12,35
W 21 St & 6 Ave,2026-08-20T17:59:00,23,22,45
8 Ave & W 31 St,2026-08-20T17:59:00,22,28,50
W 20 St & 11 Ave ,2026-08-20T17:59:00,18,12,30
W 26 St & 8 Ave,2026-08-20T17:59:00,9,26,35
W 17 St & 8 Ave,2026-08-20T17:59:00,25,15,40
9 Ave & W 22 St,2026-08-20T17:59:00,14,16,30
Broadway & E 14 St,2026-08-20T17:59:00,26,24,50
lafayette st & e 8 st,2026-08-20T17:59:00,21,24,45
E 17 St & Broadway,2026-08-20T17:59:00,18,22,40
University Pl & E 14 St,2026-08-20T17:59:00,20,15,35
Carmine St and 6 Ave,2026-08-20T17:59:00,15,15,30
Christopher St & Greenwich St,2026-08-20T17:59:00,15,15,30
E 7 St & Avenue A,2026-08-20T17:59:00,16,19,35
West St & Chambers St,2026-08-20T17:59:00,31,14,45
South End Ave & Liberty St,2026-08-20T17:59:00,28,7,35
Vesey Pl & River Terrace,2026-08-20T17:59:00,29,11,40
Cleveland Pl & Spring St,2026-08-20T17:59:00,18,17,35
broadway & battery pl,2026-08-20T17:59:00,34,6,
1 Ave & E 68 St,2026-08-20T17:59:00,13,27,40
E 72 St & York Ave ,2026-08-20T17:59:00,13,22,35
Lexington Ave & E 63 St ,2026-08-20T17:59:00,17,18,35
E 75 St & 3 Ave,2026-08-20T17:59:00,8,22,30
W 41 St and 8 Ave,2026-08-20T18:59:00,17,38,55
Pershing Square North,2026-08-20T18:59:00,14,46,60
E 47 St & Park Ave,2026-08-20T18:59:00,14,26,40
Broadway & W 41 St,2026-08-20T18:59:00,7,38,45
W 33 St & 7 Ave ,2026-08-20T18:59:00,21,29,50
6  Ave & W 33 St,2026-08-20T18:59:00,7,28,35
E 43 St & Vanderbilt Ave,2026-08-20T18:59:00,12,28,
W 45 St & 6 Ave ,2026-08-20T18:59:00,15,20,35
W 21 St & 6 Ave,2026-08-20T18:59:00,27,18,45
8 Ave & W 31 St,2026-08-20T18:59:00,23,27,50
W 20 St & 11 Ave,2026-08-20T18:59:00,20,10,30
W 26 St & 8 Ave,2026-08-20T18:59:00,15,20,35
W 17 St & 8 Ave,2026-08-20T18:59:00,24,16,40
9 Ave & W 22 St,2026-08-20T18:59:00,15,15,30
broadway & e 14 st,2026-08-20T18:59:00,45,5,50
Lafayette St & E 8 St ,2026-08-20T18:59:00,36,9,45
E 17 St & Broadway ,2026-08-20T18:59:00,32,8,40
university pl & e 14 st,2026-08-20T18:59:00,35,0,35
Carmine St & 6 Ave,2026-08-20T18:59:00,27,3,30
Christopher St & Greenwich St,2026-08-20T18:59:00,25,5,
E 7 St & Avenue A,2026-08-20T18:59:00,27,8,35
West St & Chambers St,2026-08-20T18:59:00,21,24,45
South End Ave & Liberty St,2026-08-20T18:59:00,24,11,35
Vesey Pl & River Terrace,2026-08-20T18:59:00,20,20,40
Cleveland Pl & Spring St,2026-08-20T18:59:00,6,29,35
Broadway & Battery Pl,2026-08-20T18:59:00,30,10,40
1 Ave and E 68 St,2026-08-20T18:59:00,23,17,40
E 72 St & York Ave,2026-08-20T18:59:00,21,14,35
Lexington Ave & E 63 St,2026-08-20T18:59:00,29,6,35
E 75 St & 3 Ave,2026-08-20T18:59:00,14,16,30
W  41 St & 8 Ave,2026-08-20T19:59:00,9,46,55
Pershing Square North,2026-08-20T19:59:00,8,52,60
E 47 St & Park Ave,2026-08-20T19:59:00,9,31,
Broadway & W 41 St,2026-08-20T19:59:00,1,44,45
W 33 St & 7 Ave,2026-08-20T19:59:00,13,37,50
6 Ave & W 33 St,2026-08-20T19:59:00,1,34,35
E 43 St & Vanderbilt Ave,2026-08-20T19:59:00,6,34,40
W 45 St & 6 Ave,2026-08-20T19:59:00,12,23,35
w 21 st & 6 ave,2026-08-20T19:59:00,29,16,45
8 Ave & W 31 St,2026-08-20T19:59:00,25,25,50
W 20 St & 11 Ave,2026-08-20T19:59:00,21,9,30
W 26 St & 8 Ave,2026-08-20T19:59:00,17,18,35
W 17 St & 8 Ave,2026-08-20T19:59:00,24,16,40
9 Ave & W 22 St,2026-08-20T19:59:00,13,17,30
Broadway & E 14 St,2026-08-20T19:59:00,50,0,50
Lafayette St & E 8 St,2026-08-20T19:59:00,42,3,45
E 17 St & Broadway,2026-08-20T19:59:00,37,3,40
University Pl & E 14 St,2026-08-20T19:59:00,35,0,35
Carmine St & 6 Ave,2026-08-20T19:59:00,30,0,
Christopher St & Greenwich St,2026-08-20T19:59:00,30,0,30
E 7 St & Avenue A,2026-08-20T19:59:00,32,3,35
West St & Chambers St,2026-08-20T19:59:00,17,28,45
South End Ave & Liberty St,2026-08-20T19:59:00,22,13,35
Vesey Pl and River Terrace,2026-08-20T19:59:00,17,23,40
Cleveland Pl & Spring St,2026-08-20T19:59:00,0,35,
Broadway & Battery Pl,2026-08-20T19:59:00,29,11,40
1 Ave & E 68 St,2026-08-20T19:59:00,27,13,40
E 72 St & York Ave,2026-08-20T19:59:00,24,11,35
Lexington Ave & E 63 St,2026-08-20T19:59:00,34,1,35
E 75 St & 3 Ave,2026-08-20T19:59:00,16,14,30
W 41 St & 8 Ave,2026-08-20T20:59:00,10,45,55
Pershing Square North,2026-08-20T20:59:00,8,52,60
E 47 St & Park Ave,2026-08-20T20:59:00,9,31,40
Broadway & W 41 St,2026-08-20T20:59:00,3,42,45
W 33 St & 7 Ave,2026-08-20T20:59:00,14,36,50
6 Ave & W 33 St,2026-08-20T20:59:00,0,35,35
E 43 St & Vanderbilt Ave,2026-08-20T20:59:00,5,35,40
W 45 St & 6 Ave,2026-08-20T20:59:00,12,23,35
W 21 St & 6 Ave,2026-08-20T20:59:00,28,17,45
8 Ave & W 31 St,2026-08-20T20:59:00,25,25,50
w 20 st & 11 ave,2026-08-20T20:59:00,20,10,
W 26 St & 8 Ave,2026-08-20T20:59:00,17,18,35
W 17 St & 8 Ave,2026-08-20T20:59:00,25,15,40
9 Ave & W 22 St,2026-08-20T20:59:00,13,17,30
Broadway & E 14 St,2026-08-20T20:59:00,50,0,50
Lafayette St & E 8 St,2026-08-20T20:59:00,42,3,45
E 17 St & Broadway,2026-08-20T20:59:00,37,3,40
University Pl & E 14 St,2026-08-20T20:59:00,35,0,
Carmine St & 6 Ave,2026-08-20T20:59:00,30,0,30
Christopher St & Greenwich St,2026-08-20T20:59:00,30,0,30
E 7 St & Avenue A,2026-08-20T20:59:00,31,4,35
West St & Chambers St,2026-08-20T20:59:00,18,27,
south end ave & liberty st,2026-08-20T20:59:00,23,12,35
Vesey Pl & River Terrace,2026-08-20T20:59:00,17,23,40
Cleveland Pl & Spring St,2026-08-20T20:59:00,1,34,35
Broadway & Battery Pl,2026-08-20T20:59:00,29,11,40
1 Ave & E 68 St,2026-08-20T20:59:00,27,13,40
E 72 St & York Ave,2026-08-20T20:59:00,24,11,35
Lexington Ave & E 63 St,2026-08-20T20:59:00,34,1,
E 75 St & 3 Ave,2026-08-20T20:59:00,17,13,30
W 41 St & 8 Ave,2026-08-20T21:59:00,11,44,55
Pershing Square North,2026-08-20T21:59:00,9,51,60
E 47 St & Park Ave,2026-08-20T21:59:00,10,30,40
Broadway & W 41 St,2026-08-20T21:59:00,3,42,45
W 33 St & 7 Ave,2026-08-20T21:59:00,14,36,50
6 Ave & W 33 St,2026-08-20T21:59:00,1,34,35
E 43 St & Vanderbilt Ave,2026-08-20T21:59:00,5,35,40
w 45 st & 6 ave,2026-08-20T21:59:00,12,23,
W 21 St & 6 Ave,2026-08-20T21:59:00,28,17,45
8 Ave & W 31 St,2026-08-20T21:59:00,26,24,50
W 20 St & 11 Ave,2026-08-20T21:59:00,19,11,30
W 26 St & 8 Ave,2026-08-20T21:59:00,18,17,35
W 17 St & 8 Ave,2026-08-20T21:59:00,25,15,40
9 Ave & W 22 St,2026-08-20T21:59:00,13,17,30
Broadway & E 14 St,2026-08-20T21:59:00,50,0,50
Lafayette St & E 8 St,2026-08-20T21:59:00,43,2,45
E 17 St & Broadway,2026-08-20T21:59:00,37,3,
University Pl & E 14 St,2026-08-20T21:59:00,35,0,35
Carmine St & 6 Ave,2026-08-20T21:59:00,30,0,30
Christopher St & Greenwich St,2026-08-20T21:59:00,29,1,30
E 7 St & Avenue A,2026-08-20T21:59:00,31,4,35
West St & Chambers St,2026-08-20T21:59:00,17,28,45
South End Ave & Liberty St,2026-08-20T21:59:00,21,14,35
vesey pl & river terrace,2026-08-20T21:59:00,17,23,
Cleveland  Pl & Spring St,2026-08-20T21:59:00,1,34,35
Broadway and Battery Pl,2026-08-20T21:59:00,29,11,40
1 Ave & E 68 St,2026-08-20T21:59:00,27,13,40
E 72 St & York Ave,2026-08-20T21:59:00,24,11,
Lexington Ave & E 63 St,2026-08-20T21:59:00,35,0,35
E  75 St & 3 Ave,2026-08-20T21:59:00,18,12,30
W 41 St & 8 Ave,2026-08-20T22:59:00,12,43,55
Pershing Square North,2026-08-20T22:59:00,9,51,60
E 47 St & Park Ave,2026-08-20T22:59:00,8,32,40
Broadway & W 41 St,2026-08-20T22:59:00,3,42,45
W 33 St & 7 Ave,2026-08-20T22:59:00,14,36,50
6 Ave & W 33 St,2026-08-20T22:59:00,2,33,35
E 43 St & Vanderbilt Ave,2026-08-20T22:59:00,3,37,40
W 45 St & 6 Ave,2026-08-20T22:59:00,12,23,35
w 21 st & 6 ave,2026-08-20T22:59:00,27,18,45
8 Ave & W 31 St ,2026-08-20T22:59:00,26,24,
W 20 St & 11 Ave,2026-08-20T22:59:00,19,11,
W 26 St & 8 Ave,2026-08-20T22:59:00,18,17,35
W 17 St & 8 Ave,2026-08-20T22:59:00,25,15,40
9 Ave & W 22 St,2026-08-20T22:59:00,13,17,30
Broadway & E 14 St ,2026-08-20T22:59:00,50,0,50
Lafayette St & E 8 St,2026-08-20T22:59:00,44,1,45
E 17 St and Broadway,2026-08-20T22:59:00,36,4,40
University Pl & E 14 St,2026-08-20T22:59:00,35,0,35
Carmine St & 6 Ave,2026-08-20T22:59:00,30,0,30
Christopher St & Greenwich St,2026-08-20T22:59:00,29,1,30
E 7 St & Avenue A,2026-08-20T22:59:00,32,3,35
West St & Chambers St,2026-08-20T22:59:00,18,27,45
South End Ave & Liberty St,2026-08-20T22:59:00,22,13,35
Vesey Pl & River Terrace,2026-08-20T22:59:00,18,22,40
Cleveland Pl & Spring St,2026-08-20T22:59:00,1,34,35
Broadway & Battery Pl,2026-08-20T22:59:00,28,12,
1 Ave & E 68 St ,2026-08-20T22:59:00,28,12,40
E 72 St & York Ave ,2026-08-20T22:59:00,22,13,35
Lexington Ave & E 63 St,2026-08-20T22:59:00,34,1,35
E 75 St & 3 Ave,2026-08-20T22:59:00,19,11,30
W 41 St & 8 Ave,2026-08-20T23:59:00,12,43,55
Pershing Square North,2026-08-20T23:59:00,11,49,60
E 47 St & Park Ave,2026-08-20T23:59:00,9,31,
Broadway & W 41 St,2026-08-20T23:59:00,4,41,45
W 33 St & 7 Ave,2026-08-20T23:59:00,14,36,50
6 Ave & W 33 St,2026-08-20T23:59:00,2,33,35
E 43 St & Vanderbilt Ave,2026-08-20T23:59:00,3,37,40
W 45 St & 6 Ave,2026-08-20T23:59:00,12,23,35
W 21 St & 6 Ave,2026-08-20T23:59:00,28,17,
8 Ave & W 31 St ,2026-08-20T23:59:00,25,25,50
W 20 St & 11 Ave,2026-08-20T23:59:00,20,10,30
W 26 St & 8 Ave,2026-08-20T23:59:00,17,18,35
W 17 St & 8 Ave,2026-08-20T23:59:00,25,15,40
9 Ave & W 22 St,2026-08-20T23:59:00,13,17,30
Broadway & E 14 St,2026-08-20T23:59:00,50,0,50
Lafayette  St & E 8 St,2026-08-20T23:59:00,44,1,45
E 17 St & Broadway,2026-08-20T23:59:00,36,4,40
University Pl & E 14 St,2026-08-20T23:59:00,35,0,35
Carmine St & 6 Ave,2026-08-20T23:59:00,29,1,30
christopher st & greenwich st,2026-08-20T23:59:00,29,1,
E 7 St & Avenue A,2026-08-20T23:59:00,33,2,
West St & Chambers St ,2026-08-20T23:59:00,18,27,45
South End Ave & Liberty St,2026-08-20T23:59:00,21,14,35
Vesey Pl & River Terrace,2026-08-20T23:59:00,19,21,40
Cleveland Pl & Spring St,2026-08-20T23:59:00,0,35,35
Broadway & Battery Pl,2026-08-20T23:59:00,27,13,40
1 Ave & E 68 St,2026-08-20T23:59:00,27,13,40
E 72 St & York Ave ,2026-08-20T23:59:00,22,13,35
Lexington Ave & E 63 St,2026-08-20T23:59:00,35,0,35
E 75 St & 3 Ave,2026-08-20T23:59:00,19,11,30
W 41 St & 8 Ave,2026-08-21T00:59:00,13,42,55
Pershing Square North,2026-08-21T00:59:00,11,49,60
E 47 St & Park Ave,2026-08-21T00:59:00,9,31,40
Broadway & W 41 St,2026-08-21T00:59:00,4,41,45
W 33 St & 7 Ave,2026-08-21T00:59:00,15,35,
6 Ave & W 33 St,2026-08-21T00:59:00,1,34,35
E 43 St & Vanderbilt Ave,2026-08-21T00:59:00,3,37,40
W 45 St & 6 Ave,2026-08-21T00:59:00,13,22,35
W 21 St & 6 Ave,2026-08-21T00:59:00,28,17,45
8 Ave & W 31 St,2026-08-21T00:59:00,26,24,50
W 20 St & 11 Ave,2026-08-21T00:59:00,19,11,30
W 26 St & 8 Ave ,2026-08-21T00:59:00,17,18,35
w 17 st & 8 ave,2026-08-21T00:59:00,24,16,40
9 Ave & W 22 St,2026-08-21T00:59:00,14,16,30
Broadway & E 14 St,2026-08-21T00:59:00,48,2,50
Lafayette St & E 8 St,2026-08-21T00:59:00,44,1,45
E 17 St & Broadway,2026-08-21T00:59:00,36,4,40
University Pl & E 14 St,2026-08-21T00:59:00,35,0,35
Carmine St & 6 Ave,2026-08-21T00:59:00,30,0,30
Christopher St & Greenwich St,2026-08-21T00:59:00,29,1,30
E 7 St & Avenue A,2026-08-21T00:59:00,32,3,
West St & Chambers St,2026-08-21T00:59:00,17,28,45
South End Ave & Liberty St,2026-08-21T00:59:00,22,13,35
Vesey  Pl & River Terrace,2026-08-21T00:59:00,20,20,40
Cleveland Pl & Spring St,2026-08-21T00:59:00,0,35,35
Broadway & Battery Pl,2026-08-21T00:59:00,28,12,40
1 Ave & E 68 St,2026-08-21T00:59:00,27,13,40
E 72 St & York Ave,2026-08-21T00:59:00,23,12,35
Lexington Ave & E 63 St,2026-08-21T00:59:00,35,0,35
E 75 St & 3 Ave,2026-08-21T00:59:00,19,11,30
W 41 St & 8 Ave ,2026-08-21T01:59:00,13,42,55
Pershing Square North,2026-08-21T01:59:00,11,49,60
E 47 St & Park Ave,2026-08-21T01:59:00,10,30,40
Broadway & W 41 St,2026-08-21T01:59:00,4,41,45
W 33 St & 7 Ave,2026-08-21T01:59:00,14,36,50
6 Ave & W 33 St,2026-08-21T01:59:00,1,34,35
E 43 St & Vanderbilt Ave,2026-08-21T01:59:00,3,37,40
W 45 St & 6 Ave,2026-08-21T01:59:00,12,23,
W 21 St & 6 Ave,2026-08-21T01:59:00,28,17,45
8 Ave & W 31 St,2026-08-21T01:59:00,26,24,50
W 20 St & 11 Ave,2026-08-21T01:59:00,21,9,30
W  26 St & 8 Ave,2026-08-21T01:59:00,17,18,35
W 17 St & 8 Ave,2026-08-21T01:59:00,24,16,40
9 Ave & W 22 St,2026-08-21T01:59:00,14,16,
Broadway & E 14 St,2026-08-21T01:59:00,49,1,50
Lafayette St & E 8 St,2026-08-21T01:59:00,44,1,45
E 17 St & Broadway,2026-08-21T01:59:00,35,5,40
university pl & e 14 st,2026-08-21T01:59:00,35,0,35
Carmine St & 6 Ave,2026-08-21T01:59:00,30,0,30
Christopher St & Greenwich St,2026-08-21T01:59:00,28,2,30
E 7 St & Avenue A,2026-08-21T01:59:00,32,3,35
West St & Chambers St,2026-08-21T01:59:00,16,29,45
South End Ave & Liberty St ,2026-08-21T01:59:00,21,14,35
Vesey Pl & River Terrace,2026-08-21T01:59:00,20,20,40
Cleveland Pl & Spring St,2026-08-21T01:59:00,0,35,35
Broadway & Battery Pl,2026-08-21T01:59:00,28,12,40
1 Ave & E 68 St,2026-08-21T01:59:00,26,14,40
E 72 St & York Ave,2026-08-21T01:59:00,22,13,35
Lexington Ave & E 63 St,2026-08-21T01:59:00,35,0,35
E 75 St & 3 Ave,2026-08-21T01:59:00,19,11,30
W 41 St & 8 Ave,2026-08-21T02:59:00,13,42,55
Pershing Square North,2026-08-21T02:59:00,11,49,
E  47 St & Park Ave,2026-08-21T02:59:00,10,30,40
Broadway & W 41 St,2026-08-21T02:59:00,3,42,45
W 33 St & 7 Ave,2026-08-21T02:59:00,15,35,50
6 Ave & W 33 St,2026-08-21T02:59:00,1,34,35
E 43 St & Vanderbilt Ave,2026-08-21T02:59:00,4,36,40
W 45 St & 6 Ave,2026-08-21T02:59:00,12,23,35
W 21 St & 6 Ave,2026-08-21T02:59:00,27,18,
8 Ave & W 31 St,2026-08-21T02:59:00,26,24,50
W 20 St & 11 Ave,2026-08-21T02:59:00,21,9,30
W 26 St & 8 Ave,2026-08-21T02:59:00,17,18,35
W 17 St & 8 Ave,2026-08-21T02:59:00,24,16,40
9 Ave & W 22 St ,2026-08-21T02:59:00,14,16,30
Broadway & E 14 St,2026-08-21T02:59:00,48,2,50
Lafayette St and E 8 St,2026-08-21T02:59:00,44,1,45
E 17 St & Broadway,2026-08-21T02:59:00,35,5,40
University Pl & E 14 St,2026-08-21T02:59:00,35,0,35
Carmine  St & 6 Ave,2026-08-21T02:59:00,30,0,30
Christopher St & Greenwich St,2026-08-21T02:59:00,29,1,30
E 7 St & Avenue A ,2026-08-21T02:59:00,32,3,35
West St & Chambers St,2026-08-21T02:59:00,17,28,
South End Ave & Liberty St,2026-08-21T02:59:00,21,14,35
Vesey Pl & River Terrace,2026-08-21T02:59:00,19,21,40
Cleveland Pl & Spring St,2026-08-21T02:59:00,0,35,35
Broadway & Battery Pl,2026-08-21T02:59:00,29,11,40
1 Ave & E 68 St,2026-08-21T02:59:00,26,14,40
E 72 St & York Ave ,2026-08-21T02:59:00,21,14,35
Lexington Ave & E 63 St,2026-08-21T02:59:00,35,0,35
E 75 St & 3 Ave,2026-08-21T02:59:00,19,11,30
W 41 St & 8 Ave,2026-08-21T03:59:00,32,23,55
Pershing Square North,2026-08-21T03:59:00,29,31,60
E 47 St & Park Ave,2026-08-21T03:59:00,17,23,40
Broadway & W 41 St,2026-08-21T03:59:00,19,26,45
W 33 St & 7 Ave,2026-08-21T03:59:00,25,25,50
6 Ave & W 33 St,2026-08-21T03:59:00,16,19,35
E 43 St & Vanderbilt Ave,2026-08-21T03:59:00,15,25,40
w 45 st & 6 ave,2026-08-21T03:59:00,16,19,35
W 21 St & 6 Ave,2026-08-21T03:59:00,26,19,45
8 Ave & W 31 St,2026-08-21T03:59:00,23,27,50
W 20 St & 11 Ave,2026-08-21T03:59:00,15,15,30
W 26 St & 8 Ave,2026-08-21T03:59:00,14,21,35
W 17 St & 8 Ave,2026-08-21T03:59:00,18,22,40
9 Ave & W 22 St,2026-08-21T03:59:00,14,16,30
Broadway & E 14 St,2026-08-21T03:59:00,25,25,50
Lafayette St & E 8 St,2026-08-21T03:59:00,24,21,45
E 17 St & Broadway,2026-08-21T03:59:00,18,22,40
University Pl & E 14 St,2026-08-21T03:59:00,18,17,
Carmine St & 6 Ave,2026-08-21T03:59:00,12,18,30
Christopher St & Greenwich St,2026-08-21T03:59:00,18,12,30
E 7 St & Avenue A,2026-08-21T03:59:00,21,14,
West St & Chambers St,2026-08-21T03:59:00,26,19,45
South End Ave & Liberty St,2026-08-21T03:59:00,15,20,35
Vesey Pl & River Terrace,2026-08-21T03:59:00,21,19,40
Cleveland Pl & Spring St,2026-08-21T03:59:00,16,19,35
Broadway  & Battery Pl,2026-08-21T03:59:00,19,21,40
1 Ave & E 68 St,2026-08-21T03:59:00,23,17,
E 72 St & York Ave,2026-08-21T03:59:00,19,16,
Lexington Ave & E 63 St,2026-08-21T03:59:00,15,20,35
E 75 St & 3 Ave,2026-08-21T03:59:00,14,16,30
W 41 St & 8 Ave,2026-08-21T04:59:00,33,22,55
Pershing  Square North,2026-08-21T04:59:00,30,30,60
E 47 St & Park Ave,2026-08-21T04:59:00,18,22,40
Broadway & W 41 St,2026-08-21T04:59:00,18,27,45
W 33 St & 7 Ave,2026-08-21T04:59:00,25,25,50
6 Ave & W 33 St,2026-08-21T04:59:00,14,21,35
E 43 St & Vanderbilt Ave,2026-08-21T04:59:00,14,26,40
W 45 St & 6 Ave,2026-08-21T04:59:00,16,19,35
W  21 St & 6 Ave,2026-08-21T04:59:00,26,19,45
8 Ave & W 31 St,2026-08-21T04:59:00,23,27,50
W 20 St & 11 Ave,2026-08-21T04:59:00,14,16,30
W 26 St & 8 Ave,2026-08-21T04:59:00,14,21,35
W 17 St & 8 Ave,2026-08-21T04:59:00,17,23,
9 Ave & W 22 St,2026-08-21T04:59:00,14,16,30
Broadway & E 14 St,2026-08-21T04:59:00,24,26,50
lafayette st & e 8 st,2026-08-21T04:59:00,25,20,45
E 17 St & Broadway,2026-08-21T04:59:00,18,22,
University Pl & E 14 St,2026-08-21T04:59:00,19,16,35
Carmine St & 6 Ave,2026-08-21T04:59:00,12,18,30
Christopher St & Greenwich St,2026-08-21T04:59:00,18,12,
E 7 St & Avenue A,2026-08-21T04:59:00,21,14,35
West St & Chambers St,2026-08-21T04:59:00,26,19,
South End Ave & Liberty St,2026-08-21T04:59:00,14,21,35
Vesey Pl & River Terrace,2026-08-21T04:59:00,21,19,40
Cleveland Pl & Spring St,2026-08-21T04:59:00,15,20,35
Broadway & Battery Pl,2026-08-21T04:59:00,18,22,40
1 Ave & E 68 St,2026-08-21T04:59:00,22,18,40
E 72 St & York Ave,2026-08-21T04:59:00,18,17,
Lexington Ave & E 63 St,2026-08-21T04:59:00,14,21,35
E 75 St & 3 Ave,2026-08-21T04:59:00,13,17,30
W 41 St & 8 Ave,2026-08-21T05:59:00,33,22,55
Pershing Square North,2026-08-21T05:59:00,29,31,60
E 47 St & Park Ave,2026-08-21T05:59:00,19,21,40
Broadway & W 41 St,2026-08-21T05:59:00,18,27,45
W 33 St & 7 Ave,2026-08-21T05:59:00,26,24,50
6 Ave & W 33 St,2026-08-21T05:59:00,13,22,
E 43 St & Vanderbilt Ave,2026-08-21T05:59:00,15,25,40
W 45 St & 6 Ave,2026-08-21T05:59:00,14,21,35
W 21 St & 6 Ave,2026-08-21T05:59:00,25,20,45
8 Ave & W 31 St,2026-08-21T05:59:00,25,25,50
W 20 St & 11 Ave,2026-08-21T05:59:00,14,16,30
W 26 St & 8 Ave,2026-08-21T05:59:00,14,21,35
W 17 St & 8 Ave,2026-08-21T05:59:00,16,24,40
9 ave & w 22 st,2026-08-21T05:59:00,15,15,30
Broadway & E 14 St,2026-08-21T05:59:00,24,26,50
Lafayette St & E 8 St,2026-08-21T05:59:00,25,20,45
E 17 St & Broadway,2026-08-21T05:59:00,19,21,40
University Pl & E 14 St,2026-08-21T05:59:00,18,17,35
Carmine St & 6 Ave,2026-08-21T05:59:00,11,19,30
Christopher St & Greenwich St,2026-08-21T05:59:00,20,10,30
E 7 St & Avenue A,2026-08-21T05:59:00,22,13,35
West St & Chambers St,2026-08-21T05:59:00,25,20,45
South End Ave & Liberty St,2026-08-21T05:59:00,13,22,35
Vesey Pl & River Terrace,2026-08-21T05:59:00,22,18,40
Cleveland Pl & Spring St,2026-08-21T05:59:00,15,20,35
Broadway & Battery Pl,2026-08-21T05:59:00,19,21,40
1 Ave & E 68 St,2026-08-21T05:59:00,21,19,40
E 72 St & York Ave,2026-08-21T05:59:00,18,17,35
Lexington Ave & E 63 St,2026-08-21T05:59:00,14,21,35
E 75 St & 3 Ave,2026-08-21T05:59:00,14,16,30
W 41 St & 8 Ave ,2026-08-21T06:59:00,41,14,55
Pershing Square North,2026-08-21T06:59:00,39,21,60
E 47 St & Park Ave,2026-08-21T06:59:00,24,16,40
Broadway & W 41 St,2026-08-21T06:59:00,24,21,45
W 33 St & 7 Ave,2026-08-21T06:59:00,31,19,
6 Ave & W 33 St,2026-08-21T06:59:00,18,17,35
E 43 St & Vanderbilt Ave,2026-08-21T06:59:00,20,20,40
W 45 St & 6 Ave,2026-08-21T06:59:00,18,17,35
W 21 St & 6 Ave,2026-08-21T06:59:00,24,21,45
8 Ave & W 31 St,2026-08-21T06:59:00,25,25,50
W 20 St & 11 Ave,2026-08-21T06:59:00,14,16,30
W 26 St & 8 Ave,2026-08-21T06:59:00,12,23,35
W 17 St & 8 Ave,2026-08-21T06:59:00,15,25,
9 Ave & W 22 St,2026-08-21T06:59:00,16,14,30
Broadway & E 14 St,2026-08-21T06:59:00,14,36,50
Lafayette St & E 8 St,2026-08-21T06:59:00,18,27,45
E 17 St & Broadway,2026-08-21T06:59:00,13,27,40
University Pl & E 14 St,2026-08-21T06:59:00,10,25,35
Carmine St & 6 Ave,2026-08-21T06:59:00,7,23,30
Christopher St & Greenwich St,2026-08-21T06:59:00,15,15,30
E 7 St & Avenue A,2026-08-21T06:59:00,16,19,35
West St & Chambers St,2026-08-21T06:59:00,30,15,45
South End Ave & Liberty St,2026-08-21T06:59:00,15,20,35
Vesey Pl & River Terrace,2026-08-21T06:59:00,25,15,40
Cleveland Pl & Spring St,2026-08-21T06:59:00,22,13,35
Broadway  & Battery Pl,2026-08-21T06:59:00,21,19,40
1 ave & e 68 st,2026-08-21T06:59:00,17,23,40
E 72 St & York Ave,2026-08-21T06:59:00,14,21,35
Lexington Ave & E 63 St ,2026-08-21T06:59:00,9,26,35
E 75 St & 3 Ave,2026-08-21T06:59:00,10,20,30
W 41 St & 8 Ave,2026-08-21T07:59:00,55,0,55
Pershing Square North,2026-08-21T07:59:00,60,0,60
E 47 St & Park Ave,2026-08-21T07:59:00,40,0,
Broadway & W 41 St,2026-08-21T07:59:00,41,4,45
W 33 St & 7 Ave,2026-08-21T07:59:00,46,4,50
6 Ave & W 33 St,2026-08-21T07:59:00,33,2,35
E 43 St & Vanderbilt Ave,2026-08-21T07:59:00,35,5,40
W 45 St & 6 Ave,2026-08-21T07:59:00,31,4,
W 21 St & 6 Ave,2026-08-21T07:59:00,22,23,45
8 Ave & W 31 St,2026-08-21T07:59:00,26,24,50
w 20 st & 11 ave,2026-08-21T07:59:00,12,18,30
W 26 St & 8 Ave,2026-08-21T07:59:00,9,26,35
W 17 St & 8 Ave,2026-08-21T07:59:00,15,25,40
9 Ave and W 22 St,2026-08-21T07:59:00,16,14,30
Broadway & E 14 St,2026-08-21T07:59:00,0,50,50
Lafayette St & E 8 St,2026-08-21T07:59:00,0,45,45
E 17 St & Broadway,2026-08-21T07:59:00,0,40,40
University Pl & E 14 St,2026-08-21T07:59:00,0,35,35
Carmine St & 6 Ave,2026-08-21T07:59:00,0,30,30
Christopher St & Greenwich St,2026-08-21T07:59:00,0,30,30
E 7 St & Avenue A,2026-08-21T07:59:00,0,35,35
West St & Chambers St,2026-08-21T07:59:00,43,2,45
South End Ave & Liberty St,2026-08-21T07:59:00,19,16,35
Vesey Pl & River Terrace,2026-08-21T07:59:00,35,5,40
cleveland pl & spring st,2026-08-21T07:59:00,35,0,35
Broadway & Battery Pl,2026-08-21T07:59:00,25,15,40
1 Ave & E 68 St,2026-08-21T07:59:00,4,36,40
E 72 St & York Ave,2026-08-21T07:59:00,2,33,35
Lexington Ave & E 63 St,2026-08-21T07:59:00,0,35,35
E 75 St & 3 Ave,2026-08-21T07:59:00,1,29,30
W 41 St & 8 Ave,2026-08-21T08:59:00,55,0,55
Pershing Square North,2026-08-21T08:59:00,60,0,60
E 47 St & Park Ave,2026-08-21T08:59:00,40,0,40
Broadway & W 41 St,2026-08-21T08:59:00,45,0,45
W 33 St & 7 Ave,2026-08-21T08:59:00,50,0,50
6 Ave & W 33 St,2026-08-21T08:59:00,35,0,35
E 43 St & Vanderbilt Ave,2026-08-21T08:59:00,40,0,40
W 45 St & 6 Ave,2026-08-21T08:59:00,35,0,35
W 21 St & 6 Ave,2026-08-21T08:59:00,18,27,45
8 Ave & W 31 St,2026-08-21T08:59:00,26,24,50
W 20 St & 11 Ave,2026-08-21T08:59:00,10,20,30
W 26 St & 8 Ave,2026-08-21T08:59:00,4,31,35
W 17 St & 8 Ave,2026-08-21T08:59:00,14,26,40
9 Ave & W 22 St,2026-08-21T08:59:00,18,12,30
Broadway & E 14 St,2026-08-21T08:59:00,0,50,50
Lafayette St & E 8 St,2026-08-21T08:59:00,0,45,45
E 17 St & Broadway,2026-08-21T08:59:00,0,40,40
University Pl & E 14 St,2026-08-21T08:59:00,0,35,
Carmine St & 6 Ave,2026-08-21T08:59:00,0,30,30
Christopher St & Greenwich St,2026-08-21T08:59:00,0,30,30
E  7 St & Avenue A,2026-08-21T08:59:00,0,35,35
West St & Chambers St,2026-08-21T08:59:00,45,0,
South End Ave & Liberty St,2026-08-21T08:59:00,24,11,35
Vesey Pl & River Terrace,2026-08-21T08:59:00,40,0,40
Cleveland Pl & Spring St,2026-08-21T08:59:00,35,0,35
broadway & battery pl,2026-08-21T08:59:00,32,8,40
1 Ave & E 68 St,2026-08-21T08:59:00,0,40,40
E 72 St & York Ave,2026-08-21T08:59:00,0,35,35
Lexington  Ave & E 63 St,2026-08-21T08:59:00,0,35,35
E 75 St & 3 Ave,2026-08-21T08:59:00,0,30,30
W 41 St & 8 Ave,2026-08-21T09:59:00,55,0,55
pershing square north,2026-08-21T09:59:00,60,0,60
E 47 St & Park Ave,2026-08-21T09:59:00,40,0,40
Broadway & W 41 St,2026-08-21T09:59:00,45,0,
W 33 St & 7 Ave,2026-08-21T09:59:00,50,0,50
6 Ave & W 33 St,2026-08-21T09:59:00,35,0,35
E 43 St & Vanderbilt Ave,2026-08-21T09:59:00,40,0,40
W 45 St and 6 Ave,2026-08-21T09:59:00,35,0,35
W 21 St & 6 Ave,2026-08-21T09:59:00,17,28,45
8 Ave & W 31 St,2026-08-21T09:59:00,26,24,50
W 20 St & 11 Ave,2026-08-21T09:59:00,9,21,30
W 26 St & 8 Ave,2026-08-21T09:59:00,0,35,35
W 17 St & 8 Ave,2026-08-21T09:59:00,14,26,40
9 Ave & W 22 St,2026-08-21T09:59:00,19,11,30
Broadway & E 14 St,2026-08-21T09:59:00,0,50,50
Lafayette St & E 8 St,2026-08-21T09:59:00,0,45,45
E 17 St & Broadway,2026-08-21T09:59:00,0,40,40
University Pl & E 14 St,2026-08-21T09:59:00,0,35,
carmine st & 6 ave,2026-08-21T09:59:00,0,30,30
Christopher St & Greenwich St,2026-08-21T09:59:00,0,30,30
E 7 St & Avenue A,2026-08-21T09:59:00,0,35,35
west st & chambers st,2026-08-21T09:59:00,45,0,45
South End Ave & Liberty St,2026-08-21T09:59:00,27,8,35
Vesey Pl & River Terrace,2026-08-21T09:59:00,40,0,40
Cleveland Pl & Spring St,2026-08-21T09:59:00,35,0,35
Broadway & Battery Pl,2026-08-21T09:59:00,35,5,40
1 Ave & E 68 St,2026-08-21T09:59:00,0,40,40
E 72 St & York Ave,2026-08-21T09:59:00,0,35,35
Lexington Ave & E 63 St,2026-08-21T09:59:00,0,35,35
E 75 St & 3 Ave,2026-08-21T09:59:00,0,30,30
W 41 St and 8 Ave,2026-08-21T10:59:00,54,1,55
Pershing Square North,2026-08-21T10:59:00,60,0,60
E 47 St & Park Ave,2026-08-21T10:59:00,39,1,40
Broadway & W 41 St,2026-08-21T10:59:00,45,0,45
W 33 St & 7 Ave,2026-08-21T10:59:00,50,0,
6 Ave & W 33 St,2026-08-21T10:59:00,35,0,35
E 43 St & Vanderbilt Ave,2026-08-21T10:59:00,39,1,40
W 45 St & 6 Ave,2026-08-21T10:59:00,35,0,35
W 21 St & 6 Ave,2026-08-21T10:59:00,16,29,
8 Ave & W 31 St,2026-08-21T10:59:00,25,25,50
W 20 St & 11 Ave,2026-08-21T10:59:00,9,21,30
W 26 St & 8 Ave,2026-08-21T10:59:00,0,35,35
W 17 St & 8 Ave,2026-08-21T10:59:00,14,26,40
9 Ave & W 22 St,2026-08-21T10:59:00,19,11,30
Broadway & E 14 St,2026-08-21T10:59:00,0,50,50
Lafayette St & E 8 St,2026-08-21T10:59:00,0,45,45
E 17 St & Broadway,2026-08-21T10:59:00,0,40,40
University Pl & E 14 St,2026-08-21T10:59:00,1,34,35
Carmine St & 6 Ave,2026-08-21T10:59:00,1,29,30
Christopher St & Greenwich St,2026-08-21T10:59:00,0,30,30
E 7 St & Avenue A,2026-08-21T10:59:00,0,35,
West St & Chambers St,2026-08-21T10:59:00,44,1,45
South End Ave & Liberty St,2026-08-21T10:59:00,26,9,35
Vesey Pl & River Terrace,2026-08-21T10:59:00,40,0,
Cleveland Pl & Spring St,2026-08-21T10:59:00,34,1,35
Broadway & Battery Pl,2026-08-21T10:59:00,35,5,40
1 Ave & E 68 St,2026-08-21T10:59:00,0,40,40
E 72 St & York Ave,2026-08-21T10:59:00,0,35,
Lexington Ave & E 63 St,2026-08-21T10:59:00,0,35,35
E 75 St & 3 Ave,2026-08-21T10:59:00,0,30,30
w 41 st & 8 ave,2026-08-21T11:59:00,55,0,55
Pershing Square North,2026-08-21T11:59:00,60,0,60
e 47 st & park ave,2026-08-21T11:59:00,38,2,40
Broadway & W 41 St,2026-08-21T11:59:00,44,1,45
W 33 St & 7 Ave,2026-08-21T11:59:00,50,0,50
6 Ave & W 33 St,2026-08-21T11:59:00,34,1,35
E 43 St & Vanderbilt Ave,2026-08-21T11:59:00,39,1,40
W 45 St & 6 Ave,2026-08-21T11:59:00,35,0,35
W  21 St & 6 Ave,2026-08-21T11:59:00,17,28,45
8 Ave & W 31 St,2026-08-21T11:59:00,24,26,50
W 20 St & 11 Ave,2026-08-21T11:59:00,9,21,30
W 26 St and 8 Ave,2026-08-21T11:59:00,0,35,35
W 17 St & 8 Ave,2026-08-21T11:59:00,13,27,40
9 Ave & W 22 St,2026-08-21T11:59:00,21,9,
Broadway & E 14 St,2026-08-21T11:59:00,0,50,50
Lafayette St & E 8 St,2026-08-21T11:59:00,1,44,45
E 17 St and Broadway,2026-08-21T11:59:00,0,40,40
University Pl & E 14 St,2026-08-21T11:59:00,2,33,35
Carmine St & 6 Ave,2026-08-21T11:59:00,1,29,30
Christopher St & Greenwich St,2026-08-21T11:59:00,1,29,30
E 7 St & Avenue A,2026-08-21T11:59:00,1,34,35
West St & Chambers St,2026-08-21T11:59:00,45,0,
South End Ave & Liberty St,2026-08-21T11:59:00,26,9,35
Vesey Pl & River Terrace,2026-08-21T11:59:00,40,0,40
Cleveland Pl & Spring St ,2026-08-21T11:59:00,35,0,35
Broadway & Battery Pl,2026-08-21T11:59:00,36,4,40
1 Ave & E 68 St,2026-08-21T11:59:00,0,40,40
E 72 St & York Ave,2026-08-21T11:59:00,0,35,35
Lexington Ave & E 63 St,2026-08-21T11:59:00,0,35,35
e 75 st & 3 ave,2026-08-21T11:59:00,1,29,30
W 41 St & 8 Ave,2026-08-21T12:59:00,55,0,
Pershing Square North,2026-08-21T12:59:00,60,0,
E 47 St & Park Ave,2026-08-21T12:59:00,38,2,40
Broadway & W 41 St,2026-08-21T12:59:00,44,1,45
W 33 St & 7 Ave,2026-08-21T12:59:00,50,0,50
6  Ave & W 33 St,2026-08-21T12:59:00,35,0,35
E 43 St & Vanderbilt Ave,2026-08-21T12:59:00,37,3,40
W  45 St & 6 Ave,2026-08-21T12:59:00,35,0,35
W 21 St & 6 Ave,2026-08-21T12:59:00,16,29,45
8 ave & w 31 st,2026-08-21T12:59:00,25,25,50
W 20 St & 11 Ave,2026-08-21T12:59:00,10,20,30
W 26 St & 8 Ave,2026-08-21T12:59:00,0,35,35
W 17 St & 8 Ave,2026-08-21T12:59:00,13,27,40
9 Ave & W 22 St,2026-08-21T12:59:00,21,9,30
Broadway & E 14 St,2026-08-21T12:59:00,1,49,50
Lafayette St & E 8 St,2026-08-21T12:59:00,2,43,
E 17 St & Broadway,2026-08-21T12:59:00,0,40,
University Pl & E 14 St,2026-08-21T12:59:00,1,34,35
Carmine St & 6 Ave,2026-08-21T12:59:00,1,29,
Christopher St & Greenwich St,2026-08-21T12:59:00,1,29,
E 7 St & Avenue A,2026-08-21T12:59:00,0,35,35
West St & Chambers St,2026-08-21T12:59:00,44,1,
South End Ave & Liberty St,2026-08-21T12:59:00,26,9,35
Vesey Pl & River Terrace,2026-08-21T12:59:00,40,0,
Cleveland  Pl & Spring St,2026-08-21T12:59:00,35,0,35
Broadway & Battery Pl,2026-08-21T12:59:00,36,4,40
1 Ave & E 68 St,2026-08-21T12:59:00,0,40,40
E 72 St & York Ave,2026-08-21T12:59:00,0,35,
Lexington Ave & E 63 St,2026-08-21T12:59:00,1,34,35
E 75 St & 3 Ave,2026-08-21T12:59:00,0,30,30
W 41 St & 8 Ave,2026-08-21T13:59:00,54,1,55
Pershing Square North,2026-08-21T13:59:00,60,0,60
E 47 St & Park Ave,2026-08-21T13:59:00,39,1,40
Broadway & W 41 St ,2026-08-21T13:59:00,43,2,45
W 33 St & 7 Ave,2026-08-21T13:59:00,50,0,50
6 Ave & W 33 St,2026-08-21T13:59:00,35,0,35
E 43 St and Vanderbilt Ave,2026-08-21T13:59:00,37,3,40
W 45 St & 6 Ave,2026-08-21T13:59:00,35,0,35
W 21 St & 6 Ave,2026-08-21T13:59:00,15,30,45
8 Ave & W 31 St,2026-08-21T13:59:00,25,25,50
w 20 st & 11 ave,2026-08-21T13:59:00,10,20,
W 26 St & 8 Ave,2026-08-21T13:59:00,0,35,35
W 17 St & 8 Ave,2026-08-21T13:59:00,12,28,40
9 Ave & W 22 St,2026-08-21T13:59:00,22,8,30
Broadway & E 14 St,2026-08-21T13:59:00,0,50,50
Lafayette St & E 8 St,2026-08-21T13:59:00,3,42,45
e 17 st & broadway,2026-08-21T13:59:00,0,40,40
University Pl & E 14 St,2026-08-21T13:59:00,1,34,35
Carmine St & 6 Ave,2026-08-21T13:59:00,1,29,30
Christopher St & Greenwich St,2026-08-21T13:59:00,1,29,30
E 7 St & Avenue A,2026-08-21T13:59:00,0,35,35
West St & Chambers St,2026-08-21T13:59:00,43,2,45
South End Ave & Liberty St,2026-08-21T13:59:00,27,8,35
Vesey Pl & River Terrace,2026-08-21T13:59:00,39,1,40
Cleveland Pl & Spring St,2026-08-21T13:59:00,34,1,35
Broadway  & Battery Pl,2026-08-21T13:59:00,36,4,40
1 Ave & E 68 St,2026-08-21T13:59:00,0,40,40
E 72 St & York Ave,2026-08-21T13:59:00,0,35,35
Lexington Ave & E 63 St,2026-08-21T13:59:00,1,34,35
E 75 St & 3 Ave ,2026-08-21T13:59:00,0,30,30
W  41 St & 8 Ave,2026-08-21T14:59:00,53,2,55
Pershing Square North ,2026-08-21T14:59:00,60,0,60
E 47 St & Park Ave,2026-08-21T14:59:00,39,1,40
Broadway & W 41 St,2026-08-21T14:59:00,43,2,45
W 33 St & 7 Ave,2026-08-21T14:59:00,49,1,50
6 Ave & W 33 St,2026-08-21T14:59:00,35,0,35
E  43 St & Vanderbilt Ave,2026-08-21T14:59:00,36,4,40
W 45 St & 6 Ave,2026-08-21T14:59:00,35,0,35
W 21 St & 6 Ave,2026-08-21T14:59:00,15,30,45
8 ave & w 31 st,2026-08-21T14:59:00,25,25,50
W 20 St & 11 Ave,2026-08-21T14:59:00,10,20,30
W 26 St & 8 Ave,2026-08-21T14:59:00,0,35,
W 17 St & 8 Ave,2026-08-21T14:59:00,11,29,
9 Ave & W 22 St,2026-08-21T14:59:00,24,6,30
Broadway & E 14 St,2026-08-21T14:59:00,1,49,50
lafayette st & e 8 st,2026-08-21T14:59:00,2,43,45
E 17 St & Broadway,2026-08-21T14:59:00,0,40,40
University Pl & E 14 St,2026-08-21T14:59:00,1,34,35
Carmine St & 6 Ave,2026-08-21T14:59:00,0,30,30
Christopher St & Greenwich St,2026-08-21T14:59:00,2,28,30
E 7 St & Avenue A,2026-08-21T14:59:00,0,35,
West St & Chambers St,2026-08-21T14:59:00,43,2,45
South End Ave & Liberty St,2026-08-21T14:59:00,27,8,35
Vesey Pl & River Terrace,2026-08-21T14:59:00,40,0,40
Cleveland Pl & Spring St,2026-08-21T14:59:00,34,1,35
Broadway & Battery Pl,2026-08-21T14:59:00,36,4,40
1 Ave & E 68 St,2026-08-21T14:59:00,0,40,40
E 72 St & York Ave,2026-08-21T14:59:00,0,35,35
Lexington Ave & E 63 St,2026-08-21T14:59:00,1,34,35
E 75 St & 3 Ave,2026-08-21T14:59:00,0,30,30
W 41 St & 8 Ave,2026-08-21T15:59:00,52,3,55
pershing square north,2026-08-21T15:59:00,59,1,60
E 47 St & Park Ave,2026-08-21T15:59:00,39,1,40
Broadway & W 41 St,2026-08-21T15:59:00,43,2,45
W 33 St & 7 Ave,2026-08-21T15:59:00,49,1,50
6 Ave & W 33 St,2026-08-21T15:59:00,35,0,35
E 43 St & Vanderbilt Ave,2026-08-21T15:59:00,36,4,40
W 45 St & 6 Ave,2026-08-21T15:59:00,34,1,35
w 21 st & 6 ave,2026-08-21T15:59:00,15,30,45
8 Ave & W 31 St,2026-08-21T15:59:00,25,25,
W 20 St & 11 Ave,2026-08-21T15:59:00,11,19,30
W 26 St & 8 Ave,2026-08-21T15:59:00,3,32,
W 17 St & 8 Ave,2026-08-21T15:59:00,11,29,40
9 Ave & W 22 St,2026-08-21T15:59:00,25,5,
Broadway & E 14 St,2026-08-21T15:59:00,1,49,50
Lafayette St & E 8 St,2026-08-21T15:59:00,3,42,45
E 17 St & Broadway,2026-08-21T15:59:00,1,39,40
University Pl & E 14 St,2026-08-21T15:59:00,1,34,35
Carmine St & 6 Ave,2026-08-21T15:59:00,0,30,30
Christopher St & Greenwich St,2026-08-21T15:59:00,1,29,30
E 7 St & Avenue A,2026-08-21T15:59:00,0,35,35
West St & Chambers St,2026-08-21T15:59:00,42,3,45
South End Ave & Liberty St,2026-08-21T15:59:00,27,8,35
Vesey Pl & River Terrace ,2026-08-21T15:59:00,39,1,40
Cleveland Pl & Spring St,2026-08-21T15:59:00,34,1,35
Broadway & Battery Pl,2026-08-21T15:59:00,37,3,40
1 Ave & E 68 St ,2026-08-21T15:59:00,0,40,40
E 72 St & York Ave,2026-08-21T15:59:00,0,35,
Lexington Ave & E 63 St,2026-08-21T15:59:00,0,35,35
E 75 St & 3 Ave,2026-08-21T15:59:00,1,29,30
W 41 St & 8 Ave,2026-08-21T16:59:00,42,13,55
Pershing Square North,2026-08-21T16:59:00,51,9,60
E 47 St & Park Ave,2026-08-21T16:59:00,33,7,
Broadway and W 41 St,2026-08-21T16:59:00,36,9,45
W 33 St & 7 Ave,2026-08-21T16:59:00,42,8,50
6 Ave & W 33 St,2026-08-21T16:59:00,28,7,35
E 43 St & Vanderbilt Ave,2026-08-21T16:59:00,30,10,40
W 45 St & 6 Ave,2026-08-21T16:59:00,29,6,35
W 21 St and 6 Ave,2026-08-21T16:59:00,18,27,45
8 Ave & W 31 St,2026-08-21T16:59:00,25,25,50
W 20 St & 11 Ave,2026-08-21T16:59:00,12,18,30
W 26 St & 8 Ave,2026-08-21T16:59:00,6,29,35
W 17 St & 8 Ave,2026-08-21T16:59:00,11,29,40
9 Ave & W 22 St,2026-08-21T16:59:00,26,4,30
broadway & e 14 st,2026-08-21T16:59:00,11,39,50
Lafayette St & E 8 St ,2026-08-21T16:59:00,11,34,45
E 17 St and Broadway,2026-08-21T16:59:00,8,32,
University Pl & E 14 St,2026-08-21T16:59:00,9,26,35
Carmine St & 6 Ave,2026-08-21T16:59:00,6,24,30
Christopher St & Greenwich St,2026-08-21T16:59:00,6,24,30
E 7 St & Avenue A,2026-08-21T16:59:00,7,28,35
West St & Chambers St,2026-08-21T16:59:00,36,9,45
South End Ave & Liberty St,2026-08-21T16:59:00,25,10,35
Vesey Pl & River Terrace,2026-08-21T16:59:00,36,4,40
Cleveland Pl & Spring St,2026-08-21T16:59:00,27,8,35
Broadway & Battery Pl,2026-08-21T16:59:00,36,4,40
1 Ave & E 68 St,2026-08-21T16:59:00,5,35,40
E 72 St & York Ave,2026-08-21T16:59:00,4,31,35
Lexington Ave & E 63 St,2026-08-21T16:59:00,7,28,35
E 75 St & 3 Ave,2026-08-21T16:59:00,3,27,30
W 41 St & 8 Ave,2026-08-21T17:59:00,26,29,55
Pershing Square North,2026-08-21T17:59:00,34,26,60
E 47 St & Park Ave,2026-08-21T17:59:00,24,16,40
broadway & w 41 st,2026-08-21T17:59:00,22,23,45
W 33 St & 7 Ave,2026-08-21T17:59:00,29,21,50
6 ave & w 33 st,2026-08-21T17:59:00,18,17,35
E 43 St & Vanderbilt Ave,2026-08-21T17:59:00,21,19,
W 45 St & 6 Ave,2026-08-21T17:59:00,21,14,35
W 21 St & 6 Ave ,2026-08-21T17:59:00,23,22,45
8 Ave & W 31 St,2026-08-21T17:59:00,26,24,50
w 20 st & 11 ave,2026-08-21T17:59:00,15,15,30
W 26 St & 8 Ave,2026-08-21T17:59:00,11,24,35
W 17 St & 8 Ave,2026-08-21T17:59:00,11,29,40
9 Ave & W 22 St,2026-08-21T17:59:00,26,4,30
Broadway & E 14 St ,2026-08-21T17:59:00,28,22,50
Lafayette St & E 8 St,2026-08-21T17:59:00,25,20,45
E 17 St & Broadway,2026-08-21T17:59:00,19,21,40
university pl & e 14 st,2026-08-21T17:59:00,22,13,35
Carmine St & 6 Ave,2026-08-21T17:59:00,16,14,
Christopher St & Greenwich St,2026-08-21T17:59:00,17,13,30
E 7 St & Avenue A,2026-08-21T17:59:00,17,18,35
West St & Chambers St,2026-08-21T17:59:00,27,18,45
South End Ave & Liberty St,2026-08-21T17:59:00,21,14,
Vesey Pl & River Terrace,2026-08-21T17:59:00,29,11,40
Cleveland Pl & Spring St,2026-08-21T17:59:00,17,18,
Broadway & Battery Pl,2026-08-21T17:59:00,32,8,40
1 Ave & E 68 St,2026-08-21T17:59:00,12,28,40
E 72 St & York Ave,2026-08-21T17:59:00,11,24,
Lexington Ave & E 63 St,2026-08-21T17:59:00,17,18,35
E 75 St & 3 Ave,2026-08-21T17:59:00,7,23,30
W 41 St & 8 Ave,2026-08-21T18:59:00,10,45,
Pershing Square North,2026-08-21T18:59:00,17,43,60
E 47 St & Park Ave,2026-08-21T18:59:00,15,25,40
Broadway & W 41 St,2026-08-21T18:59:00,8,37,45
W 33 St & 7 Ave,2026-08-21T18:59:00,18,32,50
6 Ave & W 33 St,2026-08-21T18:59:00,7,28,35
E 43 St & Vanderbilt Ave,2026-08-21T18:59:00,12,28,40
W 45 St & 6 Ave,2026-08-21T18:59:00,12,23,35
W 21 St & 6 Ave,2026-08-21T18:59:00,26,19,45
8 Ave & W 31 St,2026-08-21T18:59:00,26,24,50
W 20 St & 11 Ave,2026-08-21T18:59:00,17,13,30
W 26 St & 8 Ave,2026-08-21T18:59:00,14,21,35
W 17 St & 8 Ave,2026-08-21T18:59:00,11,29,40
9 Ave & W 22 St,2026-08-21T18:59:00,24,6,30
Broadway & E 14 St,2026-08-21T18:59:00,45,5,50
Lafayette St & E 8 St,2026-08-21T18:59:00,39,6,45
E 17 St & Broadway,2026-08-21T18:59:00,29,11,
University Pl & E 14 St,2026-08-21T18:59:00,35,0,
Carmine St & 6 Ave,2026-08-21T18:59:00,26,4,30
christopher st & greenwich st,2026-08-21T18:59:00,27,3,30
e 7 st & avenue a,2026-08-21T18:59:00,27,8,35
West  St & Chambers St,2026-08-21T18:59:00,19,26,
South End Ave & Liberty St,2026-08-21T18:59:00,16,19,35
Vesey Pl & River Terrace,2026-08-21T18:59:00,23,17,40
Cleveland Pl & Spring St,2026-08-21T18:59:00,4,31,
Broadway & Battery Pl,2026-08-21T18:59:00,28,12,40
1 Ave & E 68 St,2026-08-21T18:59:00,20,20,40
E 72 St & York Ave,2026-08-21T18:59:00,18,17,35
Lexington Ave & E 63 St,2026-08-21T18:59:00,27,8,35
E 75 St & 3 Ave,2026-08-21T18:59:00,12,18,30
W 41 St & 8 Ave,2026-08-21T19:59:00,0,55,55
Pershing Square North,2026-08-21T19:59:00,6,54,60
E 47 St & Park Ave,2026-08-21T19:59:00,9,31,
Broadway & W 41 St,2026-08-21T19:59:00,0,45,45
W 33 St & 7 Ave,2026-08-21T19:59:00,11,39,50
6 Ave & W 33 St,2026-08-21T19:59:00,1,34,
E 43 St & Vanderbilt Ave,2026-08-21T19:59:00,6,34,40
W 45 St & 6 Ave,2026-08-21T19:59:00,7,28,35
W 21 St & 6 Ave,2026-08-21T19:59:00,29,16,45
8 Ave & W 31 St,2026-08-21T19:59:00,28,22,50
W 20 St & 11 Ave,2026-08-21T19:59:00,19,11,30
W 26 St & 8 Ave,2026-08-21T19:59:00,16,19,35
W  17 St & 8 Ave,2026-08-21T19:59:00,12,28,40
9 Ave & W 22 St,2026-08-21T19:59:00,24,6,30
Broadway & E 14 St,2026-08-21T19:59:00,50,0,50
Lafayette St & E 8 St,2026-08-21T19:59:00,45,0,45
E 17 St & Broadway,2026-08-21T19:59:00,37,3,40
University Pl & E 14 St,2026-08-21T19:59:00,35,0,
Carmine St & 6 Ave,2026-08-21T19:59:00,30,0,30
Christopher St & Greenwich St,2026-08-21T19:59:00,30,0,30
E 7 St & Avenue A,2026-08-21T19:59:00,34,1,35
West St & Chambers St,2026-08-21T19:59:00,13,32,45
South End Ave & Liberty St,2026-08-21T19:59:00,15,20,
Vesey Pl & River Terrace,2026-08-21T19:59:00,19,21,
Cleveland Pl & Spring St,2026-08-21T19:59:00,0,35,35
Broadway & Battery Pl,2026-08-21T19:59:00,26,14,40
1 Ave & E 68 St,2026-08-21T19:59:00,27,13,
E 72 St & York Ave,2026-08-21T19:59:00,24,11,35
Lexington Ave & E 63 St,2026-08-21T19:59:00,34,1,35
E 75 St & 3 Ave,2026-08-21T19:59:00,15,15,30
W 41 St & 8 Ave,2026-08-21T20:59:00,0,55,55
Pershing Square North,2026-08-21T20:59:00,7,53,60
E 47 St & Park Ave,2026-08-21T20:59:00,9,31,40
Broadway & W 41 St,2026-08-21T20:59:00,2,43,45
W 33 St & 7 Ave,2026-08-21T20:59:00,12,38,50
6 Ave & W 33 St,2026-08-21T20:59:00,1,34,35
E 43 St & Vanderbilt Ave,2026-08-21T20:59:00,6,34,40
W 45 St & 6 Ave,2026-08-21T20:59:00,7,28,35
W 21 St & 6 Ave,2026-08-21T20:59:00,29,16,45
8 Ave & W 31 St,2026-08-21T20:59:00,28,22,50
W 20 St & 11 Ave,2026-08-21T20:59:00,18,12,30
W 26 St & 8 Ave,2026-08-21T20:59:00,14,21,35
w 17 st & 8 ave,2026-08-21T20:59:00,11,29,40
9 ave & w 22 st,2026-08-21T20:59:00,24,6,30
Broadway & E 14 St,2026-08-21T20:59:00,50,0,50
Lafayette St & E 8 St,2026-08-21T20:59:00,45,0,45
E 17 St & Broadway,2026-08-21T20:59:00,37,3,40
University Pl & E 14 St,2026-08-21T20:59:00,34,1,35
Carmine St & 6 Ave,2026-08-21T20:59:00,29,1,30
Christopher St & Greenwich St,2026-08-21T20:59:00,30,0,30
e 7 st & avenue a,2026-08-21T20:59:00,33,2,35
West St & Chambers St,2026-08-21T20:59:00,13,32,45
South End Ave & Liberty St,2026-08-21T20:59:00,15,20,35
Vesey Pl & River Terrace,2026-08-21T20:59:00,19,21,40
Cleveland Pl & Spring St,2026-08-21T20:59:00,0,35,35
Broadway & Battery Pl,2026-08-21T20:59:00,26,14,40
1 Ave & E 68 St,2026-08-21T20:59:00,28,12,40
E 72 St & York Ave,2026-08-21T20:59:00,24,11,35
Lexington Ave & E 63 St,2026-08-21T20:59:00,34,1,35
E 75 St & 3 Ave,2026-08-21T20:59:00,14,16,30
W 41 St & 8 Ave,2026-08-21T21:59:00,1,54,55
Pershing Square North,2026-08-21T21:59:00,7,53,60
E 47 St & Park Ave,2026-08-21T21:59:00,9,31,40
Broadway & W 41 St,2026-08-21T21:59:00,2,43,45
W 33 St & 7 Ave,2026-08-21T21:59:00,12,38,50
6 Ave & W 33 St,2026-08-21T21:59:00,1,34,
E 43 St & Vanderbilt Ave,2026-08-21T21:59:00,7,33,40
W  45 St & 6 Ave,2026-08-21T21:59:00,8,27,35
W 21 St & 6 Ave,2026-08-21T21:59:00,29,16,45
8 Ave & W 31 St,2026-08-21T21:59:00,29,21,50
W 20 St & 11 Ave,2026-08-21T21:59:00,18,12,30
W 26 St & 8 Ave,2026-08-21T21:59:00,14,21,35
W 17 St and 8 Ave,2026-08-21T21:59:00,11,29,40
9 Ave & W 22 St,2026-08-21T21:59:00,24,6,30
Broadway & E 14 St,2026-08-21T21:59:00,50,0,50
lafayette st & e 8 st,2026-08-21T21:59:00,44,1,45
E 17 St & Broadway,2026-08-21T21:59:00,38,2,40
University Pl & E 14 St,2026-08-21T21:59:00,35,0,35
Carmine St and 6 Ave,2026-08-21T21:59:00,30,0,30
Christopher St & Greenwich St,2026-08-21T21:59:00,30,0,30
E 7 St & Avenue A,2026-08-21T21:59:00,34,1,35
West St & Chambers St,2026-08-21T21:59:00,12,33,45
South End Ave & Liberty St,2026-08-21T21:59:00,14,21,35
Vesey Pl & River Terrace,2026-08-21T21:59:00,20,20,40
Cleveland Pl & Spring St,2026-08-21T21:59:00,1,34,35
Broadway  & Battery Pl,2026-08-21T21:59:00,28,12,40
1 Ave & E 68 St,2026-08-21T21:59:00,28,12,40
E 72 St & York Ave ,2026-08-21T21:59:00,25,10,35
Lexington Ave & E 63 St,2026-08-21T21:59:00,35,0,35
E 75 St & 3 Ave,2026-08-21T21:59:00,13,17,30
W 41 St & 8 Ave ,2026-08-21T22:59:00,0,55,55
Pershing Square North,2026-08-21T22:59:00,7,53,60
E 47 St & Park Ave,2026-08-21T22:59:00,10,30,40
Broadway & W 41 St ,2026-08-21T22:59:00,2,43,45
W 33 St & 7 Ave,2026-08-21T22:59:00,12,38,50
6 Ave & W 33 St,2026-08-21T22:59:00,1,34,35
e 43 st & vanderbilt ave,2026-08-21T22:59:00,7,33,
W 45 St & 6 Ave,2026-08-21T22:59:00,9,26,35
W 21 St & 6 Ave,2026-08-21T22:59:00,28,17,45
8 Ave & W 31 St,2026-08-21T22:59:00,28,22,50
W 20 St & 11 Ave,2026-08-21T22:59:00,18,12,30
W 26 St & 8 Ave,2026-08-21T22:59:00,14,21,35
W 17 St & 8 Ave,2026-08-21T22:59:00,11,29,40
9 Ave & W 22 St,2026-08-21T22:59:00,26,4,30
broadway & e 14 st,2026-08-21T22:59:00,50,0,50
Lafayette  St & E 8 St,2026-08-21T22:59:00,44,1,45
E 17 St & Broadway,2026-08-21T22:59:00,38,2,40
University Pl & E 14 St,2026-08-21T22:59:00,35,0,
Carmine St & 6 Ave,2026-08-21T22:59:00,30,0,30
Christopher St & Greenwich St,2026-08-21T22:59:00,30,0,30
E 7 St & Avenue A,2026-08-21T22:59:00,32,3,35
West St & Chambers St,2026-08-21T22:59:00,13,32,
South End Ave & Liberty St,2026-08-21T22:59:00,14,21,35
Vesey Pl & River Terrace,2026-08-21T22:59:00,20,20,40
Cleveland  Pl & Spring St,2026-08-21T22:59:00,0,35,35
Broadway & Battery Pl,2026-08-21T22:59:00,28,12,40
1 Ave & E 68 St,2026-08-21T22:59:00,27,13,40
E 72 St & York Ave,2026-08-21T22:59:00,25,10,35
Lexington Ave & E 63 St,2026-08-21T22:59:00,34,1,35
E 75 St & 3 Ave,2026-08-21T22:59:00,12,18,30
W 41 St & 8 Ave,2026-08-21T23:59:00,0,55,55
Pershing Square North,2026-08-21T23:59:00,8,52,60
E 47 St & Park Ave,2026-08-21T23:59:00,11,29,40
Broadway & W 41 St,2026-08-21T23:59:00,2,43,
W 33 St & 7 Ave,2026-08-21T23:59:00,13,37,50
6 ave & w 33 st,2026-08-21T23:59:00,1,34,35
E 43 St & Vanderbilt Ave,2026-08-21T23:59:00,9,31,40
W 45 St & 6 Ave,2026-08-21T23:59:00,9,26,35
W 21 St & 6 Ave,2026-08-21T23:59:00,28,17,45
8 Ave & W 31 St,2026-08-21T23:59:00,27,23,50
W 20 St and 11 Ave,2026-08-21T23:59:00,17,13,30
W 26 St & 8 Ave,2026-08-21T23:59:00,16,19,35
w 17 st & 8 ave,2026-08-21T23:59:00,8,32,40
9 Ave & W 22 St,2026-08-21T23:59:00,25,5,30
Broadway & E 14 St,2026-08-21T23:59:00,50,0,50
Lafayette St & E 8 St,2026-08-21T23:59:00,44,1,
E 17 St & Broadway,2026-08-21T23:59:00,37,3,40
University Pl & E 14 St,2026-08-21T23:59:00,34,1,
Carmine St & 6 Ave,2026-08-21T23:59:00,30,0,30
Christopher St & Greenwich St,2026-08-21T23:59:00,29,1,
E 7 St & Avenue A,2026-08-21T23:59:00,32,3,35
West St & Chambers St,2026-08-21T23:59:00,12,33,45
South End Ave & Liberty St,2026-08-21T23:59:00,15,20,35
Vesey Pl & River Terrace,2026-08-21T23:59:00,21,19,40
Cleveland Pl & Spring St,2026-08-21T23:59:00,0,35,35
Broadway & Battery Pl,2026-08-21T23:59:00,28,12,40
1 Ave & E 68 St,2026-08-21T23:59:00,28,12,40
E 72 St & York Ave,2026-08-21T23:59:00,25,10,35
lexington ave & e 63 st,2026-08-21T23:59:00,35,0,35
E 75 St & 3 Ave,2026-08-21T23:59:00,12,18,30
W 41 St & 8 Ave,2026-08-22T00:59:00,2,53,55
Pershing Square North,2026-08-22T00:59:00,8,52,60
E 47 St & Park Ave,2026-08-22T00:59:00,10,30,40
Broadway & W 41 St ,2026-08-22T00:59:00,2,43,45
W 33 St & 7 Ave,2026-08-22T00:59:00,12,38,50
6 Ave & W 33 St,2026-08-22T00:59:00,1,34,35
E 43 St & Vanderbilt Ave,2026-08-22T00:59:00,8,32,40
W 45 St & 6 Ave,2026-08-22T00:59:00,9,26,35
W 21 St & 6 Ave,2026-08-22T00:59:00,29,16,45
8 Ave and W 31 St,2026-08-22T00:59:00,29,21,50
W 20 St & 11 Ave,2026-08-22T00:59:00,16,14,30
W 26 St & 8 Ave ,2026-08-22T00:59:00,15,20,35
W 17 St & 8 Ave,2026-08-22T00:59:00,7,33,40
9 Ave & W 22 St,2026-08-22T00:59:00,24,6,30
Broadway & E 14 St ,2026-08-22T00:59:00,50,0,50
Lafayette  St & E 8 St,2026-08-22T00:59:00,44,1,45
E 17 St & Broadway,2026-08-22T00:59:00,37,3,40
University Pl & E 14 St,2026-08-22T00:59:00,35,0,35
Carmine St & 6 Ave,2026-08-22T00:59:00,29,1,30
Christopher St & Greenwich St,2026-08-22T00:59:00,28,2,30
E 7 St & Avenue A,2026-08-22T00:59:00,32,3,35
West St & Chambers St,2026-08-22T00:59:00,11,34,
South End Ave & Liberty St,2026-08-22T00:59:00,16,19,35
vesey pl & river terrace,2026-08-22T00:59:00,21,19,40
Cleveland Pl & Spring St ,2026-08-22T00:59:00,1,34,35
Broadway & Battery Pl,2026-08-22T00:59:00,27,13,40
1 Ave & E 68 St,2026-08-22T00:59:00,27,13,40
E 72 St & York Ave,2026-08-22T00:59:00,25,10,35
Lexington Ave & E 63 St,2026-08-22T00:59:00,35,0,35
E 75 St & 3 Ave,2026-08-22T00:59:00,12,18,30
w 41 st & 8 ave,2026-08-22T01:59:00,2,53,
Pershing Square North,2026-08-22T01:59:00,7,53,60
E 47 St & Park Ave,2026-08-22T01:59:00,10,30,
Broadway & W 41 St,2026-08-22T01:59:00,3,42,45
W 33 St & 7 Ave,2026-08-22T01:59:00,12,38,50
6 Ave & W 33 St,2026-08-22T01:59:00,0,35,35
e 43 st & vanderbilt ave,2026-08-22T01:59:00,8,32,40
W 45 St & 6 Ave,2026-08-22T01:59:00,9,26,35
W 21 St & 6 Ave,2026-08-22T01:59:00,29,16,45
8 ave & w 31 st,2026-08-22T01:59:00,29,21,50
W 20 St & 11 Ave,2026-08-22T01:59:00,16,14,30
W 26 St & 8 Ave,2026-08-22T01:59:00,15,20,
W 17 St & 8 Ave,2026-08-22T01:59:00,7,33,40
9 Ave & W 22 St,2026-08-22T01:59:00,25,5,
Broadway & E 14 St,2026-08-22T01:59:00,50,0,50
Lafayette St & E 8 St ,2026-08-22T01:59:00,45,0,45
E 17 St & Broadway,2026-08-22T01:59:00,36,4,40
University Pl & E 14 St,2026-08-22T01:59:00,34,1,35
Carmine St & 6 Ave,2026-08-22T01:59:00,28,2,30
Christopher St & Greenwich St,2026-08-22T01:59:00,28,2,30
E 7 St & Avenue A,2026-08-22T01:59:00,32,3,35
West St & Chambers St,2026-08-22T01:59:00,10,35,45
South End Ave & Liberty St,2026-08-22T01:59:00,15,20,35
Vesey Pl & River Terrace,2026-08-22T01:59:00,21,19,40
Cleveland Pl & Spring St,2026-08-22T01:59:00,0,35,35
Broadway & Battery Pl,2026-08-22T01:59:00,26,14,40
1 Ave & E 68 St,2026-08-22T01:59:00,27,13,40
E 72 St & York Ave,2026-08-22T01:59:00,24,11,35
Lexington Ave & E 63 St,2026-08-22T01:59:00,35,0,35
E 75 St & 3 Ave,2026-08-22T01:59:00,12,18,30
W 41 St & 8 Ave,2026-08-22T02:59:00,2,53,55
Pershing Square North,2026-08-22T02:59:00,7,53,60
e 47 st & park ave,2026-08-22T02:59:00,10,30,
Broadway & W 41 St,2026-08-22T02:59:00,2,43,45
W 33 St & 7 Ave,2026-08-22T02:59:00,12,38,
6 Ave & W 33 St,2026-08-22T02:59:00,0,35,35
E 43 St & Vanderbilt Ave,2026-08-22T02:59:00,8,32,40
W 45 St & 6 Ave,2026-08-22T02:59:00,9,26,35
W 21 St & 6 Ave,2026-08-22T02:59:00,29,16,45
8 Ave & W 31 St,2026-08-22T02:59:00,29,21,50
W 20 St & 11 Ave,2026-08-22T02:59:00,15,15,30
W 26 St & 8 Ave,2026-08-22T02:59:00,15,20,35
W 17 St & 8 Ave,2026-08-22T02:59:00,7,33,40
9 Ave & W 22 St,2026-08-22T02:59:00,23,7,
broadway & e 14 st,2026-08-22T02:59:00,50,0,50
Lafayette St & E 8 St,2026-08-22T02:59:00,44,1,
E  17 St & Broadway,2026-08-22T02:59:00,36,4,40
University Pl & E 14 St,2026-08-22T02:59:00,34,1,35
Carmine St & 6 Ave,2026-08-22T02:59:00,28,2,
Christopher St & Greenwich St,2026-08-22T02:59:00,28,2,30
E 7 St & Avenue A,2026-08-22T02:59:00,33,2,35
West St & Chambers St,2026-08-22T02:59:00,9,36,45
South End Ave & Liberty St,2026-08-22T02:59:00,15,20,35
Vesey Pl & River Terrace,2026-08-22T02:59:00,22,18,
Cleveland Pl & Spring St,2026-08-22T02:59:00,0,35,
Broadway & Battery Pl,2026-08-22T02:59:00,25,15,40
1 Ave & E 68 St,2026-08-22T02:59:00,27,13,40
E 72 St & York Ave,2026-08-22T02:59:00,25,10,35
Lexington Ave & E 63 St,2026-08-22T02:59:00,34,1,35
E 75 St & 3 Ave,2026-08-22T02:59:00,12,18,30
W 41 St & 8 Ave,2026-08-22T03:59:00,28,27,55
Pershing Square North ,2026-08-22T03:59:00,25,35,60
E 47 St & Park Ave,2026-08-22T03:59:00,19,21,40
Broadway  & W 41 St,2026-08-22T03:59:00,17,28,45
W 33 St & 7 Ave,2026-08-22T03:59:00,27,23,50
6 Ave & W 33 St,2026-08-22T03:59:00,17,18,35
E 43 St & Vanderbilt Ave,2026-08-22T03:59:00,21,19,40
W 45 St & 6 Ave ,2026-08-22T03:59:00,20,15,
W 21 St & 6 Ave ,2026-08-22T03:59:00,21,24,45
8 Ave & W 31 St,2026-08-22T03:59:00,24,26,50
W 20 St & 11 Ave,2026-08-22T03:59:00,13,17,30
W 26 St and 8 Ave,2026-08-22T03:59:00,21,14,35
W 17 St & 8 Ave,2026-08-22T03:59:00,21,19,40
9 Ave & W 22 St,2026-08-22T03:59:00,17,13,
Broadway & E 14 St,2026-08-22T03:59:00,31,19,50
Lafayette St & E 8 St,2026-08-22T03:59:00,17,28,45
E 17 St & Broadway,2026-08-22T03:59:00,19,21,40
University Pl & E 14 St,2026-08-22T03:59:00,20,15,35
Carmine St & 6 Ave,2026-08-22T03:59:00,12,18,30
Christopher St & Greenwich St,2026-08-22T03:59:00,17,13,30
E  7 St & Avenue A,2026-08-22T03:59:00,18,17,35
West St & Chambers St,2026-08-22T03:59:00,23,22,45
South End Ave & Liberty St,2026-08-22T03:59:00,19,16,35
Vesey Pl & River Terrace,2026-08-22T03:59:00,22,18,40
Cleveland Pl & Spring St,2026-08-22T03:59:00,21,14,35
broadway & battery pl,2026-08-22T03:59:00,21,19,40
1 Ave & E 68 St,2026-08-22T03:59:00,21,19,40
E 72 St & York Ave,2026-08-22T03:59:00,16,19,35
Lexington Ave & E 63 St ,2026-08-22T03:59:00,16,19,35
E 75 St & 3 Ave,2026-08-22T03:59:00,14,16,30
w 41 st & 8 ave,2026-08-22T04:59:00,28,27,55
pershing square north,2026-08-22T04:59:00,25,35,60
E 47 St & Park Ave,2026-08-22T04:59:00,20,20,40
Broadway & W 41 St,2026-08-22T04:59:00,16,29,45
W 33 St & 7 Ave,2026-08-22T04:59:00,28,22,50
6 Ave & W 33 St,2026-08-22T04:59:00,16,19,35
E 43 St & Vanderbilt Ave,2026-08-22T04:59:00,21,19,40
W 45 St & 6 Ave,2026-08-22T04:59:00,19,16,35
W 21 St & 6 Ave,2026-08-22T04:59:00,21,24,45
8 Ave & W 31 St,2026-08-22T04:59:00,25,25,50
W 20 St & 11 Ave,2026-08-22T04:59:00,12,18,30
W 26 St & 8 Ave,2026-08-22T04:59:00,21,14,35
W 17 St & 8 Ave,2026-08-22T04:59:00,22,18,40
9 Ave & W 22 St,2026-08-22T04:59:00,17,13,30
Broadway and E 14 St,2026-08-22T04:59:00,31,19,50
lafayette st & e 8 st,2026-08-22T04:59:00,17,28,45
E 17 St & Broadway,2026-08-22T04:59:00,18,22,
University Pl & E 14 St ,2026-08-22T04:59:00,20,15,35
Carmine St & 6 Ave,2026-08-22T04:59:00,13,17,30
Christopher St & Greenwich St,2026-08-22T04:59:00,18,12,30
E 7 St & Avenue A,2026-08-22T04:59:00,17,18,35
West St & Chambers St,2026-08-22T04:59:00,23,22,45
south end ave & liberty st,2026-08-22T04:59:00,20,15,35
Vesey Pl & River Terrace,2026-08-22T04:59:00,21,19,
Cleveland Pl & Spring St ,2026-08-22T04:59:00,22,13,35
Broadway & Battery Pl,2026-08-22T04:59:00,21,19,40
1 Ave & E 68 St,2026-08-22T04:59:00,23,17,40
E 72 St & York Ave,2026-08-22T04:59:00,14,21,35
Lexington Ave & E 63 St,2026-08-22T04:59:00,16,19,35
E 75 St & 3 Ave,2026-08-22T04:59:00,14,16,30
W 41 St & 8 Ave,2026-08-22T05:59:00,28,27,55
Pershing Square North,2026-08-22T05:59:00,25,35,60
E 47 St & Park Ave,2026-08-22T05:59:00,20,20,40
Broadway & W 41 St,2026-08-22T05:59:00,17,28,45
W 33 St & 7 Ave,2026-08-22T05:59:00,28,22,50
6 Ave & W 33 St,2026-08-22T05:59:00,16,19,
E 43 St & Vanderbilt Ave,2026-08-22T05:59:00,21,19,40
W 45 St & 6 Ave,2026-08-22T05:59:00,20,15,35
W 21 St and 6 Ave,2026-08-22T05:59:00,21,24,45
8 Ave & W 31 St,2026-08-22T05:59:00,26,24,50
W 20 St & 11 Ave,2026-08-22T05:59:00,11,19,
W 26 St & 8 Ave,2026-08-22T05:59:00,22,13,35
W 17 St & 8 Ave,2026-08-22T05:59:00,21,19,40
9 Ave & W 22 St,2026-08-22T05:59:00,18,12,30
broadway & e 14 st,2026-08-22T05:59:00,30,20,50
Lafayette St & E 8 St,2026-08-22T05:59:00,15,30,45
E  17 St & Broadway,2026-08-22T05:59:00,18,22,40
University Pl & E 14 St,2026-08-22T05:59:00,19,16,35
Carmine St & 6 Ave,2026-08-22T05:59:00,12,18,30
Christopher St & Greenwich St,2026-08-22T05:59:00,17,13,30
E 7 St & Avenue A,2026-08-22T05:59:00,18,17,35
West St & Chambers St,2026-08-22T05:59:00,23,22,45
South End Ave & Liberty St,2026-08-22T05:59:00,19,16,35
Vesey Pl & River Terrace ,2026-08-22T05:59:00,20,20,40
Cleveland Pl & Spring St,2026-08-22T05:59:00,23,12,35
Broadway & Battery Pl,2026-08-22T05:59:00,21,19,
1 Ave & E 68 St,2026-08-22T05:59:00,23,17,40
E 72 St & York Ave,2026-08-22T05:59:00,13,22,35
Lexington Ave & E 63 St,2026-08-22T05:59:00,16,19,35
E 75 St & 3 Ave,2026-08-22T05:59:00,13,17,30
W 41 St & 8 Ave,2026-08-22T06:59:00,27,28,55
Pershing Square North,2026-08-22T06:59:00,25,35,60
E 47 St & Park Ave,2026-08-22T06:59:00,20,20,40
Broadway & W 41 St,2026-08-22T06:59:00,17,28,45
W 33 St & 7 Ave,2026-08-22T06:59:00,28,22,50
6 Ave & W 33 St,2026-08-22T06:59:00,15,20,
E 43 St & Vanderbilt Ave,2026-08-22T06:59:00,21,19,40
W 45 St & 6 Ave,2026-08-22T06:59:00,21,14,35
W 21 St & 6 Ave,2026-08-22T06:59:00,21,24,45
8 Ave & W 31 St,2026-08-22T06:59:00,26,24,50
W 20 St & 11 Ave,2026-08-22T06:59:00,10,20,
W 26 St & 8 Ave,2026-08-22T06:59:00,21,14,35
W 17 St & 8 Ave,2026-08-22T06:59:00,21,19,
9 Ave & W 22 St,2026-08-22T06:59:00,19,11,30
Broadway & E 14 St,2026-08-22T06:59:00,31,19,50
Lafayette St & E 8 St,2026-08-22T06:59:00,16,29,45
E 17 St and Broadway,2026-08-22T06:59:00,18,22,40
University Pl & E 14 St ,2026-08-22T06:59:00,19,16,35
Carmine St & 6 Ave,2026-08-22T06:59:00,11,19,30
Christopher St & Greenwich St,2026-08-22T06:59:00,17,13,
E 7 St & Avenue A,2026-08-22T06:59:00,17,18,35
West St & Chambers St,2026-08-22T06:59:00,24,21,45
South End Ave & Liberty St,2026-08-22T06:59:00,18,17,35
Vesey Pl & River Terrace,2026-08-22T06:59:00,21,19,40
Cleveland Pl & Spring St ,2026-08-22T06:59:00,22,13,
Broadway & Battery Pl,2026-08-22T06:59:00,21,19,40
1 Ave & E 68 St,2026-08-22T06:59:00,24,16,40
E 72 St & York Ave,2026-08-22T06:59:00,12,23,35
Lexington Ave & E 63 St,2026-08-22T06:59:00,16,19,35
E 75 St & 3 Ave,2026-08-22T06:59:00,13,17,30
W 41 St & 8 Ave,2026-08-22T07:59:00,28,27,
Pershing Square North,2026-08-22T07:59:00,25,35,60
E 47 St & Park Ave,2026-08-22T07:59:00,21,19,
Broadway and W 41 St,2026-08-22T07:59:00,17,28,45
W 33 St & 7 Ave,2026-08-22T07:59:00,29,21,50
6 ave & w 33 st,2026-08-22T07:59:00,15,20,35
E 43 St & Vanderbilt Ave,2026-08-22T07:59:00,20,20,40
W 45 St & 6 Ave,2026-08-22T07:59:00,21,14,35
W 21 St & 6 Ave,2026-08-22T07:59:00,20,25,45
8 Ave & W 31 St,2026-08-22T07:59:00,26,24,
W 20 St & 11 Ave,2026-08-22T07:59:00,10,20,30
W 26 St & 8 Ave,2026-08-22T07:59:00,20,15,35
W 17 St & 8 Ave,2026-08-22T07:59:00,21,19,40
9 Ave & W 22 St,2026-08-22T07:59:00,19,11,30
Broadway & E 14 St,2026-08-22T07:59:00,32,18,50
Lafayette St & E 8 St,2026-08-22T07:59:00,17,28,45
E 17 St & Broadway,2026-08-22T07:59:00,17,23,40
University Pl & E 14 St,2026-08-22T07:59:00,19,16,35
Carmine  St & 6 Ave,2026-08-22T07:59:00,11,19,30
Christopher St & Greenwich St,2026-08-22T07:59:00,19,11,30
E 7 St & Avenue A,2026-08-22T07:59:00,17,18,
West St & Chambers St,2026-08-22T07:59:00,24,21,45
south end ave & liberty st,2026-08-22T07:59:00,19,16,35
Vesey Pl & River Terrace,2026-08-22T07:59:00,19,21,40
Cleveland Pl & Spring St,2026-08-22T07:59:00,23,12,35
Broadway & Battery Pl,2026-08-22T07:59:00,21,19,40
1 Ave & E 68 St,2026-08-22T07:59:00,24,16,40
e 72 st & york ave,2026-08-22T07:59:00,12,23,35
Lexington Ave & E 63 St ,2026-08-22T07:59:00,17,18,35
E 75 St & 3 Ave,2026-08-22T07:59:00,13,17,30
W 41 St & 8 Ave,2026-08-22T08:59:00,28,27,55
Pershing Square North,2026-08-22T08:59:00,25,35,60
E 47 St & Park Ave,2026-08-22T08:59:00,20,20,40
Broadway & W 41 St ,2026-08-22T08:59:00,16,29,45
W 33 St & 7 Ave,2026-08-22T08:59:00,27,23,50
6 Ave & W 33 St,2026-08-22T08:59:00,15,20,35
E 43 St & Vanderbilt Ave,2026-08-22T08:59:00,20,20,40
W 45 St and 6 Ave,2026-08-22T08:59:00,20,15,35
W 21 St & 6 Ave,2026-08-22T08:59:00,19,26,45
8 Ave & W 31 St,2026-08-22T08:59:00,25,25,50
W 20 St & 11 Ave,2026-08-22T08:59:00,11,19,30
W 26 St and 8 Ave,2026-08-22T08:59:00,20,15,35
W 17 St & 8 Ave,2026-08-22T08:59:00,21,19,40
9 Ave & W 22 St,2026-08-22T08:59:00,19,11,30
Broadway & E 14 St,2026-08-22T08:59:00,30,20,50
lafayette st & e 8 st,2026-08-22T08:59:00,17,28,45
E 17 St & Broadway,2026-08-22T08:59:00,18,22,40
University Pl & E 14 St,2026-08-22T08:59:00,19,16,35
Carmine St & 6 Ave,2026-08-22T08:59:00,10,20,30
Christopher St & Greenwich St,2026-08-22T08:59:00,18,12,30
E 7 St & Avenue A,2026-08-22T08:59:00,18,17,35
West St & Chambers St,2026-08-22T08:59:00,25,20,45
South End Ave & Liberty St,2026-08-22T08:59:00,19,16,35
Vesey  Pl & River Terrace,2026-08-22T08:59:00,20,20,
Cleveland Pl & Spring St,2026-08-22T08:59:00,22,13,35
broadway & battery pl,2026-08-22T08:59:00,21,19,
1 Ave & E 68 St,2026-08-22T08:59:00,24,16,40
E 72 St & York Ave,2026-08-22T08:59:00,12,23,35
Lexington Ave & E 63 St ,2026-08-22T08:59:00,16,19,
E 75 St & 3 Ave,2026-08-22T08:59:00,13,17,30
W 41 St & 8 Ave,2026-08-22T09:59:00,28,27,55
Pershing Square North,2026-08-22T09:59:00,24,36,60
E 47 St & Park Ave,2026-08-22T09:59:00,22,18,40
Broadway & W 41 St,2026-08-22T09:59:00,15,30,45
W 33 St & 7 Ave,2026-08-22T09:59:00,27,23,
6 Ave & W 33 St,2026-08-22T09:59:00,14,21,35
E 43 St & Vanderbilt Ave,2026-08-22T09:59:00,19,21,
W 45 St & 6 Ave,2026-08-22T09:59:00,19,16,35
W 21 St & 6 Ave,2026-08-22T09:59:00,20,25,45
8 Ave & W 31 St,2026-08-22T09:59:00,24,26,
W 20 St & 11 Ave,2026-08-22T09:59:00,11,19,
W 26 St & 8 Ave,2026-08-22T09:59:00,19,16,35
W 17 St & 8 Ave,2026-08-22T09:59:00,20,20,40
9 Ave & W 22 St,2026-08-22T09:59:00,20,10,30
Broadway & E 14 St,2026-08-22T09:59:00,30,20,50
Lafayette St & E 8 St,2026-08-22T09:59:00,16,29,45
E 17 St and Broadway,2026-08-22T09:59:00,17,23,40
University Pl & E 14 St,2026-08-22T09:59:00,19,16,35
Carmine St & 6 Ave,2026-08-22T09:59:00,9,21,30
Christopher St & Greenwich St,2026-08-22T09:59:00,18,12,30
E 7 St & Avenue A,2026-08-22T09:59:00,17,18,35
West St & Chambers St,2026-08-22T09:59:00,25,20,45
South End Ave & Liberty St,2026-08-22T09:59:00,19,16,35
vesey pl & river terrace,2026-08-22T09:59:00,20,20,40
Cleveland Pl & Spring St,2026-08-22T09:59:00,23,12,35
Broadway & Battery Pl,2026-08-22T09:59:00,22,18,40
1 ave & e 68 st,2026-08-22T09:59:00,24,16,40
e 72 st & york ave,2026-08-22T09:59:00,11,24,35
lexington ave & e 63 st,2026-08-22T09:59:00,15,20,35
E 75 St & 3 Ave,2026-08-22T09:59:00,13,17,30
W 41 St & 8 Ave,2026-08-22T10:59:00,27,28,55
Pershing  Square North,2026-08-22T10:59:00,25,35,60
E 47 St & Park Ave,2026-08-22T10:59:00,22,18,40
Broadway & W 41 St,2026-08-22T10:59:00,15,30,45
W 33 St & 7 Ave,2026-08-22T10:59:00,28,22,50
6 Ave & W 33 St,2026-08-22T10:59:00,14,21,35
E 43 St & Vanderbilt Ave,2026-08-22T10:59:00,19,21,40
W 45 St & 6 Ave,2026-08-22T10:59:00,18,17,35
W 21 St & 6 Ave,2026-08-22T10:59:00,20,25,45
8 Ave & W 31 St,2026-08-22T10:59:00,26,24,50
W 20 St & 11 Ave,2026-08-22T10:59:00,12,18,30
W 26 St & 8 Ave,2026-08-22T10:59:00,17,18,35
W 17 St & 8 Ave,2026-08-22T10:59:00,19,21,40
9 Ave & W 22 St,2026-08-22T10:59:00,20,10,30
Broadway & E 14 St,2026-08-22T10:59:00,29,21,50
Lafayette St & E 8 St,2026-08-22T10:59:00,17,28,45
E 17 St & Broadway,2026-08-22T10:59:00,16,24,40
University Pl & E 14 St,2026-08-22T10:59:00,19,16,35
Carmine St & 6 Ave,2026-08-22T10:59:00,11,19,30
Christopher  St & Greenwich St,2026-08-22T10:59:00,19,11,30
E 7 St & Avenue A ,2026-08-22T10:59:00,17,18,35
West St & Chambers St,2026-08-22T10:59:00,24,21,45
south end ave & liberty st,2026-08-22T10:59:00,20,15,35
Vesey Pl & River Terrace,2026-08-22T10:59:00,20,20,40
Cleveland Pl and Spring St,2026-08-22T10:59:00,23,12,35
Broadway & Battery Pl,2026-08-22T10:59:00,21,19,40
1 Ave & E 68 St,2026-08-22T10:59:00,24,16,40
E 72 St & York Ave,2026-08-22T10:59:00,12,23,35
Lexington Ave & E 63 St,2026-08-22T10:59:00,15,20,35
E 75 St & 3 Ave,2026-08-22T10:59:00,12,18,30
W 41 St and 8 Ave,2026-08-22T11:59:00,26,29,55
Pershing Square North,2026-08-22T11:59:00,25,35,60
E 47 St & Park Ave,2026-08-22T11:59:00,22,18,40
Broadway & W 41 St,2026-08-22T11:59:00,15,30,45
W 33 St & 7 Ave,2026-08-22T11:59:00,27,23,50
6 Ave & W 33 St,2026-08-22T11:59:00,14,21,35
E 43 St & Vanderbilt Ave,2026-08-22T11:59:00,18,22,40
W 45 St & 6 Ave,2026-08-22T11:59:00,19,16,
w 21 st & 6 ave,2026-08-22T11:59:00,20,25,45
8  Ave & W 31 St,2026-08-22T11:59:00,26,24,50
W 20 St & 11 Ave,2026-08-22T11:59:00,12,18,30
W 26 St & 8 Ave,2026-08-22T11:59:00,18,17,35
W 17 St & 8 Ave,2026-08-22T11:59:00,19,21,40
9 Ave & W 22 St,2026-08-22T11:59:00,20,10,30
Broadway & E 14 St,2026-08-22T11:59:00,29,21,50
Lafayette St & E 8 St,2026-08-22T11:59:00,16,29,45
E 17 St & Broadway,2026-08-22T11:59:00,16,24,40
University Pl & E 14 St,2026-08-22T11:59:00,19,16,35
Carmine St & 6 Ave,2026-08-22T11:59:00,12,18,30
Christopher St & Greenwich St,2026-08-22T11:59:00,18,12,30
E 7 St & Avenue A,2026-08-22T11:59:00,17,18,35
West St & Chambers St,2026-08-22T11:59:00,24,21,45
South End Ave & Liberty St,2026-08-22T11:59:00,20,15,35
Vesey Pl & River Terrace,2026-08-22T11:59:00,20,20,
Cleveland Pl & Spring St,2026-08-22T11:59:00,24,11,35
Broadway & Battery Pl,2026-08-22T11:59:00,21,19,40
1 Ave & E 68 St,2026-08-22T11:59:00,25,15,40
E 72 St & York Ave,2026-08-22T11:59:00,12,23,35
Lexington Ave & E 63 St,2026-08-22T11:59:00,16,19,35
E 75 St & 3 Ave,2026-08-22T11:59:00,13,17,30
W 41 St & 8 Ave,2026-08-22T12:59:00,27,28,55
pershing square north,2026-08-22T12:59:00,27,33,
E 47 St & Park Ave ,2026-08-22T12:59:00,22,18,40
Broadway & W 41 St,2026-08-22T12:59:00,15,30,45
W 33 St & 7 Ave,2026-08-22T12:59:00,27,23,50
6 Ave & W 33 St,2026-08-22T12:59:00,15,20,35
e 43 st & vanderbilt ave,2026-08-22T12:59:00,18,22,
W 45 St & 6 Ave,2026-08-22T12:59:00,19,16,35
W 21 St & 6 Ave,2026-08-22T12:59:00,20,25,45
8 Ave & W 31 St,2026-08-22T12:59:00,26,24,50
W 20 St & 11 Ave,2026-08-22T12:59:00,11,19,30
W 26 St & 8 Ave,2026-08-22T12:59:00,18,17,35
W 17 St & 8 Ave,2026-08-22T12:59:00,19,21,40
9  Ave & W 22 St,2026-08-22T12:59:00,20,10,30
Broadway and E 14 St,2026-08-22T12:59:00,29,21,50
Lafayette St & E 8 St,2026-08-22T12:59:00,16,29,45
E 17 St & Broadway,2026-08-22T12:59:00,17,23,40
University Pl & E 14 St,2026-08-22T12:59:00,19,16,35
Carmine St & 6 Ave,2026-08-22T12:59:00,13,17,30
Christopher  St & Greenwich St,2026-08-22T12:59:00,18,12,30
E 7 St & Avenue A,2026-08-22T12:59:00,16,19,35
West  St & Chambers St,2026-08-22T12:59:00,24,21,45
South End Ave & Liberty St,2026-08-22T12:59:00,21,14,35
Vesey Pl & River Terrace,2026-08-22T12:59:00,20,20,40
Cleveland Pl & Spring St,2026-08-22T12:59:00,23,12,35
Broadway & Battery Pl,2026-08-22T12:59:00,21,19,40
1 Ave & E 68 St,2026-08-22T12:59:00,24,16,40
E 72 St & York Ave,2026-08-22T12:59:00,12,23,35
Lexington Ave & E 63 St,2026-08-22T12:59:00,17,18,35
E  75 St & 3 Ave,2026-08-22T12:59:00,13,17,30
W 41 St & 8 Ave,2026-08-22T13:59:00,27,28,55
Pershing Square North,2026-08-22T13:59:00,28,32,60
E 47 St and Park Ave,2026-08-22T13:59:00,22,18,40
Broadway & W 41 St,2026-08-22T13:59:00,15,30,45
W 33 St & 7 Ave,2026-08-22T13:59:00,27,23,50
6 Ave & W 33 St,2026-08-22T13:59:00,14,21,35
E 43 St & Vanderbilt Ave,2026-08-22T13:59:00,18,22,40
W 45 St & 6 Ave,2026-08-22T13:59:00,19,16,35
W 21 St & 6 Ave,2026-08-22T13:59:00,19,26,45
8 Ave & W 31 St,2026-08-22T13:59:00,27,23,50
W 20 St & 11 Ave ,2026-08-22T13:59:00,11,19,30
W 26 St & 8 Ave,2026-08-22T13:59:00,16,19,35
W 17 St & 8 Ave,2026-08-22T13:59:00,19,21,40
9 Ave & W 22 St,2026-08-22T13:59:00,20,10,30
broadway & e 14 st,2026-08-22T13:59:00,30,20,50
Lafayette St & E 8 St,2026-08-22T13:59:00,16,29,45
E 17 St & Broadway,2026-08-22T13:59:00,17,23,40
University Pl & E 14 St ,2026-08-22T13:59:00,20,15,35
Carmine St & 6 Ave,2026-08-22T13:59:00,13,17,30
christopher st & greenwich st,2026-08-22T13:59:00,19,11,30
E 7 St & Avenue A,2026-08-22T13:59:00,17,18,35
West St & Chambers St,2026-08-22T13:59:00,25,20,45
South End Ave & Liberty St,2026-08-22T13:59:00,20,15,35
Vesey Pl & River Terrace,2026-08-22T13:59:00,19,21,40
Cleveland Pl & Spring St,2026-08-22T13:59:00,22,13,35
broadway & battery pl,2026-08-22T13:59:00,21,19,40
1 Ave & E 68 St,2026-08-22T13:59:00,25,15,40
E 72 St & York Ave,2026-08-22T13:59:00,12,23,35
Lexington Ave & E 63 St,2026-08-22T13:59:00,17,18,35
E 75 St & 3 Ave,2026-08-22T13:59:00,13,17,30
W 41 St & 8 Ave,2026-08-22T14:59:00,27,28,55
Pershing Square North,2026-08-22T14:59:00,27,33,60
E 47 St & Park Ave,2026-08-22T14:59:00,22,18,40
Broadway & W 41 St,2026-08-22T14:59:00,16,29,45
W 33 St & 7 Ave,2026-08-22T14:59:00,27,23,50
6 Ave & W 33 St,2026-08-22T14:59:00,13,22,35
E 43 St & Vanderbilt Ave,2026-08-22T14:59:00,18,22,40
W 45 St & 6 Ave,2026-08-22T14:59:00,19,16,35
W 21 St & 6 Ave,2026-08-22T14:59:00,19,26,45
8 Ave & W 31 St,2026-08-22T14:59:00,26,24,50
W 20 St & 11 Ave,2026-08-22T14:59:00,11,19,30
W 26 St & 8 Ave,2026-08-22T14:59:00,16,19,35
W 17 St & 8 Ave ,2026-08-22T14:59:00,19,21,40
9 Ave & W 22 St,2026-08-22T14:59:00,20,10,30
Broadway & E 14 St,2026-08-22T14:59:00,30,20,50
Lafayette St & E 8 St,2026-08-22T14:59:00,16,29,45
E 17 St & Broadway,2026-08-22T14:59:00,16,24,40
University Pl & E 14 St,2026-08-22T14:59:00,21,14,35
Carmine St & 6 Ave,2026-08-22T14:59:00,14,16,30
Christopher St & Greenwich St,2026-08-22T14:59:00,20,10,30
E 7 St & Avenue A,2026-08-22T14:59:00,17,18,35
West St & Chambers St,2026-08-22T14:59:00,27,18,45
South End Ave & Liberty St,2026-08-22T14:59:00,19,16,35
Vesey Pl & River Terrace,2026-08-22T14:59:00,19,21,40
Cleveland Pl & Spring St,2026-08-22T14:59:00,22,13,35
Broadway & Battery Pl,2026-08-22T14:59:00,21,19,40
1 Ave & E 68 St,2026-08-22T14:59:00,26,14,40
E 72 St & York Ave,2026-08-22T14:59:00,12,23,35
Lexington Ave & E 63 St,2026-08-22T14:59:00,17,18,35
E 75 St & 3 Ave,2026-08-22T14:59:00,14,16,
W 41 St & 8 Ave,2026-08-22T15:59:00,27,28,55
Pershing Square North,2026-08-22T15:59:00,27,33,60
E 47 St & Park Ave ,2026-08-22T15:59:00,22,18,
broadway & w 41 st,2026-08-22T15:59:00,17,28,45
W 33 St & 7 Ave,2026-08-22T15:59:00,26,24,
6 Ave & W 33 St,2026-08-22T15:59:00,12,23,35
E 43 St & Vanderbilt Ave,2026-08-22T15:59:00,19,21,40
w 45 st & 6 ave,2026-08-22T15:59:00,19,16,35
W 21 St & 6 Ave,2026-08-22T15:59:00,19,26,45
8 Ave & W 31 St,2026-08-22T15:59:00,26,24,50
W 20 St & 11 Ave,2026-08-22T15:59:00,11,19,30
W 26 St & 8 Ave,2026-08-22T15:59:00,15,20,35
W 17 St & 8 Ave,2026-08-22T15:59:00,19,21,40
9 Ave & W 22 St,2026-08-22T15:59:00,20,10,30
Broadway & E 14 St,2026-08-22T15:59:00,30,20,50
lafayette st & e 8 st,2026-08-22T15:59:00,17,28,45
E 17 St & Broadway,2026-08-22T15:59:00,15,25,40
University Pl & E 14 St ,2026-08-22T15:59:00,21,14,35
Carmine St & 6 Ave,2026-08-22T15:59:00,15,15,30
Christopher St & Greenwich St,2026-08-22T15:59:00,20,10,30
E 7 St & Avenue A,2026-08-22T15:59:00,17,18,35
West St & Chambers St,2026-08-22T15:59:00,27,18,45
South End Ave & Liberty St,2026-08-22T15:59:00,19,16,35
Vesey Pl & River Terrace,2026-08-22T15:59:00,19,21,
Cleveland Pl & Spring St,2026-08-22T15:59:00,22,13,
Broadway & Battery Pl,2026-08-22T15:59:00,20,20,40
1 Ave & E 68 St,2026-08-22T15:59:00,25,15,40
E 72 St & York Ave ,2026-08-22T15:59:00,12,23,
Lexington Ave & E 63 St,2026-08-22T15:59:00,17,18,35
E 75 St & 3 Ave ,2026-08-22T15:59:00,13,17,30
W 41 St & 8 Ave,2026-08-22T16:59:00,28,27,
Pershing Square North,2026-08-22T16:59:00,27,33,60
E 47 St & Park Ave,2026-08-22T16:59:00,23,17,40
Broadway & W 41 St,2026-08-22T16:59:00,16,29,45
W 33 St & 7 Ave,2026-08-22T16:59:00,26,24,50
6 Ave & W 33 St,2026-08-22T16:59:00,13,22,35
E 43 St & Vanderbilt Ave,2026-08-22T16:59:00,20,20,40
W 45 St & 6 Ave,2026-08-22T16:59:00,20,15,35
W 21 St & 6 Ave,2026-08-22T16:59:00,19,26,
8 Ave & W 31 St,2026-08-22T16:59:00,25,25,50
W 20 St & 11 Ave,2026-08-22T16:59:00,11,19,30
W 26 St & 8 Ave,2026-08-22T16:59:00,16,19,35
W 17 St & 8 Ave,2026-08-22T16:59:00,19,21,40
9 Ave & W 22 St ,2026-08-22T16:59:00,21,9,30
Broadway & E 14 St,2026-08-22T16:59:00,30,20,50
Lafayette St & E 8 St,2026-08-22T16:59:00,17,28,45
E 17 St & Broadway,2026-08-22T16:59:00,15,25,40
University Pl & E 14 St,2026-08-22T16:59:00,19,16,35
Carmine St & 6 Ave,2026-08-22T16:59:00,15,15,30
Christopher St & Greenwich St,2026-08-22T16:59:00,19,11,30
E 7 St & Avenue A,2026-08-22T16:59:00,18,17,35
West St & Chambers St,2026-08-22T16:59:00,28,17,45
South End Ave & Liberty St,2026-08-22T16:59:00,20,15,35
Vesey Pl & River Terrace,2026-08-22T16:59:00,18,22,40
Cleveland Pl & Spring St,2026-08-22T16:59:00,22,13,35
Broadway and Battery Pl,2026-08-22T16:59:00,20,20,40
1 Ave & E 68 St,2026-08-22T16:59:00,25,15,40
E 72 St & York Ave,2026-08-22T16:59:00,12,23,35
Lexington Ave & E 63 St,2026-08-22T16:59:00,17,18,35
E 75 St & 3 Ave,2026-08-22T16:59:00,13,17,
W 41 St & 8 Ave,2026-08-22T17:59:00,28,27,55
Pershing Square North,2026-08-22T17:59:00,27,33,
E 47 St & Park Ave,2026-08-22T17:59:00,23,17,40
Broadway & W 41 St,2026-08-22T17:59:00,15,30,45
W 33 St & 7 Ave,2026-08-22T17:59:00,26,24,50
6 Ave & W 33 St,2026-08-22T17:59:00,14,21,35
E 43 St & Vanderbilt Ave,2026-08-22T17:59:00,21,19,40
W 45 St & 6 Ave,2026-08-22T17:59:00,20,15,35
W 21 St & 6 Ave,2026-08-22T17:59:00,17,28,45
8 Ave & W 31 St,2026-08-22T17:59:00,25,25,50
W 20 St & 11 Ave,2026-08-22T17:59:00,11,19,30
W 26 St & 8 Ave,2026-08-22T17:59:00,16,19,35
W 17 St & 8 Ave ,2026-08-22T17:59:00,19,21,40
9 Ave & W 22 St,2026-08-22T17:59:00,21,9,30
Broadway & E 14 St,2026-08-22T17:59:00,30,20,50
Lafayette St & E 8 St,2026-08-22T17:59:00,17,28,45
E 17 St & Broadway,2026-08-22T17:59:00,15,25,40
University Pl & E 14 St,2026-08-22T17:59:00,18,17,35
Carmine St & 6 Ave,2026-08-22T17:59:00,14,16,30
Christopher St & Greenwich St,2026-08-22T17:59:00,20,10,30
E 7 St & Avenue A,2026-08-22T17:59:00,18,17,
West St & Chambers St ,2026-08-22T17:59:00,28,17,45
South End Ave & Liberty St,2026-08-22T17:59:00,20,15,35
Vesey Pl & River Terrace,2026-08-22T17:59:00,19,21,40
Cleveland  Pl & Spring St,2026-08-22T17:59:00,21,14,35
Broadway & Battery Pl,2026-08-22T17:59:00,20,20,40
1 Ave & E 68 St,2026-08-22T17:59:00,24,16,40
E 72 St & York Ave,2026-08-22T17:59:00,12,23,35
lexington ave & e 63 st,2026-08-22T17:59:00,17,18,35
E 75 St & 3 Ave,2026-08-22T17:59:00,14,16,30
W 41 St & 8 Ave,2026-08-22T18:59:00,28,27,55
Pershing Square North,2026-08-22T18:59:00,28,32,60
E 47 St & Park Ave ,2026-08-22T18:59:00,22,18,40
Broadway & W 41 St,2026-08-22T18:59:00,14,31,45
W 33 St & 7 Ave,2026-08-22T18:59:00,26,24,50
6 ave & w 33 st,2026-08-22T18:59:00,14,21,35
E 43 St & Vanderbilt Ave,2026-08-22T18:59:00,21,19,40
W 45 St & 6 Ave ,2026-08-22T18:59:00,20,15,35
W 21 St & 6 Ave,2026-08-22T18:59:00,16,29,45
8 Ave & W 31 St,2026-08-22T18:59:00,25,25,50
W 20 St & 11 Ave,2026-08-22T18:59:00,11,19,30
W 26 St & 8 Ave,2026-08-22T18:59:00,16,19,35
W 17 St & 8 Ave,2026-08-22T18:59:00,18,22,40
9 Ave & W 22 St,2026-08-22T18:59:00,20,10,30
Broadway & E 14 St,2026-08-22T18:59:00,30,20,50
Lafayette St & E 8 St,2026-08-22T18:59:00,17,28,45
E 17 St & Broadway,2026-08-22T18:59:00,15,25,
University Pl & E 14 St,2026-08-22T18:59:00,16,19,35
Carmine St & 6 Ave,2026-08-22T18:59:00,14,16,30
Christopher St & Greenwich St,2026-08-22T18:59:00,20,10,30
E 7 St & Avenue A ,2026-08-22T18:59:00,17,18,35
West  St & Chambers St,2026-08-22T18:59:00,30,15,45
South  End Ave & Liberty St,2026-08-22T18:59:00,19,16,35
Vesey Pl & River Terrace,2026-08-22T18:59:00,19,21,40
Cleveland Pl & Spring St,2026-08-22T18:59:00,21,14,35
Broadway & Battery Pl,2026-08-22T18:59:00,21,19,40
1 Ave & E 68 St,2026-08-22T18:59:00,23,17,40
E 72 St & York Ave ,2026-08-22T18:59:00,12,23,35
Lexington Ave & E 63 St,2026-08-22T18:59:00,17,18,35
E 75 St & 3 Ave,2026-08-22T18:59:00,15,15,30
W 41 St & 8 Ave,2026-08-22T19:59:00,28,27,55
Pershing Square North,2026-08-22T19:59:00,28,32,60
E 47 St & Park Ave,2026-08-22T19:59:00,21,19,40
Broadway & W 41 St,2026-08-22T19:59:00,14,31,45
W 33 St & 7 Ave,2026-08-22T19:59:00,27,23,50
6 Ave & W 33 St,2026-08-22T19:59:00,14,21,35
E 43 St & Vanderbilt Ave,2026-08-22T19:59:00,21,19,40
W 45 St & 6 Ave,2026-08-22T19:59:00,20,15,35
W 21 St & 6 Ave,2026-08-22T19:59:00,17,28,45
8 Ave & W 31 St,2026-08-22T19:59:00,25,25,50
W 20 St & 11 Ave,2026-08-22T19:59:00,10,20,30
W 26 St & 8 Ave,2026-08-22T19:59:00,15,20,35
W 17 St & 8 Ave,2026-08-22T19:59:00,19,21,40
9 Ave & W 22 St,2026-08-22T19:59:00,18,12,30
Broadway & E 14 St,2026-08-22T19:59:00,31,19,50
Lafayette St & E 8 St,2026-08-22T19:59:00,16,29,45
E 17 St & Broadway,2026-08-22T19:59:00,14,26,40
University Pl & E 14 St,2026-08-22T19:59:00,18,17,35
Carmine St & 6 Ave,2026-08-22T19:59:00,14,16,30
christopher st & greenwich st,2026-08-22T19:59:00,20,10,30
E 7 St & Avenue A,2026-08-22T19:59:00,15,20,35
West St & Chambers St,2026-08-22T19:59:00,32,13,45
South End Ave & Liberty St,2026-08-22T19:59:00,18,17,35
Vesey Pl & River Terrace,2026-08-22T19:59:00,20,20,40
Cleveland Pl & Spring St,2026-08-22T19:59:00,21,14,35
Broadway & Battery Pl,2026-08-22T19:59:00,20,20,40
1 Ave & E 68 St,2026-08-22T19:59:00,23,17,40
E 72 St & York Ave,2026-08-22T19:59:00,11,24,35
Lexington Ave & E 63 St,2026-08-22T19:59:00,18,17,35
E 75 St & 3 Ave,2026-08-22T19:59:00,15,15,30
W 41 St & 8 Ave,2026-08-22T20:59:00,29,26,55
Pershing Square North,2026-08-22T20:59:00,27,33,60
E 47 St & Park Ave,2026-08-22T20:59:00,21,19,40
broadway & w 41 st,2026-08-22T20:59:00,14,31,45
W 33 St & 7 Ave,2026-08-22T20:59:00,26,24,
6  Ave & W 33 St,2026-08-22T20:59:00,14,21,35
E 43 St & Vanderbilt Ave,2026-08-22T20:59:00,22,18,40
W 45 St & 6 Ave,2026-08-22T20:59:00,21,14,
W 21 St & 6 Ave,2026-08-22T20:59:00,17,28,45
8 Ave & W 31 St,2026-08-22T20:59:00,24,26,50
W 20 St & 11 Ave,2026-08-22T20:59:00,10,20,30
w 26 st & 8 ave,2026-08-22T20:59:00,15,20,
W 17 St & 8 Ave,2026-08-22T20:59:00,18,22,40
9 Ave & W 22 St,2026-08-22T20:59:00,18,12,30
Broadway & E 14 St,2026-08-22T20:59:00,32,18,50
Lafayette St & E 8 St,2026-08-22T20:59:00,16,29,45
E 17 St & Broadway,2026-08-22T20:59:00,15,25,40
University Pl & E 14 St,2026-08-22T20:59:00,19,16,35
Carmine St & 6 Ave,2026-08-22T20:59:00,14,16,30
Christopher St & Greenwich St,2026-08-22T20:59:00,19,11,30
e 7 st & avenue a,2026-08-22T20:59:00,14,21,35
West St & Chambers St,2026-08-22T20:59:00,31,14,45
South End Ave & Liberty St,2026-08-22T20:59:00,17,18,
Vesey Pl & River Terrace,2026-08-22T20:59:00,20,20,40
Cleveland Pl & Spring St,2026-08-22T20:59:00,21,14,35
Broadway & Battery Pl,2026-08-22T20:59:00,21,19,40
1 Ave & E 68 St,2026-08-22T20:59:00,22,18,40
E 72 St & York Ave,2026-08-22T20:59:00,11,24,35
lexington ave & e 63 st,2026-08-22T20:59:00,18,17,35
E 75 St & 3 Ave,2026-08-22T20:59:00,16,14,30
W 41 St & 8 Ave,2026-08-22T21:59:00,28,27,55
Pershing Square North,2026-08-22T21:59:00,29,31,60
E 47 St & Park Ave,2026-08-22T21:59:00,22,18,40
Broadway & W 41 St,2026-08-22T21:59:00,14,31,45
W 33 St & 7 Ave,2026-08-22T21:59:00,26,24,50
6 Ave & W 33 St,2026-08-22T21:59:00,14,21,35
E 43 St & Vanderbilt Ave,2026-08-22T21:59:00,22,18,40
W 45 St & 6 Ave,2026-08-22T21:59:00,20,15,35
w 21 st & 6 ave,2026-08-22T21:59:00,16,29,45
8 Ave & W 31 St,2026-08-22T21:59:00,24,26,50
W 20 St & 11 Ave,2026-08-22T21:59:00,10,20,30
W 26 St & 8 Ave,2026-08-22T21:59:00,16,19,35
W 17 St & 8 Ave,2026-08-22T21:59:00,18,22,40
9 ave & w 22 st,2026-08-22T21:59:00,19,11,30
Broadway & E 14 St,2026-08-22T21:59:00,32,18,50
Lafayette St & E 8 St,2026-08-22T21:59:00,16,29,45
E 17 St & Broadway,2026-08-22T21:59:00,15,25,40
University Pl & E 14 St,2026-08-22T21:59:00,18,17,35
Carmine St & 6 Ave,2026-08-22T21:59:00,15,15,30
Christopher St & Greenwich St,2026-08-22T21:59:00,19,11,30
E 7 St & Avenue A,2026-08-22T21:59:00,14,21,35
West St & Chambers St,2026-08-22T21:59:00,31,14,45
South End Ave & Liberty St,2026-08-22T21:59:00,16,19,35
Vesey Pl & River Terrace,2026-08-22T21:59:00,19,21,40
Cleveland Pl & Spring St,2026-08-22T21:59:00,19,16,35
Broadway & Battery Pl,2026-08-22T21:59:00,20,20,40
1 Ave & E 68 St,2026-08-22T21:59:00,22,18,40
E 72 St & York Ave,2026-08-22T21:59:00,12,23,35
Lexington Ave & E 63 St,2026-08-22T21:59:00,18,17,35
E 75 St & 3 Ave,2026-08-22T21:59:00,16,14,30
W 41 St & 8 Ave,2026-08-22T22:59:00,29,26,55
Pershing Square North,2026-08-22T22:59:00,29,31,60
E 47 St & Park Ave,2026-08-22T22:59:00,22,18,40
Broadway & W 41 St,2026-08-22T22:59:00,13,32,45
W 33 St & 7 Ave,2026-08-22T22:59:00,26,24,50
6 Ave & W 33 St,2026-08-22T22:59:00,15,20,35
E 43 St & Vanderbilt Ave,2026-08-22T22:59:00,22,18,40
W 45 St & 6 Ave ,2026-08-22T22:59:00,21,14,35
W 21 St & 6 Ave,2026-08-22T22:59:00,16,29,45
8 Ave & W 31 St,2026-08-22T22:59:00,23,27,50
W 20 St & 11 Ave,2026-08-22T22:59:00,10,20,30
W 26 St & 8 Ave,2026-08-22T22:59:00,16,19,35
W 17 St & 8 Ave,2026-08-22T22:59:00,19,21,40
9 Ave & W 22 St,2026-08-22T22:59:00,19,11,30
Broadway & E 14 St,2026-08-22T22:59:00,32,18,50
Lafayette St & E 8 St ,2026-08-22T22:59:00,16,29,
E 17 St & Broadway,2026-08-22T22:59:00,16,24,40
University Pl & E 14 St,2026-08-22T22:59:00,19,16,35
Carmine St & 6 Ave,2026-08-22T22:59:00,14,16,30
Christopher St & Greenwich St,2026-08-22T22:59:00,18,12,30
E 7 St & Avenue A,2026-08-22T22:59:00,14,21,35
West St & Chambers St,2026-08-22T22:59:00,31,14,45
South End Ave & Liberty St,2026-08-22T22:59:00,16,19,35
Vesey Pl & River Terrace,2026-08-22T22:59:00,21,19,40
Cleveland Pl & Spring St,2026-08-22T22:59:00,19,16,35
Broadway & Battery Pl,2026-08-22T22:59:00,20,20,
1 Ave & E 68 St,2026-08-22T22:59:00,24,16,40
E 72 St & York Ave,2026-08-22T22:59:00,11,24,35
Lexington Ave & E 63 St,2026-08-22T22:59:00,19,16,35
E 75 St & 3 Ave,2026-08-22T22:59:00,15,15,30
W 41 St & 8 Ave,2026-08-22T23:59:00,29,26,55
Pershing  Square North,2026-08-22T23:59:00,29,31,60
E 47 St & Park Ave,2026-08-22T23:59:00,23,17,40
Broadway & W 41 St,2026-08-22T23:59:00,13,32,45
W 33 St & 7 Ave ,2026-08-22T23:59:00,26,24,50
6 Ave & W 33 St,2026-08-22T23:59:00,15,20,35
E 43 St & Vanderbilt Ave,2026-08-22T23:59:00,22,18,40
W 45 St & 6 Ave,2026-08-22T23:59:00,20,15,35
W 21 St & 6 Ave ,2026-08-22T23:59:00,15,30,45
8 Ave & W 31 St,2026-08-22T23:59:00,23,27,50
W 20 St & 11 Ave,2026-08-22T23:59:00,10,20,30
W 26 St & 8 Ave,2026-08-22T23:59:00,16,19,35
W 17 St & 8 Ave,2026-08-22T23:59:00,18,22,40
9 Ave & W 22 St,2026-08-22T23:59:00,20,10,30
Broadway & E 14 St,2026-08-22T23:59:00,32,18,50
Lafayette St & E 8 St,2026-08-22T23:59:00,17,28,45
E 17 St & Broadway,2026-08-22T23:59:00,17,23,40
University Pl & E 14 St ,2026-08-22T23:59:00,19,16,35
Carmine St & 6 Ave,2026-08-22T23:59:00,15,15,30
Christopher St & Greenwich St,2026-08-22T23:59:00,17,13,30
E 7 St & Avenue A,2026-08-22T23:59:00,15,20,35
West  St & Chambers St,2026-08-22T23:59:00,32,13,45
South End Ave & Liberty St,2026-08-22T23:59:00,14,21,35
Vesey Pl & River Terrace,2026-08-22T23:59:00,21,19,40
Cleveland Pl & Spring St,2026-08-22T23:59:00,20,15,35
Broadway & Battery Pl,2026-08-22T23:59:00,20,20,40
1 Ave & E 68 St,2026-08-22T23:59:00,23,17,
E 72 St & York Ave,2026-08-22T23:59:00,11,24,35
Lexington Ave & E 63 St,2026-08-22T23:59:00,19,16,35
E 75 St & 3 Ave,2026-08-22T23:59:00,15,15,30
W 41 St & 8 Ave,2026-08-23T00:59:00,29,26,55
Pershing Square North,2026-08-23T00:59:00,29,31,
e 47 st & park ave,2026-08-23T00:59:00,23,17,40
Broadway & W 41 St,2026-08-23T00:59:00,13,32,45
W 33 St & 7 Ave,2026-08-23T00:59:00,27,23,50
6 Ave & W 33 St,2026-08-23T00:59:00,14,21,35
E 43 St & Vanderbilt Ave,2026-08-23T00:59:00,22,18,40
W 45 St & 6 Ave,2026-08-23T00:59:00,20,15,35
W 21 St & 6 Ave,2026-08-23T00:59:00,16,29,45
8 Ave & W 31 St,2026-08-23T00:59:00,22,28,50
W 20 St & 11 Ave,2026-08-23T00:59:00,11,19,30
W 26 St & 8 Ave,2026-08-23T00:59:00,16,19,35
W 17 St & 8 Ave,2026-08-23T00:59:00,19,21,40
9 Ave & W 22 St,2026-08-23T00:59:00,19,11,30
Broadway & E 14 St,2026-08-23T00:59:00,30,20,50
Lafayette  St & E 8 St,2026-08-23T00:59:00,18,27,
E 17 St & Broadway,2026-08-23T00:59:00,17,23,40
University Pl & E 14 St,2026-08-23T00:59:00,20,15,35
Carmine St & 6 Ave,2026-08-23T00:59:00,16,14,30
Christopher St & Greenwich St,2026-08-23T00:59:00,18,12,30
E 7 St & Avenue A,2026-08-23T00:59:00,14,21,35
West St & Chambers St,2026-08-23T00:59:00,31,14,45
South End Ave & Liberty St,2026-08-23T00:59:00,12,23,35
Vesey  Pl & River Terrace,2026-08-23T00:59:00,20,20,40
Cleveland Pl & Spring St,2026-08-23T00:59:00,20,15,35
Broadway & Battery Pl,2026-08-23T00:59:00,19,21,40
1 Ave & E 68 St,2026-08-23T00:59:00,24,16,40
e 72 st & york ave,2026-08-23T00:59:00,12,23,35
Lexington Ave & E 63 St,2026-08-23T00:59:00,20,15,35
E 75 St & 3 Ave,2026-08-23T00:59:00,15,15,30
W 41 St & 8 Ave,2026-08-23T01:59:00,29,26,55
Pershing Square North,2026-08-23T01:59:00,29,31,60
E 47 St & Park Ave,2026-08-23T01:59:00,23,17,40
broadway & w 41 st,2026-08-23T01:59:00,13,32,45
W 33 St & 7 Ave,2026-08-23T01:59:00,28,22,50
6 Ave & W 33 St,2026-08-23T01:59:00,14,21,35
e 43 st & vanderbilt ave,2026-08-23T01:59:00,22,18,40
W 45 St & 6 Ave,2026-08-23T01:59:00,21,14,35
W 21 St & 6 Ave,2026-08-23T01:59:00,16,29,45
8 Ave & W 31 St ,2026-08-23T01:59:00,22,28,50
w 20 st & 11 ave,2026-08-23T01:59:00,11,19,30
W 26 St & 8 Ave,2026-08-23T01:59:00,15,20,35
W 17 St & 8 Ave,2026-08-23T01:59:00,19,21,40
9 Ave & W 22 St,2026-08-23T01:59:00,18,12,30
Broadway & E 14 St,2026-08-23T01:59:00,30,20,50
Lafayette St & E 8 St,2026-08-23T01:59:00,18,27,45
E 17 St & Broadway,2026-08-23T01:59:00,17,23,40
university pl & e 14 st,2026-08-23T01:59:00,21,14,35
Carmine St & 6 Ave,2026-08-23T01:59:00,17,13,30
Christopher St & Greenwich St,2026-08-23T01:59:00,19,11,30
E 7 St & Avenue A,2026-08-23T01:59:00,13,22,
West St & Chambers St,2026-08-23T01:59:00,31,14,45
South End Ave & Liberty St,2026-08-23T01:59:00,12,23,35
Vesey Pl & River Terrace,2026-08-23T01:59:00,20,20,40
Cleveland Pl & Spring St,2026-08-23T01:59:00,20,15,35
broadway & battery pl,2026-08-23T01:59:00,20,20,40
1 Ave & E 68 St,2026-08-23T01:59:00,24,16,40
E 72 St & York Ave ,2026-08-23T01:59:00,13,22,35
Lexington Ave & E 63 St,2026-08-23T01:59:00,20,15,35
E 75 St & 3 Ave,2026-08-23T01:59:00,17,13,30
W 41 St & 8 Ave,2026-08-23T02:59:00,29,26,55
Pershing Square North,2026-08-23T02:59:00,29,31,60
E 47 St and Park Ave,2026-08-23T02:59:00,24,16,40
Broadway & W 41 St,2026-08-23T02:59:00,13,32,45
W 33 St & 7 Ave,2026-08-23T02:59:00,28,22,50
6 Ave & W 33 St,2026-08-23T02:59:00,15,20,
E 43 St & Vanderbilt Ave,2026-08-23T02:59:00,22,18,40
W 45 St & 6 Ave,2026-08-23T02:59:00,21,14,35
W 21 St & 6 Ave,2026-08-23T02:59:00,15,30,45
8 Ave & W 31 St,2026-08-23T02:59:00,21,29,
W 20 St & 11 Ave,2026-08-23T02:59:00,12,18,30
W 26 St & 8 Ave,2026-08-23T02:59:00,16,19,35
W 17 St & 8 Ave,2026-08-23T02:59:00,20,20,40
9 Ave & W 22 St,2026-08-23T02:59:00,18,12,30
Broadway & E 14 St ,2026-08-23T02:59:00,29,21,50
Lafayette St & E 8 St,2026-08-23T02:59:00,19,26,45
E 17 St & Broadway,2026-08-23T02:59:00,18,22,40
University Pl & E 14 St,2026-08-23T02:59:00,21,14,35
Carmine St & 6 Ave,2026-08-23T02:59:00,18,12,30
Christopher St & Greenwich St,2026-08-23T02:59:00,19,11,30
E 7 St & Avenue A,2026-08-23T02:59:00,14,21,35
West St & Chambers St,2026-08-23T02:59:00,31,14,45
South End Ave & Liberty St,2026-08-23T02:59:00,12,23,35
Vesey Pl & River Terrace,2026-08-23T02:59:00,20,20,40
Cleveland Pl & Spring St,2026-08-23T02:59:00,20,15,35
Broadway & Battery Pl,2026-08-23T02:59:00,21,19,
1 Ave & E 68 St,2026-08-23T02:59:00,23,17,40
E 72 St & York Ave,2026-08-23T02:59:00,14,21,35
Lexington Ave & E 63 St,2026-08-23T02:59:00,18,17,35
E 75 St & 3 Ave,2026-08-23T02:59:00,17,13,30
W 41 St & 8 Ave,2026-08-23T03:59:00,33,22,55
Pershing Square North,2026-08-23T03:59:00,25,35,
e 47 st & park ave,2026-08-23T03:59:00,20,20,40
Broadway  & W 41 St,2026-08-23T03:59:00,23,22,45
W 33 St and 7 Ave,2026-08-23T03:59:00,25,25,50
6 Ave & W 33 St,2026-08-23T03:59:00,21,14,35
E 43 St & Vanderbilt Ave,2026-08-23T03:59:00,22,18,40
W 45 St & 6 Ave,2026-08-23T03:59:00,17,18,35
W  21 St & 6 Ave,2026-08-23T03:59:00,24,21,45
8 Ave & W 31 St,2026-08-23T03:59:00,25,25,50
W 20 St & 11 Ave,2026-08-23T03:59:00,17,13,30
W 26 St & 8 Ave,2026-08-23T03:59:00,19,16,35
W 17 St & 8 Ave,2026-08-23T03:59:00,18,22,40
9 Ave & W 22 St,2026-08-23T03:59:00,17,13,30
Broadway and E 14 St,2026-08-23T03:59:00,22,28,50
Lafayette St & E 8 St,2026-08-23T03:59:00,23,22,45
E 17 St & Broadway,2026-08-23T03:59:00,23,17,40
University Pl & E 14 St,2026-08-23T03:59:00,16,19,35
Carmine St & 6 Ave,2026-08-23T03:59:00,13,17,30
Christopher St & Greenwich St,2026-08-23T03:59:00,14,16,30
E 7 St & Avenue A,2026-08-23T03:59:00,19,16,35
West St & Chambers St,2026-08-23T03:59:00,24,21,45
South End Ave & Liberty St,2026-08-23T03:59:00,17,18,35
Vesey Pl & River Terrace,2026-08-23T03:59:00,22,18,40
Cleveland Pl & Spring St,2026-08-23T03:59:00,19,16,35
Broadway & Battery Pl,2026-08-23T03:59:00,18,22,40
1 Ave & E 68 St,2026-08-23T03:59:00,17,23,40
E 72 St & York Ave,2026-08-23T03:59:00,19,16,35
Lexington Ave & E 63 St,2026-08-23T03:59:00,20,15,35
E 75 St & 3 Ave ,2026-08-23T03:59:00,14,16,30
W 41 St & 8 Ave,2026-08-23T04:59:00,33,22,
Pershing Square North,2026-08-23T04:59:00,25,35,60
E 47 St & Park Ave,2026-08-23T04:59:00,20,20,40
broadway & w 41 st,2026-08-23T04:59:00,23,22,
W 33 St & 7 Ave,2026-08-23T04:59:00,26,24,50
6 Ave & W 33 St,2026-08-23T04:59:00,20,15,35
E 43 St & Vanderbilt Ave,2026-08-23T04:59:00,21,19,40
W 45 St & 6 Ave,2026-08-23T04:59:00,18,17,35
w 21 st & 6 ave,2026-08-23T04:59:00,23,22,
8 Ave & W 31 St,2026-08-23T04:59:00,26,24,50
W 20 St & 11 Ave,2026-08-23T04:59:00,16,14,30
W 26 St & 8 Ave,2026-08-23T04:59:00,19,16,35
W 17 St & 8 Ave,2026-08-23T04:59:00,17,23,40
9 Ave & W 22 St ,2026-08-23T04:59:00,17,13,30
Broadway & E 14 St,2026-08-23T04:59:00,22,28,50
Lafayette St & E 8 St,2026-08-23T04:59:00,23,22,45
E 17 St & Broadway,2026-08-23T04:59:00,22,18,40
University Pl & E 14 St,2026-08-23T04:59:00,17,18,35
Carmine St & 6 Ave,2026-08-23T04:59:00,12,18,30
Christopher St & Greenwich St,2026-08-23T04:59:00,15,15,30
E 7 St & Avenue A,2026-08-23T04:59:00,18,17,35
West St & Chambers St,2026-08-23T04:59:00,23,22,45
South End Ave & Liberty St ,2026-08-23T04:59:00,17,18,35
vesey pl & river terrace,2026-08-23T04:59:00,22,18,40
Cleveland Pl & Spring St,2026-08-23T04:59:00,19,16,35
Broadway & Battery Pl,2026-08-23T04:59:00,19,21,40
1 Ave & E 68 St,2026-08-23T04:59:00,16,24,40
e 72 st & york ave,2026-08-23T04:59:00,19,16,35
Lexington Ave & E 63 St,2026-08-23T04:59:00,20,15,35
E 75 St & 3 Ave,2026-08-23T04:59:00,15,15,30
W 41 St & 8 Ave,2026-08-23T05:59:00,33,22,55
Pershing Square North,2026-08-23T05:59:00,25,35,60
E 47 St & Park Ave,2026-08-23T05:59:00,20,20,40
broadway & w 41 st,2026-08-23T05:59:00,24,21,45
W 33 St & 7 Ave,2026-08-23T05:59:00,24,26,50
6 Ave & W 33 St,2026-08-23T05:59:00,19,16,35
E 43 St & Vanderbilt Ave,2026-08-23T05:59:00,21,19,40
W 45 St & 6 Ave,2026-08-23T05:59:00,17,18,35
W 21 St & 6 Ave,2026-08-23T05:59:00,24,21,
8 Ave & W 31 St,2026-08-23T05:59:00,27,23,50
W 20 St & 11 Ave,2026-08-23T05:59:00,16,14,30
W 26 St & 8 Ave,2026-08-23T05:59:00,19,16,35
W 17 St & 8 Ave,2026-08-23T05:59:00,17,23,40
9 Ave & W 22 St,2026-08-23T05:59:00,17,13,30
Broadway & E 14 St,2026-08-23T05:59:00,23,27,50
Lafayette St & E 8 St,2026-08-23T05:59:00,23,22,45
E 17 St & Broadway ,2026-08-23T05:59:00,22,18,40
University Pl & E 14 St,2026-08-23T05:59:00,17,18,35
Carmine St & 6 Ave,2026-08-23T05:59:00,10,20,30
Christopher St & Greenwich St,2026-08-23T05:59:00,14,16,30
E 7 St & Avenue A,2026-08-23T05:59:00,18,17,35
West St & Chambers St ,2026-08-23T05:59:00,24,21,45
South End Ave & Liberty St,2026-08-23T05:59:00,17,18,35
Vesey Pl & River Terrace,2026-08-23T05:59:00,22,18,40
Cleveland Pl & Spring St ,2026-08-23T05:59:00,19,16,35
Broadway & Battery Pl,2026-08-23T05:59:00,18,22,40
1 Ave & E 68 St ,2026-08-23T05:59:00,16,24,40
E 72 St & York Ave,2026-08-23T05:59:00,21,14,
lexington ave & e 63 st,2026-08-23T05:59:00,21,14,35
E 75 St & 3 Ave,2026-08-23T05:59:00,16,14,30
W 41 St & 8 Ave,2026-08-23T06:59:00,33,22,55
Pershing Square North,2026-08-23T06:59:00,26,34,
E 47 St & Park Ave,2026-08-23T06:59:00,21,19,40
Broadway & W 41 St,2026-08-23T06:59:00,24,21,45
w 33 st & 7 ave,2026-08-23T06:59:00,24,26,50
6 Ave & W 33 St,2026-08-23T06:59:00,19,16,35
E  43 St & Vanderbilt Ave,2026-08-23T06:59:00,19,21,40
W 45 St & 6 Ave,2026-08-23T06:59:00,16,19,35
W 21 St & 6 Ave,2026-08-23T06:59:00,23,22,45
8 Ave & W 31 St,2026-08-23T06:59:00,27,23,50
W 20 St & 11 Ave,2026-08-23T06:59:00,16,14,30
W 26 St & 8 Ave,2026-08-23T06:59:00,18,17,35
W 17 St & 8 Ave,2026-08-23T06:59:00,17,23,40
9 Ave & W 22 St,2026-08-23T06:59:00,17,13,30
Broadway & E 14 St,2026-08-23T06:59:00,23,27,
Lafayette St & E 8 St,2026-08-23T06:59:00,22,23,45
E 17 St & Broadway,2026-08-23T06:59:00,22,18,40
University Pl & E 14 St,2026-08-23T06:59:00,16,19,35
Carmine St & 6 Ave,2026-08-23T06:59:00,10,20,30
Christopher St & Greenwich St,2026-08-23T06:59:00,15,15,30
E 7 St & Avenue A,2026-08-23T06:59:00,17,18,35
West St & Chambers St ,2026-08-23T06:59:00,23,22,45
South End Ave & Liberty St,2026-08-23T06:59:00,16,19,35
Vesey Pl & River Terrace,2026-08-23T06:59:00,23,17,40
Cleveland Pl & Spring St,2026-08-23T06:59:00,20,15,35
Broadway & Battery Pl,2026-08-23T06:59:00,19,21,
1 Ave & E 68 St,2026-08-23T06:59:00,15,25,40
E 72 St and York Ave,2026-08-23T06:59:00,22,13,35
Lexington Ave & E 63 St,2026-08-23T06:59:00,22,13,35
E 75 St & 3 Ave,2026-08-23T06:59:00,17,13,30
W 41 St & 8 Ave,2026-08-23T07:59:00,32,23,
Pershing Square North,2026-08-23T07:59:00,26,34,60
E 47 St & Park Ave,2026-08-23T07:59:00,21,19,40
Broadway & W 41 St,2026-08-23T07:59:00,25,20,45
W 33 St & 7 Ave,2026-08-23T07:59:00,24,26,
6 Ave & W 33 St,2026-08-23T07:59:00,18,17,35
E 43 St & Vanderbilt Ave ,2026-08-23T07:59:00,19,21,40
W 45 St & 6 Ave,2026-08-23T07:59:00,17,18,
W 21 St & 6 Ave,2026-08-23T07:59:00,24,21,45
8 Ave & W 31 St,2026-08-23T07:59:00,28,22,50
W 20 St & 11 Ave,2026-08-23T07:59:00,15,15,30
W 26 St & 8 Ave,2026-08-23T07:59:00,20,15,35
W 17 St & 8 Ave,2026-08-23T07:59:00,16,24,40
9 Ave & W 22 St,2026-08-23T07:59:00,16,14,
Broadway & E 14 St,2026-08-23T07:59:00,22,28,50
Lafayette St & E 8 St,2026-08-23T07:59:00,21,24,45
E 17 St & Broadway,2026-08-23T07:59:00,21,19,40
University Pl & E 14 St,2026-08-23T07:59:00,16,19,35
Carmine St & 6 Ave,2026-08-23T07:59:00,10,20,
Christopher St & Greenwich St,2026-08-23T07:59:00,14,16,30
E 7 St & Avenue A,2026-08-23T07:59:00,18,17,35
West St & Chambers St,2026-08-23T07:59:00,24,21,45
South End Ave & Liberty St,2026-08-23T07:59:00,16,19,35
Vesey Pl & River Terrace,2026-08-23T07:59:00,22,18,40
Cleveland Pl & Spring St,2026-08-23T07:59:00,21,14,35
Broadway & Battery Pl,2026-08-23T07:59:00,18,22,40
1 Ave & E 68 St,2026-08-23T07:59:00,14,26,40
E 72 St & York Ave,2026-08-23T07:59:00,22,13,
Lexington Ave & E 63 St,2026-08-23T07:59:00,21,14,35
E 75 St & 3 Ave,2026-08-23T07:59:00,16,14,30
w 41 st & 8 ave,2026-08-23T08:59:00,33,22,
Pershing Square North,2026-08-23T08:59:00,26,34,60
E 47 St & Park Ave,2026-08-23T08:59:00,21,19,40
Broadway & W 41 St,2026-08-23T08:59:00,25,20,45
W 33 St & 7 Ave,2026-08-23T08:59:00,25,25,50
6 Ave & W 33 St,2026-08-23T08:59:00,18,17,35
E 43 St & Vanderbilt Ave,2026-08-23T08:59:00,20,20,40
W 45 St & 6 Ave,2026-08-23T08:59:00,18,17,35
W 21 St & 6 Ave,2026-08-23T08:59:00,24,21,45
8 Ave & W 31 St,2026-08-23T08:59:00,27,23,50
W 20 St & 11 Ave,2026-08-23T08:59:00,15,15,30
W 26 St & 8 Ave,2026-08-23T08:59:00,19,16,35
W 17 St & 8 Ave,2026-08-23T08:59:00,18,22,40
9 ave & w 22 st,2026-08-23T08:59:00,15,15,30
Broadway & E 14 St,2026-08-23T08:59:00,22,28,50
Lafayette St & E 8 St,2026-08-23T08:59:00,21,24,45
E 17 St & Broadway,2026-08-23T08:59:00,21,19,40
University Pl & E 14 St,2026-08-23T08:59:00,15,20,35
Carmine St & 6 Ave,2026-08-23T08:59:00,10,20,30
Christopher St & Greenwich St,2026-08-23T08:59:00,15,15,
E 7 St & Avenue A,2026-08-23T08:59:00,17,18,35
West St & Chambers St,2026-08-23T08:59:00,24,21,45
South End Ave & Liberty St,2026-08-23T08:59:00,15,20,35
Vesey Pl & River Terrace,2026-08-23T08:59:00,21,19,
cleveland pl & spring st,2026-08-23T08:59:00,20,15,35
Broadway & Battery Pl,2026-08-23T08:59:00,18,22,40
1 Ave & E 68 St,2026-08-23T08:59:00,14,26,40
E 72 St & York Ave,2026-08-23T08:59:00,22,13,35
Lexington Ave & E 63 St,2026-08-23T08:59:00,22,13,
e 75 st & 3 ave,2026-08-23T08:59:00,17,13,30
W 41 St & 8 Ave,2026-08-23T09:59:00,32,23,
Pershing Square North,2026-08-23T09:59:00,25,35,60
E 47 St & Park Ave,2026-08-23T09:59:00,22,18,40
Broadway & W 41 St,2026-08-23T09:59:00,24,21,45
W 33 St & 7 Ave,2026-08-23T09:59:00,25,25,50
6 Ave & W 33 St,2026-08-23T09:59:00,19,16,35
E 43 St & Vanderbilt Ave,2026-08-23T09:59:00,20,20,40
W 45 St & 6 Ave,2026-08-23T09:59:00,18,17,35
W  21 St & 6 Ave,2026-08-23T09:59:00,25,20,45
8 Ave and W 31 St,2026-08-23T09:59:00,27,23,50
W 20 St & 11 Ave,2026-08-23T09:59:00,15,15,30
W 26 St & 8 Ave,2026-08-23T09:59:00,20,15,35
W 17 St & 8 Ave,2026-08-23T09:59:00,18,22,40
9 Ave & W 22 St,2026-08-23T09:59:00,17,13,30
Broadway & E 14 St,2026-08-23T09:59:00,22,28,50
Lafayette St & E 8 St,2026-08-23T09:59:00,22,23,45
E 17 St & Broadway,2026-08-23T09:59:00,21,19,40
University Pl & E 14 St,2026-08-23T09:59:00,16,19,35
Carmine St & 6 Ave,2026-08-23T09:59:00,10,20,30
Christopher St & Greenwich St,2026-08-23T09:59:00,15,15,30
E  7 St & Avenue A,2026-08-23T09:59:00,17,18,35
West St & Chambers St,2026-08-23T09:59:00,24,21,45
south end ave & liberty st,2026-08-23T09:59:00,16,19,35
Vesey Pl & River Terrace,2026-08-23T09:59:00,21,19,40
Cleveland Pl & Spring St,2026-08-23T09:59:00,21,14,
Broadway & Battery Pl,2026-08-23T09:59:00,18,22,40
1 Ave & E 68 St,2026-08-23T09:59:00,13,27,40
E 72 St & York Ave,2026-08-23T09:59:00,22,13,35
Lexington Ave & E 63 St,2026-08-23T09:59:00,22,13,35
E 75 St & 3 Ave,2026-08-23T09:59:00,16,14,30
W 41 St & 8 Ave,2026-08-23T10:59:00,32,23,55
Pershing Square North,2026-08-23T10:59:00,27,33,60
E 47 St & Park Ave,2026-08-23T10:59:00,21,19,40
Broadway & W 41 St,2026-08-23T10:59:00,24,21,45
W 33 St & 7 Ave,2026-08-23T10:59:00,26,24,50
6 Ave & W 33 St,2026-08-23T10:59:00,20,15,35
E 43 St & Vanderbilt Ave,2026-08-23T10:59:00,20,20,
W 45 St & 6 Ave,2026-08-23T10:59:00,18,17,35
W 21 St & 6 Ave,2026-08-23T10:59:00,25,20,45
8 Ave & W 31 St,2026-08-23T10:59:00,27,23,50
W 20 St & 11 Ave,2026-08-23T10:59:00,15,15,30
W 26 St & 8 Ave,2026-08-23T10:59:00,21,14,35
W 17 St & 8 Ave,2026-08-23T10:59:00,17,23,40
9 Ave & W 22 St,2026-08-23T10:59:00,17,13,30
Broadway & E 14 St,2026-08-23T10:59:00,22,28,50
lafayette st & e 8 st,2026-08-23T10:59:00,22,23,45
E 17 St & Broadway,2026-08-23T10:59:00,23,17,40
University Pl & E 14 St,2026-08-23T10:59:00,17,18,35
Carmine St & 6 Ave,2026-08-23T10:59:00,10,20,30
Christopher St & Greenwich St,2026-08-23T10:59:00,16,14,30
E 7 St & Avenue A,2026-08-23T10:59:00,17,18,35
West St & Chambers St,2026-08-23T10:59:00,22,23,45
South End Ave & Liberty St,2026-08-23T10:59:00,16,19,35
Vesey Pl & River Terrace,2026-08-23T10:59:00,22,18,40
cleveland pl & spring st,2026-08-23T10:59:00,21,14,35
Broadway and Battery Pl,2026-08-23T10:59:00,19,21,40
1 Ave & E 68 St,2026-08-23T10:59:00,14,26,40
E 72 St & York Ave,2026-08-23T10:59:00,23,12,
Lexington Ave & E 63 St ,2026-08-23T10:59:00,22,13,35
E 75 St & 3 Ave,2026-08-23T10:59:00,18,12,30
W  41 St & 8 Ave,2026-08-23T11:59:00,32,23,55
Pershing Square North,2026-08-23T11:59:00,26,34,60
E 47 St & Park Ave,2026-08-23T11:59:00,20,20,40
Broadway & W 41 St,2026-08-23T11:59:00,25,20,45
w 33 st & 7 ave,2026-08-23T11:59:00,25,25,50
6 Ave & W 33 St,2026-08-23T11:59:00,20,15,35
E 43 St & Vanderbilt Ave,2026-08-23T11:59:00,20,20,40
W 45 St & 6 Ave,2026-08-23T11:59:00,18,17,
W 21 St & 6 Ave,2026-08-23T11:59:00,25,20,45
8  Ave & W 31 St,2026-08-23T11:59:00,27,23,50
w 20 st & 11 ave,2026-08-23T11:59:00,14,16,30
W 26 St & 8 Ave,2026-08-23T11:59:00,21,14,35
W 17 St & 8 Ave,2026-08-23T11:59:00,16,24,40
9 Ave & W 22 St,2026-08-23T11:59:00,16,14,30
Broadway & E 14 St ,2026-08-23T11:59:00,23,27,50
Lafayette St & E 8 St ,2026-08-23T11:59:00,21,24,
e 17 st & broadway,2026-08-23T11:59:00,23,17,40
University Pl & E 14 St,2026-08-23T11:59:00,17,18,35
Carmine St & 6 Ave,2026-08-23T11:59:00,10,20,
Christopher St & Greenwich St,2026-08-23T11:59:00,15,15,30
e 7 st & avenue a,2026-08-23T11:59:00,17,18,35
West St & Chambers St,2026-08-23T11:59:00,22,23,45
South End Ave & Liberty St,2026-08-23T11:59:00,16,19,
Vesey Pl & River Terrace,2026-08-23T11:59:00,22,18,40
Cleveland Pl & Spring St,2026-08-23T11:59:00,21,14,35
Broadway & Battery Pl,2026-08-23T11:59:00,19,21,40
1 Ave & E 68 St,2026-08-23T11:59:00,13,27,40
E 72 St & York Ave ,2026-08-23T11:59:00,22,13,35
Lexington Ave & E 63 St,2026-08-23T11:59:00,21,14,35
E 75 St & 3 Ave,2026-08-23T11:59:00,17,13,30
W 41 St & 8 Ave,2026-08-23T12:59:00,33,22,
Pershing Square North,2026-08-23T12:59:00,26,34,60
E 47 St & Park Ave,2026-08-23T12:59:00,20,20,40
Broadway & W 41 St,2026-08-23T12:59:00,25,20,45
W 33 St & 7 Ave,2026-08-23T12:59:00,26,24,50
6 Ave and W 33 St,2026-08-23T12:59:00,21,14,35
E 43 St & Vanderbilt Ave,2026-08-23T12:59:00,20,20,40
W 45 St & 6 Ave,2026-08-23T12:59:00,17,18,35
W 21 St & 6 Ave,2026-08-23T12:59:00,25,20,45
8 Ave & W 31 St,2026-08-23T12:59:00,27,23,50
W 20 St and 11 Ave,2026-08-23T12:59:00,14,16,
W 26 St & 8 Ave ,2026-08-23T12:59:00,21,14,35
W 17 St & 8 Ave,2026-08-23T12:59:00,14,26,40
9 Ave & W 22 St,2026-08-23T12:59:00,16,14,30
Broadway & E 14 St,2026-08-23T12:59:00,23,27,50
Lafayette St & E 8 St,2026-08-23T12:59:00,21,24,45
E 17 St & Broadway,2026-08-23T12:59:00,23,17,40
University Pl & E 14 St,2026-08-23T12:59:00,18,17,35
Carmine St & 6 Ave,2026-08-23T12:59:00,9,21,30
christopher st & greenwich st,2026-08-23T12:59:00,15,15,30
E 7 St & Avenue A ,2026-08-23T12:59:00,17,18,35
West St & Chambers St,2026-08-23T12:59:00,23,22,45
South End Ave & Liberty St,2026-08-23T12:59:00,16,19,35
Vesey Pl & River Terrace,2026-08-23T12:59:00,23,17,
Cleveland Pl & Spring St ,2026-08-23T12:59:00,21,14,35
Broadway & Battery Pl,2026-08-23T12:59:00,19,21,40
1 Ave & E 68 St,2026-08-23T12:59:00,14,26,40
E 72 St & York Ave,2026-08-23T12:59:00,22,13,
lexington ave & e 63 st,2026-08-23T12:59:00,21,14,35
E 75 St & 3 Ave,2026-08-23T12:59:00,17,13,30
W 41 St & 8 Ave,2026-08-23T13:59:00,33,22,55
Pershing Square North,2026-08-23T13:59:00,27,33,60
E 47 St & Park Ave,2026-08-23T13:59:00,20,20,
Broadway & W 41 St,2026-08-23T13:59:00,25,20,45
W 33 St & 7 Ave,2026-08-23T13:59:00,26,24,50
6 Ave & W 33 St,2026-08-23T13:59:00,23,12,35
E 43 St & Vanderbilt Ave,2026-08-23T13:59:00,20,20,40
W 45 St & 6 Ave,2026-08-23T13:59:00,17,18,35
W 21 St & 6 Ave,2026-08-23T13:59:00,24,21,45
8 Ave & W 31 St,2026-08-23T13:59:00,27,23,50
W 20 St & 11 Ave,2026-08-23T13:59:00,14,16,30
W 26 St and 8 Ave,2026-08-23T13:59:00,21,14,
W 17 St & 8 Ave,2026-08-23T13:59:00,14,26,40
9 Ave & W 22 St,2026-08-23T13:59:00,15,15,30
Broadway & E 14 St,2026-08-23T13:59:00,23,27,50
Lafayette St & E 8 St,2026-08-23T13:59:00,21,24,45
E 17 St & Broadway,2026-08-23T13:59:00,24,16,40
University Pl & E 14 St,2026-08-23T13:59:00,17,18,35
Carmine St & 6 Ave,2026-08-23T13:59:00,10,20,
Christopher St & Greenwich St,2026-08-23T13:59:00,13,17,30
E 7 St & Avenue A,2026-08-23T13:59:00,16,19,35
West St & Chambers St,2026-08-23T13:59:00,23,22,45
South End Ave & Liberty St,2026-08-23T13:59:00,15,20,35
Vesey Pl & River Terrace,2026-08-23T13:59:00,25,15,40
Cleveland Pl & Spring St,2026-08-23T13:59:00,21,14,35
Broadway & Battery Pl,2026-08-23T13:59:00,19,21,40
1 Ave & E 68 St,2026-08-23T13:59:00,13,27,40
E 72 St & York Ave,2026-08-23T13:59:00,24,11,
Lexington Ave & E 63 St,2026-08-23T13:59:00,23,12,
E 75 St & 3 Ave,2026-08-23T13:59:00,17,13,30
W 41 St & 8 Ave,2026-08-23T14:59:00,32,23,55
Pershing Square North,2026-08-23T14:59:00,27,33,60
E 47 St & Park Ave,2026-08-23T14:59:00,19,21,40
Broadway & W 41 St,2026-08-23T14:59:00,25,20,45
W 33 St & 7 Ave,2026-08-23T14:59:00,26,24,
6 Ave & W 33 St,2026-08-23T14:59:00,24,11,35
E  43 St & Vanderbilt Ave,2026-08-23T14:59:00,21,19,40
W 45 St & 6 Ave,2026-08-23T14:59:00,17,18,35
w 21 st & 6 ave,2026-08-23T14:59:00,25,20,45
8 Ave & W 31 St,2026-08-23T14:59:00,26,24,50
W 20 St & 11 Ave,2026-08-23T14:59:00,14,16,30
W 26 St & 8 Ave,2026-08-23T14:59:00,20,15,35
W 17 St & 8 Ave,2026-08-23T14:59:00,15,25,40
9 Ave & W 22 St,2026-08-23T14:59:00,15,15,30
Broadway & E 14 St,2026-08-23T14:59:00,24,26,50
Lafayette St & E 8 St ,2026-08-23T14:59:00,20,25,45
E 17 St & Broadway,2026-08-23T14:59:00,24,16,40
University Pl & E 14 St,2026-08-23T14:59:00,17,18,35
Carmine St & 6 Ave,2026-08-23T14:59:00,9,21,30
christopher st & greenwich st,2026-08-23T14:59:00,13,17,30
E 7 St & Avenue A,2026-08-23T14:59:00,16,19,35
West St & Chambers St ,2026-08-23T14:59:00,23,22,45
South End Ave & Liberty St,2026-08-23T14:59:00,14,21,
Vesey Pl & River Terrace,2026-08-23T14:59:00,25,15,
Cleveland Pl & Spring St,2026-08-23T14:59:00,20,15,35
Broadway & Battery Pl,2026-08-23T14:59:00,18,22,40
1 Ave & E 68 St,2026-08-23T14:59:00,14,26,40
E 72 St & York Ave,2026-08-23T14:59:00,24,11,
Lexington Ave & E 63 St,2026-08-23T14:59:00,22,13,35
E 75 St & 3 Ave,2026-08-23T14:59:00,18,12,30
W 41 St & 8 Ave,2026-08-23T15:59:00,33,22,55
Pershing Square North,2026-08-23T15:59:00,26,34,60
E 47 St & Park Ave,2026-08-23T15:59:00,19,21,40
Broadway & W 41 St,2026-08-23T15:59:00,25,20,45
W 33 St & 7 Ave,2026-08-23T15:59:00,26,24,50
6 Ave & W 33 St,2026-08-23T15:59:00,24,11,35
E 43 St & Vanderbilt Ave,2026-08-23T15:59:00,22,18,40
W 45 St & 6 Ave,2026-08-23T15:59:00,15,20,35
W 21 St & 6 Ave,2026-08-23T15:59:00,24,21,45
8 Ave & W 31 St,2026-08-23T15:59:00,26,24,50
W 20 St & 11 Ave,2026-08-23T15:59:00,13,17,30
W 26 St & 8 Ave,2026-08-23T15:59:00,20,15,35
W 17 St & 8 Ave,2026-08-23T15:59:00,15,25,40
9 Ave & W 22 St,2026-08-23T15:59:00,15,15,30
Broadway & E 14 St,2026-08-23T15:59:00,23,27,50
Lafayette St & E 8 St,2026-08-23T15:59:00,21,24,45
E 17 St & Broadway,2026-08-23T15:59:00,23,17,40
University Pl & E 14 St,2026-08-23T15:59:00,18,17,35
Carmine St & 6 Ave,2026-08-23T15:59:00,9,21,30
Christopher St & Greenwich St,2026-08-23T15:59:00,12,18,30
E 7 St & Avenue A,2026-08-23T15:59:00,16,19,35
West St & Chambers St,2026-08-23T15:59:00,23,22,45
South End Ave & Liberty St,2026-08-23T15:59:00,15,20,35
Vesey Pl & River Terrace,2026-08-23T15:59:00,25,15,40
Cleveland Pl & Spring St,2026-08-23T15:59:00,19,16,35
Broadway & Battery Pl,2026-08-23T15:59:00,17,23,40
1 Ave & E 68 St,2026-08-23T15:59:00,15,25,40
E 72 St & York Ave,2026-08-23T15:59:00,25,10,35
lexington ave & e 63 st,2026-08-23T15:59:00,22,13,35
E 75 St & 3 Ave,2026-08-23T15:59:00,18,12,30
W 41 St and 8 Ave,2026-08-23T16:59:00,34,21,55
Pershing Square North,2026-08-23T16:59:00,26,34,60
E 47 St & Park Ave,2026-08-23T16:59:00,18,22,40
Broadway & W 41 St,2026-08-23T16:59:00,26,19,45
W 33 St & 7 Ave,2026-08-23T16:59:00,25,25,
6 Ave & W 33 St,2026-08-23T16:59:00,23,12,35
E 43 St & Vanderbilt Ave,2026-08-23T16:59:00,22,18,40
W 45 St & 6 Ave,2026-08-23T16:59:00,16,19,35
W 21 St & 6 Ave,2026-08-23T16:59:00,25,20,45
8 Ave & W 31 St,2026-08-23T16:59:00,25,25,50
W 20 St & 11 Ave,2026-08-23T16:59:00,13,17,
W 26 St & 8 Ave,2026-08-23T16:59:00,20,15,35
W 17 St & 8 Ave,2026-08-23T16:59:00,16,24,40
9 Ave & W 22 St,2026-08-23T16:59:00,15,15,
Broadway & E 14 St,2026-08-23T16:59:00,23,27,50
Lafayette St & E 8 St,2026-08-23T16:59:00,20,25,45
E 17 St & Broadway,2026-08-23T16:59:00,23,17,
University Pl & E 14 St,2026-08-23T16:59:00,17,18,
Carmine St & 6 Ave,2026-08-23T16:59:00,9,21,30
Christopher St & Greenwich St,2026-08-23T16:59:00,11,19,30
E 7 St & Avenue A,2026-08-23T16:59:00,15,20,35
West St & Chambers St,2026-08-23T16:59:00,22,23,45
South End Ave & Liberty St,2026-08-23T16:59:00,16,19,35
Vesey Pl & River Terrace,2026-08-23T16:59:00,25,15,40
Cleveland Pl & Spring St,2026-08-23T16:59:00,18,17,
Broadway & Battery Pl,2026-08-23T16:59:00,18,22,40
1 Ave & E 68 St,2026-08-23T16:59:00,15,25,40
e 72 st & york ave,2026-08-23T16:59:00,23,12,
Lexington Ave & E 63 St,2026-08-23T16:59:00,23,12,35
E  75 St & 3 Ave,2026-08-23T16:59:00,17,13,30
W 41 St & 8 Ave,2026-08-23T17:59:00,34,21,55
Pershing Square North,2026-08-23T17:59:00,25,35,60
E 47 St & Park Ave,2026-08-23T17:59:00,18,22,40
Broadway & W 41 St,2026-08-23T17:59:00,26,19,
W  33 St & 7 Ave,2026-08-23T17:59:00,25,25,50
6 Ave & W 33 St,2026-08-23T17:59:00,22,13,35
E 43 St & Vanderbilt Ave,2026-08-23T17:59:00,22,18,40
W 45 St & 6 Ave,2026-08-23T17:59:00,17,18,35
W 21 St & 6 Ave,2026-08-23T17:59:00,25,20,45
8 Ave & W 31 St,2026-08-23T17:59:00,25,25,50
W 20 St & 11 Ave,2026-08-23T17:59:00,14,16,30
W 26 St & 8 Ave,2026-08-23T17:59:00,20,15,35
W 17 St & 8 Ave ,2026-08-23T17:59:00,17,23,40
9 Ave & W 22 St,2026-08-23T17:59:00,15,15,30
Broadway & E 14 St,2026-08-23T17:59:00,24,26,50
Lafayette St & E 8 St,2026-08-23T17:59:00,20,25,45
E 17 St & Broadway,2026-08-23T17:59:00,22,18,40
University Pl & E 14 St,2026-08-23T17:59:00,17,18,35
Carmine St & 6 Ave,2026-08-23T17:59:00,10,20,30
Christopher St & Greenwich St,2026-08-23T17:59:00,11,19,30
E 7 St & Avenue A,2026-08-23T17:59:00,14,21,
West St & Chambers St,2026-08-23T17:59:00,22,23,45
South End Ave & Liberty St,2026-08-23T17:59:00,15,20,35
Vesey Pl & River Terrace,2026-08-23T17:59:00,25,15,40
Cleveland Pl & Spring St,2026-08-23T17:59:00,18,17,35
Broadway & Battery Pl ,2026-08-23T17:59:00,18,22,
1 Ave & E 68 St ,2026-08-23T17:59:00,15,25,40
E 72 St & York Ave,2026-08-23T17:59:00,23,12,35
Lexington Ave & E 63 St,2026-08-23T17:59:00,22,13,35
E 75 St & 3 Ave,2026-08-23T17:59:00,18,12,30
W 41 St & 8 Ave,2026-08-23T18:59:00,34,21,55
pershing square north,2026-08-23T18:59:00,24,36,60
e 47 st & park ave,2026-08-23T18:59:00,18,22,40
Broadway & W 41 St,2026-08-23T18:59:00,26,19,45
W  33 St & 7 Ave,2026-08-23T18:59:00,25,25,50
6 ave & w 33 st,2026-08-23T18:59:00,23,12,35
E 43 St & Vanderbilt Ave,2026-08-23T18:59:00,21,19,40
w 45 st & 6 ave,2026-08-23T18:59:00,18,17,35
W 21 St & 6 Ave,2026-08-23T18:59:00,25,20,45
8 Ave & W 31 St,2026-08-23T18:59:00,25,25,50
W 20 St & 11 Ave,2026-08-23T18:59:00,13,17,30
W 26 St and 8 Ave,2026-08-23T18:59:00,21,14,35
W 17 St & 8 Ave,2026-08-23T18:59:00,17,23,40
9 Ave & W 22 St,2026-08-23T18:59:00,15,15,30
Broadway & E 14 St,2026-08-23T18:59:00,24,26,50
Lafayette St & E 8 St,2026-08-23T18:59:00,20,25,45
E 17 St & Broadway,2026-08-23T18:59:00,22,18,40
University Pl & E 14 St,2026-08-23T18:59:00,17,18,35
Carmine St & 6 Ave,2026-08-23T18:59:00,9,21,30
Christopher St & Greenwich St,2026-08-23T18:59:00,11,19,30
E 7 St & Avenue A,2026-08-23T18:59:00,15,20,35
West St & Chambers St,2026-08-23T18:59:00,23,22,45
South End Ave & Liberty St,2026-08-23T18:59:00,16,19,35
Vesey Pl & River Terrace,2026-08-23T18:59:00,25,15,40
cleveland pl & spring st,2026-08-23T18:59:00,17,18,35
Broadway & Battery Pl,2026-08-23T18:59:00,18,22,40
1 Ave & E 68 St,2026-08-23T18:59:00,16,24,40
e 72 st & york ave,2026-08-23T18:59:00,22,13,35
Lexington Ave & E 63 St,2026-08-23T18:59:00,22,13,35
E 75 St & 3 Ave,2026-08-23T18:59:00,18,12,30
W 41 St & 8 Ave,2026-08-23T19:59:00,33,22,55
Pershing Square North,2026-08-23T19:59:00,25,35,60
E  47 St & Park Ave,2026-08-23T19:59:00,19,21,40
Broadway & W 41 St,2026-08-23T19:59:00,27,18,45
W 33 St & 7 Ave,2026-08-23T19:59:00,25,25,50
6 ave & w 33 st,2026-08-23T19:59:00,22,13,35
E 43 St & Vanderbilt Ave,2026-08-23T19:59:00,21,19,
W 45 St & 6 Ave,2026-08-23T19:59:00,19,16,35
w 21 st & 6 ave,2026-08-23T19:59:00,25,20,45
8 Ave & W 31 St,2026-08-23T19:59:00,25,25,50
W 20 St & 11 Ave,2026-08-23T19:59:00,13,17,30
W 26 St & 8 Ave,2026-08-23T19:59:00,22,13,35
W 17 St & 8 Ave,2026-08-23T19:59:00,17,23,40
9 Ave & W 22 St,2026-08-23T19:59:00,14,16,30
Broadway & E 14 St,2026-08-23T19:59:00,24,26,50
Lafayette St & E 8 St,2026-08-23T19:59:00,19,26,45
E 17 St & Broadway,2026-08-23T19:59:00,22,18,40
University Pl & E 14 St,2026-08-23T19:59:00,17,18,35
Carmine St & 6 Ave,2026-08-23T19:59:00,9,21,30
Christopher St & Greenwich St,2026-08-23T19:59:00,11,19,
E 7 St & Avenue A,2026-08-23T19:59:00,15,20,35
West St and Chambers St,2026-08-23T19:59:00,23,22,45
South End Ave & Liberty St,2026-08-23T19:59:00,16,19,35
Vesey Pl & River Terrace,2026-08-23T19:59:00,25,15,40
Cleveland Pl & Spring St,2026-08-23T19:59:00,18,17,35
broadway & battery pl,2026-08-23T19:59:00,18,22,40
1 Ave & E 68 St,2026-08-23T19:59:00,17,23,40
E 72 St & York Ave,2026-08-23T19:59:00,21,14,
lexington ave & e 63 st,2026-08-23T19:59:00,23,12,35
E 75 St & 3 Ave,2026-08-23T19:59:00,17,13,
W 41 St & 8 Ave,2026-08-23T20:59:00,35,20,55
Pershing Square North,2026-08-23T20:59:00,25,35,60
e 47 st & park ave,2026-08-23T20:59:00,21,19,40
Broadway & W 41 St,2026-08-23T20:59:00,27,18,
W 33 St & 7 Ave,2026-08-23T20:59:00,25,25,50
6 Ave & W 33 St,2026-08-23T20:59:00,21,14,35
E 43 St & Vanderbilt Ave,2026-08-23T20:59:00,21,19,40
W 45 St & 6 Ave,2026-08-23T20:59:00,19,16,35
W 21 St & 6 Ave ,2026-08-23T20:59:00,25,20,45
8 Ave & W 31 St,2026-08-23T20:59:00,25,25,50
W 20 St & 11 Ave,2026-08-23T20:59:00,12,18,30
W 26 St & 8 Ave,2026-08-23T20:59:00,21,14,35
W 17 St & 8 Ave,2026-08-23T20:59:00,16,24,40
9 Ave and W 22 St,2026-08-23T20:59:00,13,17,30
Broadway & E 14 St,2026-08-23T20:59:00,24,26,
Lafayette St & E 8 St,2026-08-23T20:59:00,19,26,45
E 17 St & Broadway,2026-08-23T20:59:00,23,17,40
University  Pl & E 14 St,2026-08-23T20:59:00,17,18,35
Carmine  St & 6 Ave,2026-08-23T20:59:00,9,21,30
Christopher  St & Greenwich St,2026-08-23T20:59:00,10,20,30
E 7 St & Avenue A,2026-08-23T20:59:00,16,19,35
West St & Chambers St,2026-08-23T20:59:00,22,23,45
South End Ave & Liberty St,2026-08-23T20:59:00,15,20,
Vesey Pl & River Terrace,2026-08-23T20:59:00,25,15,40
Cleveland Pl & Spring St,2026-08-23T20:59:00,19,16,35
Broadway & Battery Pl,2026-08-23T20:59:00,18,22,40
1 Ave & E 68 St,2026-08-23T20:59:00,19,21,40
E 72 St & York Ave,2026-08-23T20:59:00,22,13,35
Lexington Ave & E 63 St,2026-08-23T20:59:00,23,12,
E 75 St & 3 Ave,2026-08-23T20:59:00,18,12,30
W 41 St & 8 Ave,2026-08-23T21:59:00,35,20,55
Pershing Square North,2026-08-23T21:59:00,25,35,60
E 47 St & Park Ave,2026-08-23T21:59:00,20,20,40
Broadway & W 41 St,2026-08-23T21:59:00,28,17,
W 33 St & 7 Ave,2026-08-23T21:59:00,27,23,50
6 Ave & W 33 St,2026-08-23T21:59:00,22,13,35
E 43 St & Vanderbilt Ave,2026-08-23T21:59:00,20,20,40
W 45 St & 6 Ave,2026-08-23T21:59:00,19,16,35
w 21 st & 6 ave,2026-08-23T21:59:00,24,21,45
8 Ave & W 31 St,2026-08-23T21:59:00,25,25,50
W 20 St & 11 Ave,2026-08-23T21:59:00,12,18,30
W 26 St and 8 Ave,2026-08-23T21:59:00,21,14,35
W 17 St & 8 Ave ,2026-08-23T21:59:00,16,24,40
9 Ave & W 22 St,2026-08-23T21:59:00,14,16,30
Broadway & E 14 St,2026-08-23T21:59:00,23,27,50
Lafayette  St & E 8 St,2026-08-23T21:59:00,20,25,45
E 17 St & Broadway,2026-08-23T21:59:00,23,17,40
University Pl & E 14 St,2026-08-23T21:59:00,17,18,35
Carmine  St & 6 Ave,2026-08-23T21:59:00,9,21,30
Christopher St & Greenwich St,2026-08-23T21:59:00,8,22,30
E 7 St & Avenue A,2026-08-23T21:59:00,16,19,35
West St & Chambers St,2026-08-23T21:59:00,21,24,45
South End Ave & Liberty St,2026-08-23T21:59:00,15,20,35
Vesey Pl & River Terrace,2026-08-23T21:59:00,26,14,40
Cleveland Pl & Spring St,2026-08-23T21:59:00,19,16,
Broadway & Battery Pl,2026-08-23T21:59:00,18,22,40
1 Ave & E 68 St,2026-08-23T21:59:00,18,22,40
E 72 St & York Ave,2026-08-23T21:59:00,22,13,35
Lexington Ave & E 63 St,2026-08-23T21:59:00,22,13,35
E 75 St & 3 Ave,2026-08-23T21:59:00,17,13,30
W 41 St & 8 Ave,2026-08-23T22:59:00,34,21,55
Pershing Square North,2026-08-23T22:59:00,26,34,60
e 47 st & park ave,2026-08-23T22:59:00,20,20,40
Broadway & W 41 St,2026-08-23T22:59:00,29,16,
W 33 St & 7 Ave,2026-08-23T22:59:00,27,23,50
6 Ave & W 33 St,2026-08-23T22:59:00,22,13,35
E 43 St & Vanderbilt Ave,2026-08-23T22:59:00,20,20,40
W 45 St & 6 Ave,2026-08-23T22:59:00,18,17,35
W 21 St & 6 Ave,2026-08-23T22:59:00,22,23,45
8 Ave & W 31 St,2026-08-23T22:59:00,25,25,50
W 20 St & 11 Ave,2026-08-23T22:59:00,12,18,30
W 26 St & 8 Ave,2026-08-23T22:59:00,21,14,35
W 17 St & 8 Ave,2026-08-23T22:59:00,17,23,
9 Ave & W 22 St,2026-08-23T22:59:00,13,17,30
Broadway & E 14 St,2026-08-23T22:59:00,24,26,50
Lafayette St & E 8 St,2026-08-23T22:59:00,20,25,45
E 17 St & Broadway,2026-08-23T22:59:00,24,16,40
University Pl & E 14 St ,2026-08-23T22:59:00,17,18,35
Carmine St & 6 Ave,2026-08-23T22:59:00,9,21,30
Christopher St & Greenwich St,2026-08-23T22:59:00,8,22,30
E 7 St & Avenue A,2026-08-23T22:59:00,17,18,35
West St & Chambers St,2026-08-23T22:59:00,21,24,45
South End Ave & Liberty St,2026-08-23T22:59:00,15,20,35
Vesey Pl & River Terrace,2026-08-23T22:59:00,25,15,40
Cleveland Pl & Spring St,2026-08-23T22:59:00,19,16,35
Broadway & Battery Pl,2026-08-23T22:59:00,18,22,40
1 ave & e 68 st,2026-08-23T22:59:00,18,22,
E 72 St & York Ave,2026-08-23T22:59:00,22,13,35
lexington ave & e 63 st,2026-08-23T22:59:00,24,11,35
E 75 St & 3 Ave,2026-08-23T22:59:00,18,12,30
W 41 St & 8 Ave,2026-08-23T23:59:00,35,20,55
Pershing Square North,2026-08-23T23:59:00,25,35,60
E 47 St & Park Ave,2026-08-23T23:59:00,20,20,40
Broadway & W 41 St,2026-08-23T23:59:00,28,17,45
w 33 st & 7 ave,2026-08-23T23:59:00,27,23,50
6 Ave & W 33 St,2026-08-23T23:59:00,23,12,35
E 43 St & Vanderbilt Ave,2026-08-23T23:59:00,20,20,40
W 45 St & 6 Ave,2026-08-23T23:59:00,19,16,35
W 21 St & 6 Ave,2026-08-23T23:59:00,23,22,45
8 Ave & W 31 St,2026-08-23T23:59:00,24,26,50
W 20 St & 11 Ave,2026-08-23T23:59:00,12,18,30
W  26 St & 8 Ave,2026-08-23T23:59:00,21,14,35
W 17 St & 8 Ave,2026-08-23T23:59:00,17,23,40
9 Ave & W 22 St,2026-08-23T23:59:00,13,17,30
Broadway  & E 14 St,2026-08-23T23:59:00,23,27,50
Lafayette St & E 8 St ,2026-08-23T23:59:00,20,25,45
E 17 St & Broadway,2026-08-23T23:59:00,24,16,40
University Pl & E 14 St,2026-08-23T23:59:00,17,18,35
Carmine St and 6 Ave,2026-08-23T23:59:00,9,21,30
Christopher St & Greenwich St,2026-08-23T23:59:00,8,22,30
E 7 St & Avenue A,2026-08-23T23:59:00,17,18,35
West St & Chambers St,2026-08-23T23:59:00,19,26,45
South End Ave & Liberty St,2026-08-23T23:59:00,17,18,35
Vesey Pl & River Terrace,2026-08-23T23:59:00,25,15,40
Cleveland Pl and Spring St,2026-08-23T23:59:00,19,16,35
Broadway  & Battery Pl,2026-08-23T23:59:00,18,22,
1 Ave & E 68 St,2026-08-23T23:59:00,19,21,40
E 72 St & York Ave,2026-08-23T23:59:00,22,13,35
Lexington Ave & E 63 St,2026-08-23T23:59:00,23,12,
E 75 St & 3 Ave ,2026-08-23T23:59:00,18,12,30
