flight_no,carrier,date,origin,dest,sched_dep,air_time_min,delay_min
SK460,SK,2026-08-23,lax,ORD,19:20,245,2
SK451,SK,2026-08-21,SFO,ORD,06:30,273,2
PR506,PR,2026-08-20,ORD,SFO,05:50,263,35
BW292,BW,2026-08-19,ATL,IAD,07:15,96,-3
PR750,PR,2026-08-22,SFO,LAX,11:35,72,44
SK468,SK,2026-08-23,ORD,MSP,12:55,75,-6
BW621,BW,2026-08-17,SEA,DEN,14:30,142,4
AU622,AU,2026-08-18,PHX,DEN,16:15,108,-6
PR266,PR,2026-08-20,EWR,SFO,13:55,346,-2
AU707,AU,2026-08-20,LAX,SEA,17:45,156,17
PR516,PR,2026-08-19,ORD,LAX,08:10,249,8
BW628,BW,2026-08-19,PHX,LAX,12:15,69,-4
AU576,AU,2026-08-18,DFW,PHX,10:45,141,13
PR167,PR,8/19/2026,DEN,BOS,05:15,248,14
AU264,AU,2026-08-17,IAH,EWR ,08:40,205,14
PR759,PR,2026-08-17,SEA,LAX,09:20,149,14
BW453,BW,2026-08-20,MSP,ORD,20:50,68,4
BW185,BW,8/18/2026,SFO,JFK,10:10,352,13
PR125,PR,2026-08-23,IAD,BOS,06:20,91,8
SK456,SK,2026-08-23,ORD,LAX,14:35,240,3
AU214,AU,2026-08-19,ATL,JFK,05:50,127,101
AU603,AU,2026-08-21,IAH,LAX,09:10,202,39
AU503,AU,8/23/2026,LAS,ORD,20:40,216,14
BW400,BW,2026-08-23,ORD,DEN,18:40,149,-7
SK509,SK,2026-08-18,MSP,DEN,14:35,116,-2
PR407,PR,2026-08-22,ATL,LAX,09:15,280,32
SK176,SK,2026-08-23,jfk,LAX,05:45,342,35
BW200,BW,2026-08-18,MIA,JFK,10:20,170,13
PR364,PR,8/21/2026,ATL,MIA,06:05,90,-5
AU203,AU,2026-08-19,MIA,JFK,18:00,161,
BW573,BW,2026-08-23,DEN,SLC,17:15,78,-6
AU717,AU,2026-08-17,SEA,LAX,15:15,147,7
BW360,BW,2026-08-23,LAX,ATL,05:10,273,6
BW602,BW,2026-08-17,DEN,SFO,10:35,147,-8
SK500,SK,2026-08-17,DTW,MSP,19:15,102,7
SK159,SK,2026-08-22,DEN,BOS,21:30,251,13
SK355,SK,2026-08-20, Atl,CLT,10:45,64,-7
AU469,AU,2026-08-17,MSP,ORD,07:30,79,14
BW374,BW,2026-08-19,ATL ,IAH,16:10,112,68
PR460,PR,8/23/2026,DFW,CLT,09:30,145,4
PR426,PR,2026-08-23,ATL,IAH,13:35,125,12
BW554,BW,2026-08-19,SLC,DFW,09:25,149,14
SK677,SK,2026-08-20,LAX,PHX,13:10,70,8
BW646,BW,2026-08-23,LAS,LAX,05:40,65,-6
PR160,PR,2026-08-19,BOS ,MSP,17:15,170,-6
SK742,SK,8/21/2026,SEA,SFO,14:40,109,44
BW248,BW,2026-08-21,SFO,EWR,12:10,346,-1
AU285,AU,2026-08-22,IAD,ATL,11:35,103,31
BW105,BW,2026-08-18,JFK,BOS,20:05,46,8
BW572,BW,2026-08-22,DEN,SLC,18:35,77,-6
PR140,PR,2026-08-19,BOS,ORD,07:05,136,-3
SK135,SK,2026-08-20,ATL,BOS,17:00,150,-7
SK448,SK,8/17/2026,SFO,ORD,09:55,259,-1
BW380,BW,2026-08-17,CLT,ORD,09:35,94,6
PR216,PR,2026-08-20,MIA,JFK,21:30,164,-8
AU287,AU,2026-08-22,IAD,ATL,10:50,97,56
PR653,PR,2026-08-22,SLC,DFW,21:25,156,n/a
AU384,AU,2026-08-23,ATL,PHX,09:00,227,13
BW287,BW,2026-08-23,CLT,PHL,14:00,85,-7
AU459,AU,2026-08-20,LAX,ORD,08:55,252,-6
SK542,SK,2026-08-20,LAX,DFW,16:25,185,37
PR369,PR,8/21/2026,MIA,ATL,21:35,88,1
AU368,AU,2026-08-17,SEA,ATL,19:25,296,-7
SK330,SK,2026-08-21,ORD,ATL ,08:55,111,32
SK138,SK,2026-08-21,BOS,ORD,07:40,143,12
PR349,PR,2026-08-19,DFW,ATL,14:55,125,12
BW533,BW,2026-08-17,LAX,DFW,17:05,182,-4
BW447,BW,2026-08-21, Ord,MSP ,14:55,55,-7
AU524,AU,2026-08-18,DEN,MSP ,17:45,113,8
PR169,PR,2026-08-19,BOS,DFW ,21:40,235,2
BW355,BW,2026-08-19,ATL,LAX,09:30,282,7
AU134,AU,2026-08-20,ATL,BOS,19:20,145,40
BW167,BW,2026-08-19,JFK,LAX,09:35,338,0
PR178,PR,2026-08-20,sfo,BOS,08:10,362,0
BW144,BW,2026-08-23,BOS,MSP,16:40,168,-4
AU298,AU,8/19/2026,ATL,ORD,17:55,108,n/a
SK301,SK,2026-08-19,IAD,DEN,11:00,214,14
BW666,BW,2026-08-20,LAX,SFO,21:25,69,-4
SK292,SK,2026-08-21,ATL,PHL,15:20,117,7
AU491,AU,8/18/2026,DFW,ORD,11:55,137,27
PR117,PR,8/17/2026,BOS,IAD,19:45,83,5
PR725,PR,2026-08-17,SLC,SEA,05:00,118,1
SK346,SK,2026-08-20,MIA,ATL,16:50,111,0
SK607,SK,2026-08-17,DEN,slc,13:10,77,14
AU332,AU,8/17/2026,CLT,ATL,18:30,48,-4
AU197,AU,2026-08-20,JFK,MIA,12:05,175,98
PR571,PR,2026-08-17,ORD,SLC,09:30,183,-4
PR710,PR,2026-08-20,LAX ,DEN,15:45,145,9
SK130,SK,2026-08-19,ATL,BOS,09:00,156,7
AU247,AU,2026-08-22,SFO,EWR,05:05,346,7
SK624,SK,2026-08-21,DEN ,LAS,05:45,108,-6
BW561,BW,8/19/2026,DEN,IAH,07:10,137,38
SK293,SK,2026-08-23,ATL,PHL,08:50,118,0
PR665,PR,8/19/2026,IAH,LAX,21:00,203,
BW354,BW,2026-08-21,DEN,ATL,09:15,177,13
PR738,PR,8/17/2026,LAS,LAX,09:20,68,15
AU193,AU,2026-08-20,JFK, Mia,21:40,159,-1
AU612,AU,2026-08-21,SLC,DEN,12:20,72,-5
SK377,SK,2026-08-22,ATL,SEA,14:15,303,8
PR239,PR,8/20/2026,ORD,JFK,10:30,128,5
SK733,SK,2026-08-18,SEA,LAX,18:35,143,8
SK208,SK,8/17/2026,SFO,JFK ,14:05,359,46
AU177,AU,8/21/2026,LAX,JFK,07:20,325,7
SK573,SK,2026-08-21,DFW,LAS,15:05,162,44
SK531,SK,8/17/2026,DEN, Dfw,09:30,104,11
SK705,SK,2026-08-19,LAX,LAS,17:15,54,13
AU102,AU,2026-08-18,BOS,JFK,12:45,59,9
PR249,PR,2026-08-23,SEA,JFK,13:10,331,5
PR368,PR,2026-08-20,MIA,ATL,20:00,111,7
SK416,SK,2026-08-21,MIA,LAX,21:00,324,14
AU347,AU,2026-08-23,DEN,ATL,17:10,176,-7
SK368,SK,2026-08-22,ATL,LAX,08:55,276,2
AU570,AU,2026-08-21,SEA,DFW,10:20,248,-5
BW189,BW,2026-08-18,JFK,MIA,09:35,171,-3
PR577,PR,2026-08-20,MSP,DTW,12:15,92,-2
PR556,PR,2026-08-19,DFW ,ORD,09:15,120,
PR208,PR,8/21/2026,SFO,JFK,21:10,360,78
AU106,AU,2026-08-17,JFK,BOS,07:05,53,65
AU316,AU,2026-08-22,DFW,ATL,17:55,110,17
BW453,BW,2026-08-20,MSP,ORD,20:50,68,4
AU655,AU,2026-08-22,DEN,SEA,18:50,154,-7
SK649,SK,2026-08-17,LAX,DEN,13:10,143,9
SK472,SK,2026-08-22,MSP,ORD,15:50,78,-6
SK344,SK,2026-08-21,ATL,MIA,06:55,107,41
BW652,BW,8/18/2026,las,LAX,17:05,58,9
PR304,PR,2026-08-20,PHL,CLT,14:45,92,3
BW479,BW,2026-08-19,ORD,LAS,19:50,221,-8
PR332,PR,2026-08-19,ORD,ATL,18:40,102,-8
PR231,PR,2026-08-21,ATL,JFK,10:35,126,4
SK738,SK,2026-08-23,SFO,SEA,07:25,119,4
AU496,AU,8/22/2026,ORD,LAS,13:05,216,36
BW258,BW,2026-08-19,IAH,EWR,07:45,214,-4
SK493,SK,2026-08-22,ORD,SLC,11:40,185,-8
BW261,BW,2026-08-21,PHL, Ord,09:35,122,4
AU722,AU,2026-08-17,SFO,SEA,17:45,123,-3
AU122,AU,2026-08-17,BOS,iad,12:15,81,4
AU400,AU,8/22/2026,DFW,CLT,15:40,141,-5
SK397,SK,2026-08-17,PHX,ATL,19:05,213,-4
BW506,BW,2026-08-19,DEN,MSP,17:50,114,31
PR658,PR,2026-08-22,IAH,DEN,08:00,134,16
SK512,SK,2026-08-17,DEN,MSP,07:20,112,11
AU251,AU,8/18/2026,SFO,EWR,08:30,343,17
PR643,PR,2026-08-20,LAS,DFW,07:35,167,-7
BW645,BW,2026-08-22,LAS,lax,05:20,57,34
SK688,SK,2026-08-18,SEA,PHX,19:15,175,5
SK267,SK,2026-08-21,EWR,DEN,08:15,233,-5
PR656,PR,8/23/2026,IAH,DEN,20:10,135,2
SK431,SK,8/22/2026,DEN,ORD,17:25,147,9
BW172,BW,2026-08-21,JFK,LAX,16:35,337,48
PR440,PR,2026-08-21,ATL,PHX,05:15,224,2
SK577,SK,8/19/2026, Dfw,LAS,21:10,166,-6
PR222,PR,2026-08-23,MIA,JFK,11:45,162,14
SK601,SK,2026-08-19,DEN,SLC,15:00,92,-7
PR508,PR,2026-08-20,SFO,ORD,13:45,251,24
AU151,AU,8/17/2026,MSP,BOS,08:45,175,20
SK675,SK,8/20/2026,PHX,LAX,18:25,78,11
PR486,PR,2026-08-20,ORD,DEN,20:55,143,57
PR591,PR,2026-08-18,DEN,MSP,16:30,114,2
SK246,SK,2026-08-23,EWR,ORD,10:10,114,n/a
AU684,AU,2026-08-21,LAS,LAX,15:45,61,43
SK220,SK,2026-08-23,JFK,MIA,10:45,166,8
BW135,BW,2026-08-17,ORD,BOS,09:25,139,-8
SK467,SK,2026-08-21,ORD,MSP,07:20,62,-3
SK112,SK,2026-08-18,JFK,BOS,17:35,52,23
BW176,BW,2026-08-22,LAX,JFK,09:40,336,4
SK670,SK,2026-08-17,phx,LAX,11:35,76,-3
BW138,BW,2026-08-22,BOS,DTW,18:40,95,n/a
PR105,PR,2026-08-22,BOS,JFK,08:40,60,-8
PR409,PR,2026-08-20,ATL,LAX,13:55,270,5
PR596,PR,2026-08-17,MSP,SEA,21:20,209,12
PR612,PR,8/21/2026,DEN,DFW,05:20,115,1
AU212,AU,8/23/2026,ATL,JFK,21:45,138,14
AU276,AU,8/23/2026,PHL,CLT,14:45,90,9
BW220,BW,2026-08-20,JFK,ORD,21:40,128,16
BW277,BW,8/17/2026,PHL,ATL,19:35,113,2
AU425,AU,8/20/2026,DEN,ORD,18:00,144,10
PR554,PR,2026-08-19,DFW,ORD,16:25,131,1
AU360,AU,2026-08-20,LAX,ATL,19:20,263,4
BW311,BW,2026-08-22,DFW,ATL,06:20,128,13
AU619,AU,2026-08-21,PHX,DEN,18:20,104,13
AU512,AU,8/21/2026,DTW,MSP,09:55,91,14
SK490,SK,2026-08-17,LAS,ORD,06:25,219,4
AU178,AU,2026-08-18,LAX,JFK,13:05,338,-1
BW527,BW,2026-08-23,DFW,LAX,06:05,190,-6
BW254,BW,2026-08-22,EWR,IAH,05:25,201,19
PR366,PR,2026-08-19,ATL,MIA,12:10,99,-2
BW513,BW,2026-08-22,SLC,MSP,14:55,158,-7
AU376,AU,2026-08-17,IAH,ATL,08:30,118,-2
SK695,SK,2026-08-23,las,LAX,14:45,60,-6
PR138,PR,2026-08-17,BOS,ORD,18:05,133,12
PR705,PR,2026-08-22,LAX,DEN ,21:25,139,-1
SK319,SK,8/18/2026,ATL,ORD,14:00,107,-1
SK630,SK,2026-08-23,LAS,DEN,20:30,110,60
BW574,BW,2026-08-18,DEN,SLC,14:50,76,-7
SK391,SK,2026-08-17,ATL,PHX ,07:10,225,29
BW170,BW,2026-08-23,JFK,LAX,15:35,355,6
SK130,SK,2026-08-19,ATL,BOS,09:00,156,7
PR715,PR,2026-08-19,SFO,den,13:00,151,3
BW589,BW,2026-08-18, Den,las,14:50,110,-8
AU723,AU,2026-08-17,SEA,SFO,09:05,115,5
SK184,SK,2026-08-21,LAX,JFK,11:05,345,-8
SK265,SK,2026-08-23,SFO,EWR,08:55,354,34
SK273,SK,8/21/2026,IAH,ewr,15:00,206,-3
AU591,AU,8/21/2026,LAS,DFW,20:20,171,6
BW516,BW,2026-08-20,DFW,DEN,18:25,114,-4
BW301,BW,8/18/2026,ORD, Atl,05:20,111,6
SK681,SK,2026-08-21,Los Angeles International,PHX,05:50,85,9
SK545,SK,2026-08-20,LAX,DFW,12:55,183,42
BW107,BW,2026-08-23,JFK,BOS,18:10,64,4
PR371,PR,2026-08-21,MIA,ATL,14:25,109,5
PR399,PR,2026-08-17,DEN,ATL,07:15,180,3
AU558,AU,2026-08-19,LAX,DFW,17:35,190,8
PR724,PR,8/22/2026,SLC,SEA,12:45,108,5
AU125,AU,2026-08-18,IAD,BOS,16:15,79,4
SK544,SK,2026-08-19,LAX,DFW,16:20,195,
SK476,SK,2026-08-19, Dtw,ORD,05:25,64,1
PR453,PR,2026-08-20,ORD,CLT,12:15,114,-7
PR142,PR,2026-08-22,BOS,ORD,05:55,139,-5
AU467,AU,8/17/2026,ORD,MSP,08:35,70,44
BW243,BW,2026-08-23,ORD,EWR,12:20,116,-4
PR502,PR,8/17/2026,ORD,SEA,05:00,250,17
PR336,PR,2026-08-18,ATL ,DFW,12:35,118,-1
BW196,BW,2026-08-21,JFK,MIA,05:40,166,5
PR248,PR,2026-08-20,SEA,JFK,18:05,341,-7
SK669,SK,2026-08-23,SEA,SLC,14:55,118,8
PR284,PR,2026-08-23,PHL,ORD,16:35,113,10
BW543,BW,2026-08-18, Dfw,LAS,06:05,162,140
BW340,BW,8/20/2026,ATL,DEN,11:55,180,-8
SK189,SK,2026-08-18,LAX,JFK,07:05,333,7
AU345,AU,2026-08-20,DEN,ATL,09:15,184,17
BW516,BW,2026-08-20,DFW,DEN,18:25,114,-4
PR580,PR,2026-08-19,MSP,DTW,13:25,99,-6
SK491,SK,2026-08-18,LAS,ORD,07:35,224,-4
BW436,BW,2026-08-20,ORD, Lax,07:10,246,55
BW681,BW,2026-08-17,LAX,SEA,08:05,144,11
BW395,BW,2026-08-18,DFW,MIA,12:15,169,-6
SK737,SK,2026-08-21,SFO,SEA,19:05,127,n/a
AU621,AU,2026-08-23,PHX,DEN ,15:55,102,41
BW457,BW,2026-08-23,ORD,DTW,21:30,59,64
AU188,AU,2026-08-23,SFO,JFK,21:55,357,33
BW322,BW,8/18/2026,atl,MIA,06:50,104,109
AU649,AU,2026-08-22,SFO,DEN,11:50,155,49
PR109,PR,2026-08-18,BOS,JFK,10:05,47,7
AU383,AU,8/22/2026,atl,PHX,15:30,228,54
AU269,AU,2026-08-19,ORD,PHL,12:25,118,14
BW568,BW,2026-08-17,LAX,IAH,13:30,192,-3
AU531,AU,2026-08-22,SEA,MSP,12:00,209,-3
PR579,PR,2026-08-23,MSP,Detroit Metropolitan Wayne County,09:35,77,
BW434,BW,8/20/2026,ORD,LAX,11:10,243,19
AU335,AU,2026-08-21,CLT,ATL,21:40,53,4
SK614,SK,2026-08-20,DEN,PHX,15:15,112,12
AU539,AU,2026-08-21,DFW,DEN,21:25,119,6
AU643,AU,2026-08-23,DEN,SFO,10:00,151,
PR179,PR,2026-08-22,SFO,BOS,09:05,359,-7
PR523,PR,2026-08-19, Ord,MSP ,17:20,66,6
AU657,AU,2026-08-19,SEA,DEN,05:20,159,14
AU487,AU,2026-08-21,ORD,DFW,18:20,122,17
SK179,SK,2026-08-18,JFK,LAX,06:35,349,4
BW244,BW,2026-08-17,ORD,EWR,13:05,129,-6
PR493,PR,2026-08-17,DEN,ORD,05:15,137,-5
AU307,AU,2026-08-22,ATL,DFW,20:40,125,34
SK325,SK,8/18/2026,ATL,ORD,09:00,95,68
AU237,AU,2026-08-21,ORD,EWR,17:10,119,50
BW312,BW,2026-08-17,DFW,ATL,07:20,129,11
AU111,AU,2026-08-19,JFK ,BOS,20:05,57,85
AU433,AU,2026-08-21,ORD,SEA,14:25,238,13
SK521,SK,2026-08-23,SLC,MSP ,16:30,162,7
PR118,PR,8/20/2026,BOS,IAD,17:15,73,-3
PR614,PR,2026-08-17,DFW,LAX,18:05,186,8
PR147,PR,2026-08-17,ORD,BOS,11:20,141,5
SK192,SK,2026-08-17,LAX,JFK,19:40,336,10
PR275,PR,2026-08-22,DEN,EWR,11:05,223,8
PR260,PR,8/19/2026,ORD,EWR,18:00,119,49
BW335,BW,8/17/2026, Atl, Clt,10:55,58,10
SK251,SK,2026-08-23,EWR,ORD,19:40,126,17
SK349,SK,8/21/2026,MIA,ATL,16:20,103,-7
SK650,SK,2026-08-21,LAX,DEN,17:25,137,15
SK277,SK,2026-08-20,PHL,ord,09:55,121,-5
AU536,AU,2026-08-18,MSP,SLC,09:50,142,-8
PR377,PR,8/18/2026,ATL,CLT,08:05,58,-4
BW119,BW,2026-08-17,IAD,BOS,10:00,87,3
PR519,PR,2026-08-22,LAX,ORD,20:05,249,7
SK576,SK,2026-08-22,DFW,LAS,16:50,150,1
SK360,SK,8/20/2026,ATL,DEN,07:55,179,11
PR566,PR,8/19/2026,LAS,ORD,19:35,204,-5
PR315,PR,2026-08-18,IAD,ATL,20:25,97,-5
BW245,BW,2026-08-18,ORD,EWR,21:00,123,22
PR544,PR,2026-08-18,ORD,dfw,09:40,141,63
SK197,SK,2026-08-19,JFK,SFO,13:05,346,28
PR578,PR,8/21/2026,MSP, Dtw,21:40,94,-5
BW356,BW,2026-08-18,ATL,LAX,08:15,269,9
PR548,PR,2026-08-22,ORD,DFW,11:35,124,5
AU375,AU,2026-08-21,IAH,ATL,10:35,110,18
AU564,AU,2026-08-22,DFW,SEA,14:55,236,0
PR130,PR,8/17/2026,ATL,BOS,19:45,160,-5
BW670,BW,2026-08-18,LAX,SFO,12:35,77,1
AU136,AU,2026-08-19,BOS,Chicago O'Hare International,16:45,136,-8
AU506,AU,8/17/2026,ORD,SLC,18:30,185,4
SK539,SK,2026-08-23,DFW , Lax,08:35,175,6
AU474,AU,2026-08-17,MSP,ORD,07:45,61,3
SK532,SK,2026-08-23,DEN,DFW,11:55,101,-8
BW427,BW,2026-08-17,SFO,ORD,11:00,264,1
SK631,SK,2026-08-17,LAS,DEN,15:05,112,5
AU592,AU,2026-08-21,SLC,DFW,08:15,162,4
BW296,BW,2026-08-20,ATL,IAD,21:05,101,7
AU497,AU,2026-08-19,ORD,LAS,08:15,213,23
AU663,AU,2026-08-18,SEA,DEN,11:05,158,37
BW522,BW,2026-08-23,DEN,DFW,09:30,106,-1
SK204,SK,8/17/2026,SFO,JFK,16:30,344,13
PR515,PR,2026-08-23,ORD,LAX,08:25,247,17
PR389,PR,8/21/2026,CLT,ATL,19:30,60,-5
BW293,BW,8/19/2026,ATL,IAD,06:05,92,11
PR695,PR,2026-08-19,den,LAS,08:35,109,9
BW630,BW,2026-08-23,PHX,LAX,11:20,83,9
PR454,PR,8/22/2026,ord,CLT,16:35,110,-7
SK724,SK,2026-08-21,SFO,LAX,05:55,81,-2
AU464,AU,8/21/2026,ORD, Msp,15:35,82,23
PR378,PR,8/19/2026,ATL,CLT,06:00,61,7
AU342,AU,2026-08-19,DEN, Atl,19:45,185,8
SK207,SK,2026-08-22,SFO,JFK,14:30,350,13
SK161,SK,2026-08-17,BOS,DFW,17:20,221,14
BW649,BW,8/20/2026,las,LAX,05:55,67,28
SK714,SK,2026-08-19,LAX,SFO,06:35,76,7
PR189,PR,2026-08-22,LAX,JFK,05:15,331,37
PR697,PR,2026-08-17,LAS,DEN,15:00,104,4
SK691,SK,2026-08-19,LAS,LAX,09:00,60,14
BW499,BW,2026-08-22,LAX,DTW,18:00,272,1
PR692,PR,2026-08-22,DEN,LAS,20:25,105,12
PR106,PR,8/23/2026,BOS, Jfk,11:20,62,43
PR611,PR,2026-08-21,DEN,DFW,20:20,100,-7
AU553,AU,2026-08-20,DFW,LAX,13:20,192,3
AU195,AU,2026-08-20,JFK,MIA,06:45,158,-2
PR190,PR,2026-08-20,LAX,JFK,11:55,336,4
BW203,BW,2026-08-23,MIA,JFK,08:55,169,133
PR122,PR,2026-08-17,IAD,BOS,20:40,79,6
SK518,SK,2026-08-21,MSP,SLC,11:35,159,4
PR671,PR,2026-08-18,DEN,SLC,05:05,84,4
PR529,PR,2026-08-20,MSP,ORD,07:40,73,4
SK166,SK,2026-08-21,BOS,DFW,08:15,226,-8
PR428,PR,2026-08-21,ATL,iah,17:30,114,n/a
SK372,SK,2026-08-22,LAX,ATL,08:15,273,-8
BW166,BW,2026-08-17,JFK,LAX,12:40,335,-5
PR410,PR,2026-08-21,ATL,LAX,17:30,278,26
AU535,AU,8/21/2026,SEA,MSP,13:15,216,11
PR587,PR,2026-08-20,LAX,DTW,09:25,270,5
AU504,AU,2026-08-21,LAS,ORD,12:45,227,-3
SK429,SK,8/19/2026,DEN,ORD,05:35,142,12
SK361,SK,2026-08-22,DEN,ATL,07:50,183,2
SK703,SK,2026-08-17,LAX, Las,12:25,63,20
AU108,AU,2026-08-20,JFK,BOS,20:35,54,1
PR414,PR,2026-08-21,LAX,ATL,13:10,268,60
PR133,PR,8/17/2026,BOS,ORD,13:10,135,13
PR303,PR,2026-08-22,PHL,CLT,13:05,92,8
PR502,PR,8/17/2026,ORD,SEA,05:00,250,17
SK664,SK,2026-08-22,SEA,DEN,11:00,159,-3
PR624,PR,2026-08-21,LAX,DFW,15:30,183,12
PR650,PR,2026-08-19,DFW,SLC,07:35,156,1
SK668,SK,2026-08-17,SEA,SLC,19:45,115,2
SK679,SK,8/17/2026,LAX,PHX,11:35,84,46
PR585,PR,2026-08-18,LAX,DTW,05:25,279,15
SK334,SK,2026-08-22,ATL,DFW,16:45,123,-8
AU623,AU,2026-08-17,DEN,LAS,09:40,111,-2
AU595,AU,2026-08-20,SLC,DFW,07:35,159,0
SK275,SK,2026-08-17,PHL,ORD,13:55,111,13
BW113,BW,2026-08-21,BOS,IAD,05:45,82,-5
AU710,AU,8/22/2026,LAX,SEA,13:40,141,6
BW358,BW,2026-08-20,ATL,LAX,10:35,272,
BW348,BW,2026-08-18,DEN,ATL,21:50,183,4
AU248,AU,8/18/2026,SFO ,EWR,06:55,355,42
AU690,AU,2026-08-22,lax, Las,12:45,60,-1
PR220,PR,2026-08-22,MIA,JFK,13:40,159,
PR685,PR,2026-08-20,PHX,DEN,08:00,110,25
SK210,SK,2026-08-17,JFK,MIA,16:25,168,-2
AU654,AU,2026-08-19,DEN,SEA,09:50,153,
BW596,BW,2026-08-23, Den,LAX,16:20,142,26
PR746,PR,2026-08-17,LAX,SFO,21:55,72,11
PR103,PR,2026-08-17,BOS,JFK,09:30,43,13
SK674,SK,2026-08-23,PHX,LAX,07:30,71,-3
BW328,BW,2026-08-17,MIA,ATL,09:05,98,-3
BW226,BW,8/17/2026,ORD,JFK,20:55,127,47
SK125,SK,2026-08-21,BOS,ATL,10:10,145,-4
BW659,BW,8/19/2026,LAX,SFO ,18:30,77,10
AU584,AU,8/20/2026,PHX ,DFW ,13:55,138,-2
BW685,BW,2026-08-22,SEA,LAX,18:00,139,7
SK495,SK,2026-08-17,SLC,ORD,06:30,177,-7
BW665,BW,2026-08-19,LAX,SFO,05:50,69,82
AU394,AU,2026-08-21,ORD,CLT,12:25,109,4
SK375,SK,2026-08-22,LAX,ATL,07:05,267,-1
BW255,BW,2026-08-23,EWR,iah,06:55,214,2
SK581,SK,2026-08-18,DFW,SLC,12:45,146,5
PR679,PR,8/19/2026,DEN,PHX,11:50,107,-2
SK121,SK,2026-08-22,IAD,bos,15:15,78,5
PR195,PR,2026-08-22,LAX,JFK,15:25,340,5
SK413,SK,2026-08-20, Mia,lax,15:35,323,29
SK283,SK,2026-08-20,ORD,PHL,21:50,123,11
PR319,PR,2026-08-17,ATL,IAD,13:50,89,-1
AU631,AU,2026-08-18,DEN,LAX,08:15,146,6
BW232,BW,2026-08-17,JFK,SEA,05:10,338,9
AU637,AU,2026-08-18,LAX,DEN,07:35,139,49
PR255,PR,2026-08-17,ORD,EWR,09:05,125,27
PR351,PR,2026-08-23,DFW,ATL,06:10,130,13
AU712,AU,2026-08-19,SEA,LAX,16:40,156,2
SK317,SK,2026-08-20,ATL,IAD,11:45,98,0
PR487,PR,2026-08-21,ORD,DEN,08:55,141,22
SK463,SK,2026-08-17,LAX,ORD,17:15,256,67
AU437,AU,8/18/2026,SEA,ORD,20:20,250,13
AU447,AU,8/23/2026, Sfo,ORD,13:30,264,-5
PR361,PR,2026-08-19,ATL,MIA,21:10,100,8
SK442,SK,2026-08-18,ORD,SFO,12:25,256,83
BW654,BW,2026-08-23,LAX,LAS,05:10,64,-4
PR306,PR,2026-08-17,CLT,PHL,16:25,91,8
SK640,SK,8/18/2026,DEN,LAX,13:30,132,-6
SK201,SK,2026-08-23,JFK,SFO,15:35,354,-3
BW272,BW,8/23/2026,ORD,PHL,20:05,113,51
PR463,PR,8/18/2026,MIA,DFW,13:30,173,1
BW579,BW,2026-08-17,DEN,PHX,10:45,101,102
PR137,PR,2026-08-23,BOS,ORD,06:35,144,165
AU231,AU,2026-08-22,ewr,ORD,06:40,127,3
SK127,SK,2026-08-17,BOS,ATL,05:10,151,-5
AU661,AU,8/23/2026,SEA, Den,17:45,158,-7
PR756,PR,2026-08-22,LAX,SEA,08:20,150,-3
PR243,PR,8/20/2026,ORD,JFK,10:30,134,1
BW642,BW,2026-08-18,SEA,PHX,13:50,162,12
PR470,PR,2026-08-19,DFW,MIA,05:50,166,68
PR253,PR,8/22/2026,EWR,ORD,05:20,127,-1
PR680,PR,2026-08-22,DEN,PHX,11:00,114,9
BW390,BW,8/21/2026,CLT ,DFW,20:10,157,7
SK185,SK,2026-08-23,LAX,JFK,14:45,330,-2
AU101,AU,2026-08-20,BOS,JFK,06:45,58,0
SK741,SK,8/23/2026,SFO,SEA,08:40,114,1
SK290,SK,2026-08-21,PHL,ATL,10:20,106,
PR452,PR,2026-08-19,ORD,CLT,12:05,100,0
AU703,AU,2026-08-20,SFO,LAX,20:45,76,5
PR764,PR,2026-08-17,SFO,SEA,05:00,112,9
PR425,PR,2026-08-22,ATL,IAH,10:20,103,-2
SK720,SK,2026-08-21,SFO,LAX,07:15,64,48
PR521,PR,2026-08-21,LAX,ORD,17:15,251,-4
SK106,SK,2026-08-19,BOS,JFK,07:05,56,-1
AU175,AU,8/19/2026,LAX ,jfk,08:40,342,13
AU272,AU,2026-08-20,ATL,PHL,19:15,115,99
PR358,PR,2026-08-22,ATL,MIA,14:40,108,-1
AU471,AU,2026-08-18,MSP,ORD,11:15,79,-6
SK313,SK,2026-08-19,IAD,ATL,09:10,94,10
BW408,BW,8/21/2026,DEN,ORD,21:30,139,1
SK603,SK,2026-08-22,DEN,SLC,17:50,76,-5
BW370,BW,2026-08-18,ATL,IAH,12:35,111,8
SK327,SK,2026-08-21,ORD,ATL,19:25,102,1
BW392,BW,2026-08-19,DFW,CLT,06:45,146,16
AU227,AU,2026-08-22,JFK,SEA,11:05,315,116
AU436,AU,8/19/2026,SEA,ORD ,19:05,242,-3
BW344,BW,2026-08-22,ATL,DEN,20:05,187,0
SK244,SK,2026-08-18,SEA,JFK,20:50,329,6
AU673,AU,2026-08-19,PHX,LAX,11:15,80,-6
SK626,SK,8/19/2026,LAS,DEN,18:50,107,4
PR273,PR,8/18/2026,EWR,DEN,19:35,234,-3
SK272,SK,2026-08-20,IAH,EWR,17:30,204,7
PR340,PR,2026-08-18,ATL,DFW,18:55,126,-2
PR489,PR,2026-08-20,ORD,DEN,08:35,149,9
AU388,AU,2026-08-20,PHX,ATL,05:20,227,6
SK182,SK,8/22/2026,JFK,LAX,09:20,327,-1
SK735,SK,2026-08-17,sea,LAX,17:25,144,
BW446,BW,2026-08-19,ORD ,MSP,20:25,74,13
PR107,PR,8/19/2026,BOS,JFK,17:05,46,-2
AU266,AU,2026-08-17,ORD,phl,17:35,110,0
PR280,PR,2026-08-22,IAH,EWR,10:05,207,-6
AU340,AU,8/18/2026,ATL,DEN,05:00,175,60
BW633,BW,8/18/2026,LAX,PHX,17:10,76,8
PR457,PR,2026-08-20,CLT,DFW,05:50,146,-6
BW389,BW,2026-08-23,CLT ,dfw,16:05,140,14
PR736,PR,2026-08-17,SEA, Phx,16:15,162,0
PR568,PR,2026-08-20,LAS,ORD,07:05,212,-8
BW288,BW,2026-08-18,IAD,DEN,21:50,211,3
AU423,AU,2026-08-23,ORD,DEN,07:55,141,9
SK611,SK,2026-08-22,SLC,DEN,21:30,83,-1
AU578,AU,2026-08-18,DFW,PHX,13:50,129,6
SK594,SK,2026-08-23,DEN,IAH,14:30,138,9
PR229,PR,2026-08-20,JFK,ATL,17:20,136,13
SK403,SK,2026-08-17,CLT,DFW,17:40,145,-3
BW130,BW,2026-08-20,BOS,ORD,17:35,140,-5
BW318,BW,2026-08-23,ATL,MIA,07:15,104,20
SK711,SK,2026-08-20,LAX,SFO,15:55,76,0
PR494,PR,8/18/2026,DEN,ORD,20:10,139,6
BW160,BW,8/22/2026,JFK,LAX,16:10,347,-7
AU438,AU,2026-08-19,SEA,ORD,13:20,247,72
PR581,PR,2026-08-20,DTW,LAX,10:10,279,11
BW181,BW,2026-08-21,JFK, Sfo,15:00,343,1
SK517,SK,2026-08-20,MSP,SLC,12:45,162,-1
AU107,AU,8/19/2026,JFK,BOS,10:00,69,11
BW419,BW,2026-08-21,SEA,ORD,09:25,247,32
AU217,AU,2026-08-18,JFK,ORD,10:05,124,5
BW488,BW,2026-08-23,ORD,SLC,05:15,184,20
AU182,AU,2026-08-23,JFK,SFO,14:15,360,131
PR347,PR,2026-08-20,DFW,ATL,20:45,121,-3
SK656,SK,2026-08-20,SFO,DEN,13:40,150,0
AU616,AU,2026-08-23,DEN,PHX,21:00,104,2
SK622,SK,8/19/2026,DEN,LAS,17:50,118,5
BW524,BW,8/17/2026,DEN,DFW,13:00,107,65
SK590,SK,8/17/2026,DEN,IAH,08:45,132,-3
PR627,PR,2026-08-17,LAX,DFW,21:55,193,49
PR188,PR,2026-08-18,LAX,JFK,07:00,344,7
AU727,AU,2026-08-22,SEA, Sfo,17:00,105,4
BW643,BW,2026-08-19,SEA,PHX,20:15,164,11
PR773,PR,8/18/2026,sea,SFO,05:10,127,6
BW212,BW,8/18/2026,JFK,ATL,11:05,126,-8
BW464,BW,8/22/2026,DTW,ORD,20:00,52,24
BW481,BW,2026-08-23,ORD,LAS,13:10,207,13
PR183,PR,2026-08-17,JFK,LAX,17:45,340,10
SK515,SK,2026-08-18,SEA,MSP,13:05,205,1
SK438,SK,2026-08-18,ORD,SFO,06:50,279,1
AU363,AU,2026-08-20,ATL,SEA,13:20,308,67
SK526,SK,8/18/2026,DFW,DEN,15:15,117,20
SK178,SK,2026-08-22,JFK,LAX,16:55,347,-7
BW273,BW,2026-08-17,ORD,PHL,21:30,106,51
PR321,PR,8/23/2026,ATL,IAD,20:50,102,29
PR224,PR,2026-08-21,JFK,ATL,06:00,121,2
SK226,SK,2026-08-21,JFK,ATL,13:40,126,22
BW397,BW,2026-08-18,MIA ,LAX,18:20,323,13
AU170,AU,2026-08-18,JFK,LAX,11:50,349,6
PR542,PR,2026-08-22,DTW,ORD,06:25,65,4
AU648,AU,2026-08-22,SFO,DEN,17:05,149,2
SK667,SK,2026-08-18,slc,SEA,18:10,114,10
SK289,SK,8/20/2026,PHL,ATL,08:05,119,12
SK149,SK,2026-08-23,BOS,DTW,16:05,121,31
SK280,SK,2026-08-18,PHL,ORD,19:10,108,62
PR749,PR,2026-08-22,SFO ,LAX,21:00,82,10
AU243,AU,8/23/2026,EWR,SFO ,12:15,347,7
SK398,SK,2026-08-21,CLT,ORD,13:10,108,-5
BW186,BW,8/20/2026,SFO,JFK,15:40,361,62
SK311,SK,2026-08-20,IAD,ATL,20:05,112,-7
AU305,AU,2026-08-22,ORD,ATL,08:10,102,3
BW667,BW,8/22/2026,LAX,SFO,17:55,65,-8
AU510,AU,8/18/2026,SLC,ORD,18:10,178,-7
BW362,BW,8/21/2026,LAX,ATL,21:00,279,52
AU348,AU,2026-08-21, Atl,LAX,13:50,269,1
SK248,SK,2026-08-21,EWR,ORD,08:15,117,35
AU291,AU,8/18/2026,ATL,IAD,18:50,95,-5
PR441,PR,2026-08-20,ATL,PHX,17:05,223,-1
AU133,AU,2026-08-19,ATL,BOS,13:00,146,3
BW101,BW,2026-08-20,BOS,JFK,09:25,48,-2
SK643,SK,2026-08-23,LAX,den,11:40,140,13
AU642,AU,2026-08-22,DEN,SFO,08:15,150,-1
AU713,AU,2026-08-21,SEA,LAX,07:55,146,12
PR500,PR,2026-08-21,ORD,SEA,10:40,242,89
SK118,SK,2026-08-18,IAD,BOS,15:55,81,-6
PR307,PR,2026-08-18,CLT,PHL,14:20,83,6
AU189,AU,2026-08-20,SFO,jfk,15:55,355,-5
SK417,SK,2026-08-17,LAX,MIA,08:50,316,-4
BW326,BW,8/23/2026,MIA,ATL,19:30,97,73
AU452,AU,2026-08-17,ORD,LAX,11:00,244,6
PR358,PR,2026-08-22,ATL,MIA,14:40,108,-1
SK584,SK,2026-08-19,SLC,DFW,12:55,150,0
PR357,PR,2026-08-21,ATL,MIA,08:20,92,4
PR328,PR,2026-08-17,ATL,ORD,14:55,86,7
AU294,AU,8/22/2026,ATL,ORD,18:20,123,57
SK379,SK,2026-08-18,SEA,ATL,07:45,291,12
BW369,BW,2026-08-17,ATL,IAH,17:50,121,-3
BW304,BW,2026-08-17,ATL,DFW,20:00,124,27
BW118,BW,2026-08-21,IAD, Bos,15:10,82,-7
AU198,AU,2026-08-18,MIA,JFK ,09:00,172,9
BW470,BW,2026-08-20,ORD,DFW,07:00,120,34
AU131,AU,2026-08-17,ATL,BOS,09:00,161,-2
AU489,AU,2026-08-19, Ord,DFW,18:10,136,4
PR649,PR,2026-08-17,DFW,SLC,05:20,150,-2
BW530,BW,2026-08-21, Dfw,LAX ,19:55,182,-8
PR413,PR,2026-08-19,LAX,ATL,15:30,273,3
PR761,PR,2026-08-20,SEA,LAX,08:35,144,1
SK709,SK,2026-08-17,LAX,SFO,10:05,64,13
SK560,SK,2026-08-23,DFW,PHX,14:05,145,7
SK344,SK,2026-08-21,ATL,MIA,06:55,107,41
BW571,BW,2026-08-21, Lax,IAH,15:25,202,-6
AU199,AU,2026-08-22,MIA,JFK,19:25,168,-1
BW336,BW,8/20/2026,CLT,ATL,09:35,58,12
PR585,PR,2026-08-18,LAX,DTW,05:25,279,15
BW373,BW,2026-08-22,ATL,IAH,13:10,113,60
SK154,SK,2026-08-20,MSP,BOS,06:05,176,-7
SK332,SK,2026-08-19,ATL,DFW,15:00,127,13
AU677,AU,2026-08-22,LAX,PHX,07:35,88,-5
SK524,SK,2026-08-22,DFW,DEN,14:15,115,11
SK619,SK,2026-08-19,PHX, Den,13:40,111,1
PR338,PR,2026-08-19,ATL,dfw,10:55,127,6
BW157,BW,2026-08-19,BOS,SFO,09:55,375,-3
AU387,AU,2026-08-19,PHX,ATL,11:10,221,4
SK569,SK,2026-08-22,PHX,dfw,19:15,130,-1
PR709,PR,8/22/2026,LAX,DEN,14:50,137,11
PR563,PR,2026-08-17,ORD,LAS,05:50,225,8
AU458,AU,2026-08-18,LAX,ORD,05:05,258,35
SK216,SK,2026-08-17,JFK,MIA,12:00,172,5
SK122,SK,2026-08-23,BOS,ATL,10:50,151,-6
AU187,AU,2026-08-20,SFO,JFK,17:30,354,14
PR693,PR,8/23/2026,DEN,LAS,07:15,111,8
AU205,AU,2026-08-19, Jfk,ATL,08:50,128,42
AU638,AU,2026-08-19,LAX,DEN,06:50,138,12
SK625,SK,2026-08-17,DEN,LAS,08:35,97,13
BW159,BW,8/23/2026,SFO,BOS,17:35,374,23
PR238,PR,2026-08-17,ORD,JFK,09:50,125,-8
BW557,BW,2026-08-20,IAH,DEN,13:15,130,8
AU159,AU,8/19/2026,DFW,BOS,11:10,222,6
PR670,PR,2026-08-20,LAX,IAH,07:10,198,4
PR594,PR,2026-08-19,MSP,SEA,15:10,213,12
PR623,PR,2026-08-20,LAX,DFW,05:00,186,28
SK604,SK,2026-08-23,DEN,SLC,07:25,76,-1
PR739,PR,8/18/2026,LAS,LAX,19:25,68,-3
PR766,PR,2026-08-18,SFO,SEA,07:30,115,4
PR423,PR,8/17/2026,ATL,SEA,08:55,305,75
AU651,AU,2026-08-23,SFO,DEN,07:35,144,12
AU142,AU,2026-08-20,ORD ,BOS,13:40,139,2
BW351,BW,2026-08-23,DEN,ATL,08:05,187,1
AU544,AU,2026-08-19,DEN,DFW,12:20,119,12
BW473,BW,8/19/2026,dfw,ORD,16:55,135,-2
BW460,BW,2026-08-21,ORD,DTW,11:55,65,33
AU494,AU,8/17/2026,DFW,ORD ,10:20,131,-4
AU216,AU,8/22/2026,ATL,JFK,18:45,132,116
PR532,PR,2026-08-20, Msp,ORD,07:40,67,11
PR354,PR,2026-08-19,DFW,ATL,10:00,119,-6
SK525,SK,8/23/2026,DFW,DEN,09:20,93,-4
BW606,BW,2026-08-20,DEN,sfo,16:35,149,7
BW163,BW,2026-08-17, Jfk,LAX,14:25,346,20
SK638,SK,2026-08-20,DEN,LAX,11:05,133,14
AU530,AU,8/21/2026,SEA,MSP,20:35,203,10
SK587,SK,2026-08-21,IAH,DEN,13:15,144,-4
AU318,AU,8/20/2026,DFW,ATL,12:00,117,0
BW246,BW,2026-08-17,EWR,SFO,06:15,342,-8
SK606,SK,2026-08-20,DEN,SLC,10:55,75,3
AU370,AU,2026-08-20,SEA,ATL,16:10,302,-6
PR490,PR,2026-08-22,ORD,DEN ,19:00,142,0
BW383,BW,8/18/2026, Clt,ORD,13:30,107,-4
AU715,AU,2026-08-22,SEA,LAX,10:05,144,-3
PR648,PR,2026-08-22,DFW,Salt Lake City International,19:35,153,-5
PR536,PR,2026-08-21,ORD,DTW,10:25,60,22
PR707,PR,2026-08-22,LAX,DEN,09:55,130,12
SK635,SK,8/20/2026,DEN,LAX,17:00,141,8
AU617,AU,2026-08-17,PHX,DEN,19:40,102,-4
SK326,SK,2026-08-20,ORD,ATL,10:15,99,10
BW234,BW,2026-08-17,EWR,ORD,06:10,120,0
BW456,BW,8/19/2026,ORD,DTW,06:40,57,-8
PR145,PR,2026-08-17,ORD,BOS,06:30,133,-3
BW155,BW,8/19/2026,DFW,BOS,05:00,217,0
BW691,BW,2026-08-19,SFO,SEA,17:00,117,42
SK610,SK,2026-08-20,SLC,DEN,12:15,78,-4
PR398,PR,8/23/2026,DEN,ATL,17:35,178,-7
PR405,PR,2026-08-17,ATL,LAX,21:15,263,2
AU274,AU,2026-08-19,PHL,CLT,07:50,80,13
AU323,AU,2026-08-17,MIA,ATL,11:20,110,2
SK582,SK,2026-08-18,DFW,SLC,19:35,151,16
PR435,PR,2026-08-20,IAH,ATL,14:45,109,32
SK307,SK,2026-08-17,IAD,ATL,17:40,105,1
SK323,SK,2026-08-22,atl,ORD,08:25,103,21
SK367,SK,2026-08-17,ATL,LAX,10:00,273,11
AU249,AU,2026-08-21,SFO,EWR,12:10,342,4
PR240,PR,8/21/2026,ORD,JFK,14:05,112,9
AU566,AU,2026-08-18,DFW,SEA,07:00,230,104
SK381,SK,8/19/2026,SEA,ATL,17:20,302,10
AU443,AU,2026-08-19,ORD,SFO,19:45,261,-5
PR374,PR,2026-08-20,MIA,ATL,21:10,96,-8
AU723,AU,2026-08-17,SEA,SFO,09:05,115,5
SK578,SK,2026-08-23,LAS,DFW,08:15,153,n/a
BW461,BW,2026-08-22,ORD,DTW,09:10,57,4
PR150,PR,8/18/2026,ORD,BOS,15:55,140,4
PR344,PR,2026-08-20,ATL,DFW,09:10,132,-1
PR186,PR,2026-08-20,JFK,LAX,21:35,336,-5
AU314,AU,2026-08-17,ATL,DFW,21:45,126,14
PR265,PR,2026-08-19,EWR,SFO,11:55,349,5
AU407,AU,2026-08-21,DFW,MIA,15:40,166,-2
AU618,AU,2026-08-21,PHX,DEN ,09:25,105,12
AU520,AU,2026-08-17,MSP,DEN,05:20,112,2
PR384,PR,2026-08-18, Clt,ATL,21:15,62,-8
AU219,AU,2026-08-22,JFK,ORD,11:30,119,4
PR411,PR,2026-08-17,ATL,LAX,15:20,267,11
BW143,BW,8/21/2026,BOS,MSP ,07:50,163,23
SK177,SK,2026-08-18,JFK,LAX,12:00,336,12
BW257,BW,2026-08-20,EWR,iah,06:20,211,37
PR700,PR,8/23/2026,DEN,LAX,20:45,137,2
PR657,PR,2026-08-18,IAH,DEN,05:05,133,11
PR603,PR,2026-08-17,SLC,MSP,12:55,162,6
BW230,BW,8/19/2026,JFK,SEA,20:55,331,12
BW566,BW,2026-08-22,IAH,LAX,17:10,204,3
SK459,SK,2026-08-19,LAX,ORD,14:35,252,5
AU604,AU,8/23/2026,LAX,IAH,15:35,199,10
PR180,PR,2026-08-17,JFK,LAX,11:10,334,30
BW663,BW,8/23/2026,LAX,SFO,09:00,80,98
BW349,BW,8/20/2026,den,ATL,16:25,182,-2
PR318,PR,2026-08-17,IAD,ATL,18:00,87,6
BW350,BW,2026-08-21,DEN,ATL,16:00,176,
SK659,SK,8/17/2026,SFO,DEN,06:40,159,-2
SK231,SK,2026-08-22,ATL ,JFK,13:20,127,3
AU585,AU,2026-08-22,DFW,LAS,18:35,162,6
SK297,SK,2026-08-17,PHL,CLT,17:50,93,10
SK561,SK,8/19/2026,dfw,PHX,11:25,147,48
AU625,AU,2026-08-20,LAS,DEN,11:25,115,92
AU475,AU,2026-08-21,MSP,ORD,20:10,62,
AU450,AU,2026-08-23,ORD,LAX,05:40,250,6
PR559,PR,2026-08-17, Ord,LAS,21:05,204,3
BW676,BW,2026-08-19,LAX, Sea,12:55,155,44
AU139,AU,2026-08-18,ORD,BOS,06:50,138,72
SK685,SK,2026-08-17,PHX,SEA,21:05,176,-8
BW422,BW,2026-08-17,ORD,SFO,11:15,271,32
BW106,BW,2026-08-22,JFK,BOS,21:05,54,34
PR261,PR,2026-08-21,ORD,EWR,16:50,117,-5
AU369,AU,8/18/2026,SEA,ATL,17:55,305,14
SK694,SK,8/19/2026,LAS,LAX,13:40,55,7
PR730,PR,2026-08-17,LAX,PHX,15:30,77,14
AU374,AU,2026-08-20,IAH,ATL,13:05,119,1
BW627,BW,2026-08-17,SEA,SLC,21:25,122,13
BW366,BW,2026-08-19, Atl,SEA,07:15,305,8
SK570,SK,2026-08-17,PHX,DFW,07:15,133,-3
AU277,AU,2026-08-19, Clt,PHL,18:35,81,13
BW586,BW,8/18/2026,DEN,LAS,07:05,112,-5
SK684,SK,2026-08-23,PHX,SEA,09:40,166,4
BW664,BW,2026-08-18,LAX,SFO,18:10,74,-4
SK710,SK,8/18/2026,LAX,SFO,06:40,64,12
AU273,AU,2026-08-23,ATL,PHL,19:10,112,72
SK689,SK,8/17/2026,LAS,LAX,08:25,57,13
SK704,SK,2026-08-18, Lax,LAS,16:05,60,83
SK615,SK,2026-08-23,DEN,PHX,07:05,106,6
BW298,BW,2026-08-21,ATL,ORD,11:55,104,8
BW614,BW,2026-08-21,SFO,DEN,14:20,159,10
AU116,AU,2026-08-20,JFK,BOS,05:10,45,5
BW179,BW,2026-08-20,JFK,SFO,21:55,352,12
BW588,BW,2026-08-21,DEN,LAS,20:45,106,0
PR543,PR,2026-08-17,ORD,DFW,05:15,132,4
SK484,SK,2026-08-20,DFW,ORD,05:15,134,19
AU132,AU,2026-08-18,ATL,BOS,21:15,152,-8
BW332,BW,8/17/2026,ATL,CLT,17:15,54,-1
PR110,PR,2026-08-21,BOS,JFK,19:00,43,99
BW671,BW,2026-08-21,SFO,LAX,09:15,68,16
BW477,BW,2026-08-22,DFW,ORD,12:45,132,1
BW294,BW,2026-08-21,ATL,IAD,12:00,96,20
AU640,AU,2026-08-18,LAX,DEN,06:10,132,-1
SK109,SK,2026-08-17,BOS,JFK,20:40,53,11
PR235,PR,8/22/2026,JFK,ORD,11:35,116,27
AU557,AU,2026-08-22,LAX,DFW,13:10,185,14
AU380,AU,2026-08-17,ATL,PHX,19:50,225,1
SK350,SK,8/21/2026,ATL,CLT,07:15,52,-1
SK428,SK,8/22/2026,DEN,ORD,18:50,140,5
BW612,BW,8/18/2026,SFO,den,08:00,148,8
AU158,AU,2026-08-23,BOS,dfw,14:20,231,13
SK422,SK,2026-08-22,ORD,DEN,13:40,134,13
PR667,PR,2026-08-20,iah,LAX,17:35,205,-1
PR633,PR,2026-08-20,DFW,PHX,16:55,132,25
PR282,PR,8/20/2026,IAH, Ewr,12:10,200,2
BW404,BW,2026-08-20,ORD,DEN,21:10,147,10
AU444,AU,2026-08-21,ORD,SFO,15:55,252,-8
AU292,AU,8/19/2026,ATL,IAD,12:15,90,12
AU153,AU,2026-08-18,DEN ,BOS,17:00,255,1
AU505,AU,8/18/2026,ORD,SLC,10:10,172,14
SK245,SK,8/21/2026,EWR,ORD,06:20,117,7
SK503,SK,2026-08-22,MSP,DTW,20:00,92,10
SK399,SK,2026-08-17,ORD,CLT,16:00,101,37
PR465,PR,8/21/2026,MIA,DFW,12:35,173,32
SK354,SK,8/19/2026,ATL,CLT,20:20,53,-6
PR647,PR,2026-08-21,DFW ,SLC,05:10,154,0
SK263,SK,2026-08-17,SFO,EWR,08:55,347,0
BW202,BW,8/21/2026,MIA,JFK,14:50,183,16
PR561,PR,2026-08-17, Ord,LAS,13:35,212,-8
PR768,PR,8/18/2026, Sfo,SEA,12:30,114,7
SK240,SK,8/22/2026,ORD,JFK,07:35,110,18
BW239,BW,2026-08-22,ewr,ORD,05:05,122,77
PR444,PR,2026-08-22,PHX,ATL,12:15,232,12
SK286,SK,2026-08-23,PHL,ATL,10:55,122,4
PR287,PR,2026-08-21,ORD,PHL,17:05,113,6
SK171,SK,2026-08-20,BOS,SFO,06:05,364,11
BW289,BW,2026-08-21,IAD,DEN,18:55,213,13
PR251,PR,8/18/2026,SEA, Jfk,19:40,330,11
BW393,BW,2026-08-23,DFW,CLT,10:50,139,-2
SK699,SK,2026-08-19,lax,LAS,13:00,60,14
SK461,SK,2026-08-17,LAX,ORD,17:20,257,6
SK549,SK,2026-08-19,DFW,SEA,09:35,238,4
AU137,AU,2026-08-20,ORD,BOS,08:35,136,5
SK686,SK,2026-08-20,PHX,SEA,17:40,172,12
PR207,PR,2026-08-23,SFO,JFK,07:55,361,38
PR434,PR,2026-08-21, Iah,ATL,05:40,112,12
BW582,BW,2026-08-18,PHX,DEN,18:55,107,6
BW403,BW,2026-08-19,ORD,DEN,21:25,142,0
SK634,SK,2026-08-18,DEN,lax,08:05,137,-8
SK588,SK,2026-08-23,iah,DEN,19:20,147,12
BW325,BW,8/22/2026,MIA,Hartsfield-Jackson Atlanta International,11:35,100,10
AU550,AU,2026-08-17,dfw,LAX,11:40,186,0
SK387,SK,2026-08-22,IAH,ATL,14:20,109,-1
SK165,SK,2026-08-18,BOS,DFW,11:30,213,-5
AU154,AU,2026-08-20,DEN,BOS,15:00,243,-1
AU404,AU,2026-08-17,MIA,DFW,15:50,163,1
AU181,AU,2026-08-22,LAX,JFK,20:55,339,10
BW610,BW,2026-08-20,SFO,DEN,09:55,142,56
BW415,BW,2026-08-22,ORD,SEA,15:20,241,8
SK574,SK,2026-08-23,DFW,LAS,16:10,161,78
BW313,BW,8/19/2026,DFW,ATL,16:40,127,3
PR531,PR,8/18/2026,MSP,ORD,21:50,80,-3
PR245,PR,2026-08-21, Jfk,SEA,14:20,324,-4
BW544,BW,8/17/2026,DFW,LAS,15:30,152,0
PR754,PR,2026-08-23,LAX, Sea,09:05,158,25
AU540,AU,8/23/2026,DFW,DEN,05:40,108,12
BW407,BW,2026-08-20,DEN,ORD,19:15,140,-6
BW448,BW,2026-08-18,ORD,MSP,17:20,71,21
AU161,AU,2026-08-20,DFW,BOS,17:15,228,24
PR482,PR,2026-08-20,ORD,DEN,05:35,135,36
SK380,SK,2026-08-23,SEA,ATL,14:55,298,4
BW420,BW,2026-08-22,SEA,ORD,15:55,247,66
AU329,AU,2026-08-21,ATL,CLT,15:25,59,-1
SK486,SK,2026-08-22,DFW,ORD,21:20,110,18
BW639,BW,2026-08-23,LAX,PHX,11:25,71,66
AU315,AU,2026-08-23,DFW,ATL,20:45,122,13
SK173,SK,2026-08-18,SFO,BOS ,17:20,372,129
AU186,AU,2026-08-18,SFO,JFK,21:05,352,4
PR276,PR,2026-08-18,DEN,EWR,19:25,231,9
BW660,BW,2026-08-23,LAX,SFO,21:50,78,-8
PR757,PR,2026-08-20,SEA,LAX,05:10,147,13
PR386,PR,8/22/2026,clt,ATL,21:50,45,1
AU529,AU,2026-08-17,SEA,MSP,05:20,210,-3
BW333,BW,2026-08-20,ATL,CLT,21:15,60,8
PR131,PR,8/19/2026,ATL,BOS,07:15,150,13
SK352,SK,2026-08-21,ATL,CLT,08:40,53,166
SK366,SK,2026-08-23,ATL,LAX,10:25,266,6
BW401,BW,8/17/2026,ORD,DEN,14:45,145,4
BW412,BW,2026-08-19,DEN, Ord,19:30,146,-2
SK405,SK,8/21/2026,DFW, Clt,07:35,159,3
PR732,PR,2026-08-18,LAX,PHX ,21:30,80,3
BW656,BW,2026-08-23,LAX,LAS,09:35,63,4
AU114,AU,2026-08-17,JFK,BOS,10:40,66,8
AU586,AU,2026-08-17,DFW,LAS,05:35,162,-3
SK389,SK,8/22/2026,IAH,ATL,07:45,108,57
PR400,PR,2026-08-19,DEN, Atl,20:20,179,12
SK447,SK,2026-08-21,SFO, Ord,19:50,264,11
BW153,BW,8/22/2026,DFW,BOS,12:05,225,4
SK356,SK,2026-08-22,ATL,CLT,10:40,50,3
PR132,PR,8/21/2026,ATL,BOS,09:20,146,12
SK457,SK,2026-08-18,ORD,LAX,07:25,255,44
PR564,PR,2026-08-21,ORD,las,07:05,218,41
AU541,AU,2026-08-23,DFW,DEN,06:25,106,-1
SK374,SK,2026-08-17,LAX,ATL,13:10,276,12
SK497,SK,2026-08-19,SLC, Ord,13:20,193,11
BW463,BW,2026-08-17,DTW,ORD,05:15,74,-8
PR388,PR,2026-08-20,CLT,ATL,08:45,61,9
AU516,AU,2026-08-17,DTW,LAX,10:40,285,2
BW581,BW,2026-08-18,DEN,PHX,19:40,104,6
AU235,AU,2026-08-20,ORD,EWR,16:20,117,-8
AU615,AU,2026-08-22, Den,PHX,06:05,103,9
BW284,BW,8/17/2026,CLT,PHL,12:55,92,-2
SK124,SK,2026-08-19,BOS,ATL,19:25,153,15
BW371,BW,2026-08-20,atl,IAH,14:50,118,0
BW324,BW,2026-08-19,MIA,ATL,17:45,105,-8
PR666,PR,2026-08-19,IAH,lax,12:35,194,-8
SK510,SK,2026-08-23,MSP,DEN,07:00,111,9
PR449,PR,2026-08-17,clt,ORD,20:20,102,-8
AU614,AU,8/20/2026,DEN,PHX ,21:25,105,5
BW679,BW,2026-08-18,LAX,sea,19:45,144,9
BW552,BW,8/23/2026,DFW,SLC,19:20,157,11
PR599,PR,8/23/2026,MSP,SLC,15:30,163,5
BW353,BW,2026-08-22,DEN, Atl,16:35,181,1
BW645,BW,2026-08-22,LAS,lax,05:20,57,34
AU441,AU,8/23/2026,ORD,SFO,12:15,253,90
BW123,BW,2026-08-22,BOS,ATL,14:20,150,7
PR513,PR,2026-08-17,ORD,LAX,16:55,248,-6
BW168,BW,2026-08-21,JFK,LAX,13:35,337,-6
SK598,SK,2026-08-22,LAX ,IAH,18:50,184,15
BW417,BW,2026-08-20,SEA,ORD,20:15,243,54
SK316,SK,2026-08-17,ATL,IAD,06:15,89,10
PR129,PR,2026-08-21,BOS,ATL,12:20,140,16
AU152,AU,2026-08-18,MSP,BOS,09:25,180,3
PR247,PR,2026-08-19,SEA,JFK,20:50,334,14
AU337,AU,8/23/2026,CLT,ATL,06:10,51,-8
BW236,BW,2026-08-20,EWR,ORD,06:50,116,6
SK136,SK,2026-08-21,ATL,BOS,10:50,157,-1
AU109,AU,2026-08-21,JFK,BOS,09:25,54,50
AU537,AU,2026-08-17,SLC,MSP,10:40,159,46
AU702,AU,8/19/2026,SFO,LAX,05:55,73,43
SK365,SK,2026-08-17,ATL,LAX,10:35,278,46
SK706,SK,2026-08-17,LAX,SFO,13:00,59,11
AU670,AU,2026-08-18,PHX,LAX,05:25,76,6
SK278,SK,8/20/2026,PHL,ORD,10:20,119,9
AU601,AU,2026-08-20,IAH,LAX,09:50,189,13
PR337,PR,8/23/2026,ATL,DFW,14:40,121,34
SK616,SK,2026-08-18,DEN,PHX,17:00,114,6
SK477,SK,8/22/2026,ORD,DFW,21:05,123,
BW595,BW,2026-08-21,DEN,LAX,17:50,132,-2
PR146,PR,2026-08-19,ord,BOS,10:25,134,3
BW140,BW,2026-08-20,DTW,BOS,10:20,106,-8
AU482,AU,2026-08-18,DTW,ORD,14:05,62,15
AU395,AU,2026-08-22,ord,CLT ,08:45,102,39
PR271,PR,2026-08-19,EWR,DEN,10:10,238,-8
AU256,AU,2026-08-20,DEN,EWR,08:30,234,43
SK195,SK,2026-08-22,JFK,SFO,07:45,352,4
SK589,SK,8/17/2026,IAH,den,10:10,134,-4
SK129,SK,2026-08-17, Atl,BOS,10:35,148,35
PR360,PR,2026-08-17,ATL,MIA,05:55,106,28
SK697,SK,2026-08-19,LAS,LAX,21:25,60,-1
AU486,AU,8/20/2026,ORD,DFW,10:50,127,7
AU609,AU,8/21/2026,SLC ,DEN,10:45,79,14
AU385,AU,2026-08-17,ATL,PHX ,12:10,216,2
PR154,PR,2026-08-20,BOS,DTW,09:30,115,2
PR613,PR,2026-08-17,DEN,DFW,12:20,113,0
SK690,SK,2026-08-18,LAS,LAX,11:35,61,1
BW319,BW,2026-08-17,ATL,MIA,16:40,112,14
BW150,BW,2026-08-20,BOS ,DFW,11:05,236,5
AU446,AU,2026-08-19,SFO,ORD,14:50,263,4
SK516,SK,8/19/2026,SEA,MSP,17:25,201,-7
PR683,PR,2026-08-21,DEN,PHX,09:30,106,-2
SK276,SK,2026-08-18,PHL,ORD,06:45,119,12
PR595,PR,8/20/2026,MSP,SEA,21:25,197,3
BW605,BW,2026-08-20,DEN,SFO,21:45,152,-3
BW536,BW,2026-08-21,DFW,DFW,16:05,130,-5
PR742,PR,2026-08-20,LAX,LAS,20:30,64,-1
BW223,BW,8/21/2026,JFK ,ORD,16:05,120,69
BW342,BW,2026-08-19,ATL,DEN,21:25,182,14
BW498,BW,8/21/2026,lax,DTW ,05:00,270,-3
SK418,SK,2026-08-19,LAX,MIA,12:45,317,-2
AU528,AU,2026-08-23,MSP,SEA,15:45,199,-2
BW515,BW,2026-08-18,DFW,DEN,11:00,110,1
SK218,SK,2026-08-19,JFK,MIA,18:45,164,-8
SK172,SK,2026-08-17,SFO,BOS,20:05,367,17
BW578,BW,8/18/2026,SLC,DEN,14:40,72,6
PR586,PR,2026-08-19,LAX, Dtw,14:25,286,13
SK513,SK,2026-08-17,MSP,SEA,17:15,202,25
PR152,PR,2026-08-22,ORD,BOS,08:00,128,7
BW520,BW,8/21/2026,DFW,den,16:10,105,11
BW368,BW,2026-08-22,SEA,ATL,05:20,298,8
SK736,SK,2026-08-20,SFO,SEA,12:30,121,1
SK566,SK,2026-08-23, Phx,DFW,20:40,145,3
PR126,PR,2026-08-19,BOS,ATL,09:30,145,34
PR326,PR,2026-08-22,ATL,ORD,09:55,100,-8
AU427,AU,2026-08-23,DEN,ORD,15:05,157,-1
SK528,SK,2026-08-17,DFW,den,15:00,108,-8
AU683,AU,2026-08-17,LAS, Lax,07:30,46,7
BW523,BW,2026-08-20,DEN,DFW,15:55,109,-3
SK701,SK,2026-08-19,LAX,LAS,08:50,55,11
BW423,BW,8/18/2026,ORD,SFO,05:50,263,63
AU562,AU,8/18/2026,LAX,DFW,10:50,184,5
PR664,PR,2026-08-18,IAH,LAX,07:00,210,8
PR346,PR,2026-08-18,DFW,ATL,08:15,119,0
BW466,BW,8/20/2026,DTW,ORD,13:15,46,2
BW437,BW,2026-08-22,ORD,LAX,18:05,240,7
SK341,SK,2026-08-18,ATL,MIA,13:45,112,7
SK359,SK,2026-08-23,CLT,ATL,15:15,67,-4
BW398,BW,2026-08-20,MIA,LAX,16:30,324,-8
AU123,AU,2026-08-20, Iad,BOS,18:40,87,
PR359,PR,2026-08-23,ATL,MIA,21:05,98,12
AU333,AU,2026-08-18,CLT ,ATL,08:50,59,12
AU607,AU,2026-08-17,DEN,SLC,09:20,83,3
PR252,PR,8/18/2026,EWR,ORD,05:55,117,22
PR675,PR,8/22/2026,SLC,DEN,16:15,80,10
AU339,AU,8/19/2026,ATL,DEN,06:05,172,13
BW376,BW,2026-08-23,IAH,ATL,09:25,127,-6
SK494,SK,2026-08-21,ord,SLC,17:40,185,1
AU697,AU,8/20/2026,LAX,SFO,09:35,61,59
BW567,BW,2026-08-23,IAH,LAX,09:10,204,-3
PR606,PR,8/19/2026,DFW,DEN,16:20,117,-4
BW549,BW,2026-08-17,LAS,DFW,05:35,159,11
AU499,AU,2026-08-18,ord,LAS,12:40,220,8
PR291,PR,2026-08-20,ORD,PHL,16:10,121,28
BW638,BW,2026-08-19,LAX,PHX,13:45,65,2
SK336,SK,2026-08-18,DFW,ATL,13:55,121,10
PR279,PR,2026-08-18,IAH,EWR,05:25,208,8
PR745,PR,2026-08-22,LAX,SFO,17:25,73,14
AU295,AU,8/20/2026,ATL,ORD,13:45,118,6
PR698,PR,2026-08-18,LAS,DEN,17:25,109,-5
BW151,BW,8/22/2026,BOS,DFW,14:05,234,7
BW173,BW,2026-08-23,LAX,JFK,11:50,337,1
BW406,BW,2026-08-23,DEN,ORD,08:55,144,-4
AU239,AU,2026-08-17,ORD,EWR,07:00,112,8
PR385,PR,8/21/2026,CLT,ATL,06:35,59,5
AU253,AU,2026-08-22,EWR,DEN,05:25,229,42
BW184,BW,8/17/2026,SFO,JFK,16:30,347,12
SK384,SK,2026-08-21,ATL,IAH,14:50,119,8
PR341,PR,2026-08-19,atl,DFW,13:40,120,17
AU445,AU,2026-08-22,ORD,SFO,07:30,264,0
PR159,PR,2026-08-17,BOS,MSP,14:50,168,-7
SK357,SK,2026-08-22,CLT,ATL,07:45,57,5
PR584,PR,2026-08-17,LAX,DTW,08:10,278,-1
SK162,SK,2026-08-20,BOS, Dfw,09:30,225,0
PR475,PR,2026-08-22, Mia,LAX,07:15,324,12
BW622,BW,2026-08-18,SEA,DEN,16:30,169,-3
BW493,BW,2026-08-18,DTW,MSP,15:50,104,-8
SK496,SK,2026-08-18,SLC,ORD,19:05,178,8
AU635,AU,2026-08-21,LAX,DEN,11:35,141,2
AU121,AU,2026-08-22,bos,IAD,19:30,76,47
PR121,PR,8/23/2026,IAD,BOS,19:45,85,9
PR393,PR,8/17/2026,ATL,DEN,13:25,177,9
AU339,AU,8/19/2026,ATL,DEN,06:05,172,13
SK530,SK,2026-08-19,DEN,DFW,19:15,124,-3
SK556,SK,8/19/2026,DFW,PHX,17:35,134,-2
AU330,AU,2026-08-23,ATL,CLT,16:40,69,-4
AU241,AU,2026-08-21,EWR,SFO,14:05,356,5
BW334,BW,2026-08-23,ATL,CLT,07:15,59,0
BW210,BW,2026-08-23,JFK,ATL,18:55,121,0
SK249,SK,2026-08-23,EWR,ORD,21:55,123,16
SK110,SK,2026-08-22,BOS,JFK,12:15,54,-2
BW675,BW,2026-08-21,SFO,LAX,11:35,77,1
PR689,PR,2026-08-17,DEN,las,15:00,110,26
AU402,AU,2026-08-22,MIA,DFW,15:20,176,4
AU488,AU,2026-08-17,ORD,DFW,10:35,126,-4
SK557,SK,2026-08-22,DFW,PHX,14:55,145,42
PR752,PR,2026-08-19,LAX,SEA,18:40,154,13
SK469,SK,2026-08-19, Msp,ORD,07:10,71,-1
BW653,BW,2026-08-22,LAX,LAS,05:35,60,8
BW114,BW,2026-08-22,BOS,IAD,07:15,87,85
PR320,PR,2026-08-23,ATL,IAD,17:50,102,-5
AU120,AU,2026-08-20,BOS,IAD,12:05,81,35
SK655,SK,8/19/2026,DEN,SFO,14:40,145,12
BW444,BW,2026-08-22,LAX,ORD,17:55,260,-1
BW486,BW,2026-08-20,ORD,SLC,12:00,190,12
AU381,AU,2026-08-22,ATL,PHX,06:05,235,13
BW124,BW,2026-08-23,BOS,ATL,13:20,154,12
SK475,SK,2026-08-23,ord,DTW,08:30,55,2
PR677,PR,8/18/2026,SLC,DEN,09:35,84,14
BW240,BW,8/18/2026,ORD ,EWR,09:15,118,7
BW510,BW,2026-08-20,SEA,MSP,20:00,200,14
SK338,SK,2026-08-21,DFW,ATL,17:50,126,-6
PR478,PR,2026-08-21,LAX,mia,12:00,321,14
BW668,BW,2026-08-23,LAX,SFO,10:05,67,-5
SK348,SK,2026-08-20,MIA,ATL,06:40,102,-5
AU230,AU,2026-08-20,EWR,ORD,08:25,120,8
PR539,PR,2026-08-21,DTW,ORD,21:10,61,-2
AU639,AU,8/19/2026,LAX,DEN,09:00,142,
PR246,PR,8/17/2026,SEA,JFK,16:30,339,11
PR462,PR,2026-08-21,DFW,CLT,17:00,137,11
AU551,AU,2026-08-20,DFW ,LAX,17:55,182,11
PR134,PR,2026-08-18,bos,ORD,11:25,139,8
PR602,PR,2026-08-18,SLC,MSP,18:05,160,10
PR547,PR,2026-08-19,ORD,DFW,20:00,131,-7
AU435,AU,2026-08-23,ORD,SEA,08:15,246,7
SK284,SK,2026-08-20,PHL,ATL,06:50,108,20
AU513,AU,2026-08-18,MSP,DTW,08:50,94,12
SK482,SK,2026-08-17,ORD,DFW,08:30,135,6
PR158,PR,2026-08-17,DTW,BOS,07:00,107,2
PR546,PR,2026-08-17,ORD,DFW,10:20,124,15
AU492,AU,2026-08-20,DFW,ORD,05:05,136,-3
SK445,SK,2026-08-22,SFO ,ord,21:20,261,33
AU431,AU,2026-08-17,ORD,SEA,09:05,241,14
BW303,BW,2026-08-18,ORD,ATL,18:25,105,-4
PR415,PR,8/20/2026,LAX,ATL,12:15,273,23
SK382,SK,8/21/2026,SEA,ATL,06:30,297,-7
AU466,AU,2026-08-18,ord,MSP,14:45,66,56
SK203,SK,2026-08-19,SFO,JFK,14:25,365,-3
PR124,PR,2026-08-21,IAD,BOS,16:55,91,20
SK103,SK,2026-08-22,BOS,jfk,13:20,52,-3
AU698,AU,8/17/2026,SFO,LAX,18:55,67,9
SK329,SK,2026-08-17,ORD,ATL,05:45,100,4
PR545,PR,2026-08-21,ORD , Dfw,20:40,130,4
SK652,SK,2026-08-22,DEN,SFO,14:10,152,13
BW317,BW,8/22/2026,ATL,MIA,05:35,106,-4
AU463,AU,2026-08-18,ORD,MSP,17:35,64,25
BW323,BW,2026-08-20,ATL,MIA,10:55,95,-6
PR659,PR,2026-08-18,IAH,DEN,12:55,144,6
PR540,PR,2026-08-17,Detroit Metropolitan Wayne County,ORD,17:55,57,27
AU365,AU,2026-08-17,ATL,SEA,19:55,310,-3
PR617,PR,2026-08-22,DFW,LAX,15:45,174,49
AU236,AU,2026-08-18,ORD,EWR,14:00,125,-8
AU228,AU,2026-08-21,SEA,JFK,19:55,329,-5
AU398,AU,2026-08-17,DFW,CLT,18:20,151,3
BW583,BW,2026-08-22,PHX,DEN,14:10,94,-6
SK696,SK,2026-08-18,LAS,LAX ,11:50,66,10
AU164,AU,2026-08-21,BOS,SFO,08:00,376,11
PR256,PR,2026-08-21,ORD,EWR,20:55,124,9
PR484,PR,8/23/2026,ORD,DEN,10:20,141,8
AU254,AU,2026-08-17,EWR,DEN,08:10,232,-8
BW310,BW,2026-08-19,DFW,ATL,14:20,119,-2
PR551,PR,2026-08-18,DFW, Ord,17:25,137,-3
BW149,BW,8/19/2026,BOS,DFW,18:35,215,28
AU321,AU,2026-08-20,ATL,MIA,18:15,101,9
AU518,AU,2026-08-23,LAX,DTW,07:20,283,17
AU244,AU,2026-08-23,EWR,SFO,18:00,369,4
AU389,AU,2026-08-21,PHX,ATL,20:55,242,-5
SK470,SK,2026-08-23,MSP,ORD,11:30,72,-5
PR726,PR,8/18/2026,SEA,SLC,05:25,112,2
PR314,PR,2026-08-21, Iad, Atl,13:45,100,23
SK454,SK,2026-08-19,ORD,LAX,20:25,252,17
AU119,AU,2026-08-18,BOS,IAD,06:55,83,-7
AU478,AU,2026-08-22,ORD,DTW,05:45,55,20
PR213,PR,8/17/2026,MIA,JFK,17:15,166,54
SK388,SK,2026-08-23,IAH,ATL,06:50,129,59
AU716,AU,2026-08-23,SEA,LAX,21:50,151,0
AU671,AU,2026-08-20,PHX,LAX,12:05,81,11
SK158,SK,2026-08-17,DEN,BOS,21:40,252,26
BW271,BW,2026-08-22,ORD,phl,13:05,121,-7
AU220,AU,2026-08-20,jfk,ORD,10:55,125,13
SK385,SK,8/23/2026,ATL,IAH,18:45,107,0
PR642,PR,2026-08-17,LAS,DFW,16:55,159,37
AU625,AU,2026-08-20,LAS,DEN,11:25,115,92
AU358,AU,2026-08-17,lax,ATL,08:10,273,-1
AU362,AU,2026-08-17,ATL,SEA,20:40,290,13
BW129,BW,2026-08-22,BOS,ORD,18:00,147,11
SK378,SK,8/23/2026,ATL,SEA,12:10,288,-5
AU480,AU,8/20/2026,ORD,DTW,21:20,56,14
AU696,AU,8/21/2026,LAX, Sfo,18:05,75,25
PR625,PR,8/22/2026,LAX, Dfw,14:35,179,3
AU343,AU,2026-08-18,DEN,ATL,15:15,187,n/a
BW361,BW,8/17/2026,LAX,ATL,06:05,271,10
AU296,AU,2026-08-21,ATL,ORD,09:00,109,3
SK142,SK,2026-08-23,BOS,ORD,20:05,142,1
PR694,PR,8/18/2026,DEN,LAS,08:15,98,10
PR418,PR,2026-08-23,ATL,SEA,10:00,301,58
SK489,SK,2026-08-21,las,ORD,16:25,224,2
SK663,SK,2026-08-23,DEN,SEA,05:10,157,3
BW327,BW,2026-08-19,MIA,ATL,11:05,111,36
AU207,AU,8/23/2026,JFK,ATL,16:10,131,10
SK554,SK,2026-08-23,SEA ,DFW,10:40,234,27
PR718,PR,2026-08-20,DEN,SEA,07:30,154,18
AU367,AU,8/20/2026,SEA,ATL,15:40,308,2
SK281,SK,2026-08-18,ORD,PHL,17:05,126,171
AU149,AU,2026-08-20,BOS,MSP,16:40,174,-2
SK435,SK,2026-08-23,SEA,ORD,19:00,235,7
BW285,BW,2026-08-18,CLT,phl,18:35,88,9
AU224,AU,2026-08-23,ORD,JFK,19:10,113,49
AU334,AU,2026-08-19,CLT,ATL,18:50,54,7
AU341,AU,2026-08-18,ATL,DEN,21:20,181,13
PR250,PR,2026-08-17,SEA,JFK,05:55,328,26
PR168,PR,2026-08-21, Den,BOS,14:45,246,12
AU675,AU,8/19/2026,LAX,PHX,19:10,69,11
AU406,AU,2026-08-19,DFW,MIA,18:25,174,26
PR632,PR,2026-08-20,SEA,DFW,21:10,241,6
BW673,BW,2026-08-23,SFO,LAX,08:25,68,9
BW103,BW,8/20/2026,BOS, Jfk,08:55,50,13
SK315,SK,2026-08-21,ATL,IAD,14:35,103,28
PR172,PR,2026-08-23,DFW,BOS,19:40,221,4
SK250,SK,2026-08-20,EWR ,ORD,15:40,113,11
BW426,BW,8/20/2026,ORD,SFO,13:20,260,54
PR115,PR,2026-08-22,JFK ,BOS,14:25,48,-4
BW165,BW,8/20/2026,JFK,LAX,06:40,337,4
SK492,SK,2026-08-19,LAS,ORD,17:15,219,-3
BW616,BW,2026-08-19,DEN,SEA,07:10,157,-3
AU560,AU,8/18/2026,LAX,DFW,19:20,194,-6
SK146,SK,2026-08-23,ORD,BOS,21:10,136,-3
AU692,AU,8/20/2026,LAX,SFO,21:15,60,0
SK141,SK,2026-08-21,BOS,ORD,08:05,134,-1
SK287,SK,2026-08-17,PHL,ATL ,10:35,112,-4
PR651,PR,2026-08-17,SLC,DFW,18:55,150,-5
BW620,BW,2026-08-21,SEA,DEN,16:45,152,65
BW662,BW,8/21/2026,LAX,SFO,16:35,81,6
SK432,SK,2026-08-23,ORD,SEA,19:40,241,-1
BW365,BW,2026-08-19,ATL,SEA,11:10,307,2
PR226,PR,2026-08-18,JFK,ATL,12:05,128,0
SK511,SK,2026-08-18,MSP ,DEN,13:20,112,6
BW367,BW,2026-08-19,SEA,ATL,21:30,303,0
PR171,PR,2026-08-17,DFW,BOS,21:10,223,7
PR198,PR,2026-08-23,LAX,JFK,15:10,330,42
SK369,SK,2026-08-23,ATL,LAX,21:10,274,0
PR517,PR,8/22/2026,ORD,LAX,15:45,243,-7
BW593,BW,8/17/2026,DEN,LAX,20:50,144,-4
PR424,PR,2026-08-21,SEA ,ATL,11:25,293,-3
BW507,BW,2026-08-22,msp,SEA,16:10,200,0
BW206,BW,2026-08-17,MIA,JFK,08:10,167,11
SK174,SK,2026-08-19,sfo,BOS,21:20,363,41
AU162,AU,2026-08-21,DFW,BOS,09:15,220,29
PR210,PR,2026-08-19,JFK,MIA,20:30,174,24
AU328,AU,2026-08-23,ATL,CLT ,19:55,55,8
SK117,SK,2026-08-21,BOS,IAD ,06:35,73,164
AU706,AU,8/18/2026,LAX,SEA,10:20,155,94
AU167,AU,2026-08-17,BOS,SFO,11:10,358,-6
BW145,BW,2026-08-18,MSP,BOS,07:45,164,3
PR549,PR,2026-08-21,ORD,DFW,05:45,126,0
BW204,BW,8/20/2026,mia,JFK,16:05,166,3
SK376,SK,2026-08-23,LAX,ATL,20:45,277,5
PR758,PR,8/23/2026,SEA,LAX,11:45,147,-7
SK479,SK,2026-08-18,ORD,DFW,15:05,138,2
AU319,AU,2026-08-22,DFW,ATL,06:55,115,30
AU221,AU,2026-08-23,JFK,ORD,05:30,109,5
PR469,PR,2026-08-22,DFW,MIA ,05:40,172,-3
BW635,BW,2026-08-23,LAX,PHX,09:20,88,-4
SK219,SK,8/22/2026, Jfk,MIA,13:55,165,6
SK732,SK,2026-08-18,sea,LAX,09:55,151,8
PR309,PR,2026-08-18,IAD,DEN,09:05,220,60
PR682,PR,2026-08-19,DEN,PHX,20:25,113,10
BW108,BW,2026-08-22,JFK,BOS,06:55,56,33
BW146,BW,2026-08-18,BOS,DEN,16:20,255,4
SK209,SK,2026-08-18,SFO,JFK,13:15,355,8
BW218,BW,2026-08-17,JFK,ORD,09:55,139,4
PR541,PR,2026-08-21,DTW,ORD,12:00,53,1
SK722,SK,2026-08-19,SFO,LAX,12:50,70,15
AU641,AU,2026-08-18,DEN,SFO,14:00,149,-1
PR438,PR,2026-08-19,ATL,PHX,17:15,224,111
BW238,BW,2026-08-18,EWR,ORD,16:25,119,16
PR504,PR,2026-08-23, Sea,ORD,21:15,240,-2
AU351,AU,2026-08-21,ATL,LAX,12:55,273,11
PR363,PR,2026-08-21,ATL,MIA,11:00,104,7
AU481,AU,2026-08-17,ORD,DTW,07:40,52,7
SK665,SK,8/20/2026,SEA,DEN,09:35,160,0
BW482,BW,2026-08-21,ORD,LAS,19:55,211,10
AU336,AU,2026-08-22,CLT,ATL,09:40,64,1
SK427,SK,2026-08-21,DEN,ORD,15:05,137,-8
AU656,AU,8/18/2026,DEN,SEA,10:05,157,-5
BW531,BW,2026-08-18,DFW,LAX,16:10,184,7
AU126,AU,2026-08-17,BOS,atl,06:55,142,0
PR488,PR,8/18/2026,ORD,DEN,12:35,136,78
BW625,BW,2026-08-18,SLC,SEA,20:15,117,11
AU286,AU,2026-08-19,IAD,ATL,15:05,85,-3
PR430,PR,8/18/2026,IAH,ATL,05:40,110,-8
SK105,SK,8/18/2026,BOS,JFK,14:30,44,-7
AU416,AU,2026-08-21,LAX,MIA,15:05,309,14
SK343,SK,2026-08-22,ATL,MIA,06:25,115,15
PR583,PR,2026-08-23,DTW,LAX,10:40,275,88
SK107,SK,2026-08-17,BOS,JFK,08:35,51,2
AU538,AU,2026-08-19,SLC,MSP,18:45,143,13
PR708,PR,2026-08-23,LAX,DEN,20:55,145,14
PR263,PR,2026-08-19,EWR,SFO,09:40,350,6
AU393,AU,2026-08-20,CLT,ORD,11:55,108,60
BW409,BW,2026-08-23,DEN,ORD,08:05,139,-4
BW148,BW,8/17/2026,BOS,DEN,18:15,249,2
AU396,AU,2026-08-18,ORD,CLT,05:45,109,-1
PR334,PR,2026-08-17,ORD,ATL ,12:20,104,10
SK168,SK,2026-08-21,DFW,BOS,09:00,240,-6
BW484,BW,2026-08-22,LAS,ORD,08:55,214,12
SK602,SK,2026-08-21,DEN,SLC,10:40,82,2
PR417,PR,2026-08-20,LAX,ATL,16:00,277,50
SK236,SK,2026-08-19,JFK,ORD,13:05,124,14
SK167,SK,2026-08-18,DFW,BOS,11:35,225,-2
BW467,BW,8/23/2026,DTW,ORD,17:45,60,6
SK310,SK,2026-08-17,IAD,ATL,19:20,102,71
AU695,AU,2026-08-17,LAX,SFO,10:50,78,4
SK222,SK,2026-08-21,MIA,JFK,06:45,172,2
BW245,BW,2026-08-18,ORD,EWR,21:00,123,22
BW472,BW,2026-08-23,ORD,DFW ,14:45,125,
SK104,SK,8/23/2026,BOS,JFK,10:55,60,4
SK288,SK,2026-08-19,PHL,ATL,20:05,106,27
BW450,BW,2026-08-17,ORD,MSP,13:35,74,12
SK662,SK,8/18/2026,den,sea,20:55,161,-3
SK230,SK,2026-08-20,ATL,JFK,05:20,124,-6
AU429,AU,2026-08-21,den,ORD,11:10,138,13
BW291,BW,2026-08-20,DEN,IAD,11:15,212,12
AU378,AU,2026-08-17,IAH,ATL,06:30,120,-5
BW121,BW,8/20/2026,BOS,ATL,21:15,153,2
SK241,SK,2026-08-17,ORD,JFK,06:15,131,131
BW615,BW,8/17/2026,DEN,SEA,15:40,156,-1
AU498,AU,2026-08-22,ORD,LAS,11:20,219,43
AU157,AU,2026-08-21,BOS,DFW,14:15,219,11
AU357,AU,2026-08-18,LAX,ATL,08:55,271,1
BW264,BW,2026-08-18,PHL,ORD,14:25,120,
PR637,PR,2026-08-18,PHX,DFW,12:55,136,1
SK101,SK,8/19/2026,bos,JFK,12:30,43,1
AU421,AU,2026-08-23,ORD, Den,18:05,146,53
PR352,PR,8/17/2026,DFW,atl,13:10,131,70
SK585,SK,2026-08-21,SLC,DFW,09:55,152,2
SK351,SK,2026-08-19,ATL,CLT,08:45,50,35
SK480,SK,8/20/2026,ORD,DFW,13:25,128,237
AU174,AU,2026-08-18,JFK,LAX,18:45,344,129
BW399,BW,2026-08-19,LAX,MIA,18:05,320,8
AU490,AU,2026-08-17,DFW,ORD,13:25,131,10
SK546,SK,2026-08-23,LAX,DFW,21:20,191,-8
AU726,AU,2026-08-18,SEA,SFO,11:30,123,-3
SK420,SK,8/23/2026,LAX,MIA,17:30,317,
SK537,SK,8/19/2026,DFW,LAX,12:05,183,4
AU233,AU,2026-08-21,EWR,ORD,06:00,122,9
SK193,SK,8/18/2026,LAX,JFK,05:10,346,-5
AU146,AU,2026-08-17,DTW,BOS,09:55,115,10
SK505,SK,2026-08-21,MSP,DTW,13:30,93,21
AU453,AU,2026-08-17,ORD,LAX,15:10,239,78
SK296,SK,2026-08-23,PHL,CLT,15:50,77,8
SK508,SK,2026-08-20,LAX,DTW,07:55,277,-8
SK591,SK,2026-08-21,DEN,IAH,13:00,140,9
SK261,SK,2026-08-19,SFO,EWR,08:00,349,5
AU556,AU,2026-08-19,LAX,DFW,11:40,193,10
BW517,BW,8/22/2026,DFW,DEN,17:10,112,3
AU222,AU,2026-08-23,ORD,JFK,16:05,120,42
AU479,AU,2026-08-19,ORD,DTW,05:55,58,14
PR762,PR,2026-08-17,SFO,SEA,21:25,108,33
BW222,BW,2026-08-19,JFK,ORD,05:55,130,14
SK364,SK,8/17/2026,DEN,ATL ,17:10,170,12
AU293,AU,2026-08-21,ATL,ord,08:55,109,1
SK191,SK,2026-08-23,LAX,JFK,16:25,337,11
SK264,SK,2026-08-19,SFO,EWR,14:10,348,-6
SK527,SK,2026-08-20,DFW,DEN,13:35,108,34
AU542,AU,8/17/2026,den,DFW,16:20,107,-2
AU304,AU,2026-08-21,ORD,ATL,18:40,103,-5
SK676,SK,2026-08-18,LAX,PHX,20:05,82,-7
SK498,SK,2026-08-22,SLC,ORD,17:15,183,14
PR674,PR,2026-08-21,DEN,SLC ,05:25,80,7
BW269,BW,8/19/2026,ORD,PHL,07:10,110,-4
BW321,BW,2026-08-19,ATL,MIA,18:10,113,n/a
PR397,PR,2026-08-17,DEN,ATL,06:35,180,23
PR622,PR,8/18/2026,LAX,DFW,10:25,185,10
PR668,PR,8/20/2026, Lax,IAH,21:10,204,-2
SK386,SK,8/18/2026,ATL,IAH,08:25,115,8
PR592,PR,2026-08-20, Den,msp,13:00,107,8
SK408,SK,8/17/2026,MIA,DFW,20:05,167,-6
BW337,BW,8/20/2026,CLT,ATL,18:25,56,1
SK294,SK,8/20/2026,ATL,PHL,19:40,123,12
BW339,BW,2026-08-19,CLT,atl,19:30,61,1
SK666,SK,2026-08-19,SEA,DEN,19:50,159,7
BW508,BW,8/18/2026,MSP,SEA,13:45,215,13
SK433,SK,8/18/2026,sea,ORD ,11:30,245,-2
AU401,AU,8/22/2026,DFW,CLT,12:50,139,76
BW213,BW,2026-08-17,ATL,JFK,05:45,121,6
BW215,BW,2026-08-18, Atl,JFK,08:15,126,1
PR272,PR,2026-08-20,EWR,den,05:05,224,40
PR269,PR,2026-08-17,SFO,EWR,17:15,357,-2
AU283,AU,2026-08-19,IAD,DEN,09:15,217,26
BW214,BW,2026-08-19,ATL,JFK,05:35,132,7
BW281,BW,2026-08-21,ATL,PHL,07:45,124,7
BW174,BW,2026-08-17,LAX,JFK,21:25,338,-7
PR466,PR,2026-08-18,MIA,dfw,20:45,171,-7
AU691,AU,2026-08-19,LAX,SFO,18:45,69,28
PR427,PR,2026-08-17,ATL,IAH,17:10,98,14
SK617,SK,2026-08-19,PHX,DEN,16:50,108,35
PR616,PR,8/21/2026,DFW,LAX,14:45,178,11
SK727,SK,2026-08-21,LAX,SEA,18:10,148,11
PR112,PR,2026-08-21,JFK,BOS,13:50,58,5
SK661,SK,2026-08-20,DEN,SEA,15:25,156,-2
BW306,BW,2026-08-21,ATL ,DFW,20:30,119,6
SK565,SK,2026-08-22,PHX,DFW,14:00,138,-6
AU238,AU,2026-08-22,ORD,EWR,18:25,119,8
BW127,BW,2026-08-23,ATL,BOS,14:55,155,-3
SK425,SK,8/21/2026,ORD,DEN,19:20,143,-6
BW604,BW,2026-08-19,DEN,SFO,12:20,147,1
BW171,BW,2026-08-20,JFK,LAX,21:45,338,19
PR262,PR,2026-08-18,EWR,SFO,06:30,360,124
SK120,SK,2026-08-20,IAD,BOS,10:40,77,
AU366,AU,2026-08-17,SEA,ATL,08:15,304,11
BW387,BW,2026-08-19,CLT,DFW,07:05,150,60
BW511,BW,2026-08-19,MSP,SLC,16:00,148,9
PR734,PR,2026-08-17,PHX,SEA,07:50,170,24
PR448,PR,2026-08-22,clt,ORD,11:20,95,18
BW487,BW,2026-08-21,ORD,SLC,12:25,191,-3
PR316,PR,2026-08-21,IAD,ATL,12:10,100,4
BW495,BW,2026-08-17,MSP,DTW,16:35,96,-4
BW504,BW,2026-08-22,den,MSP,09:30,105,1
PR244,PR,8/17/2026,JFK,SEA,09:15,326,34
PR628,PR,2026-08-17,sea,DFW,06:15,236,-2
AU413,AU,2026-08-18,LAX, Mia,12:45,319,81
SK452,SK,2026-08-22,SFO,ORD,21:25,263,0
AU185,AU,2026-08-19,JFK,SFO,10:35,358,9
AU308,AU,2026-08-17,ATL,DFW,06:55,119,-6
SK194,SK,2026-08-21,JFK,SFO,18:45,344,-4
AU144,AU,2026-08-18,BOS,DTW,18:10,108,7
SK205,SK,2026-08-22,SFO,JFK,15:15,354,9
PR191,PR,8/18/2026,LAX,jfk,05:10,347,9
BW542,BW,2026-08-20,DFW,LAS,09:50,156,-1
PR153,PR,2026-08-17,BOS,DTW,05:25,116,13
PR640,PR,2026-08-19,DFW,LAS,19:05,160,37
BW597,BW,2026-08-20,LAX,DEN,08:15,126,14
SK706,SK,2026-08-17,LAX,SFO,13:00,59,11
PR646,PR,2026-08-17,DFW,SLC,15:25,151,8
BW682,BW,2026-08-21,SEA, Lax,07:10,147,11
AU647,AU,2026-08-19,SFO,DEN,17:05,138,25
SK279,SK,2026-08-21,PHL,ORD,09:40,111,11
SK653,SK,2026-08-17,DEN,SFO,08:35,160,9
BW528,BW,8/17/2026,DFW,LAX,13:55,191,35
BW247,BW,2026-08-21,EWR,SFO,12:25,352,76
BW197,BW,2026-08-21,MIA,JFK,09:50,167,27
PR497,PR,8/20/2026,DEN,ord,15:35,123,4
BW286,BW,2026-08-20,CLT,phl,06:55,85,-4
SK563,SK,8/17/2026,PHX,DFW,09:35,128,-3
AU582,AU,2026-08-20,phx,DFW,14:00,136,7
AU608,AU,2026-08-21,DEN,SLC,15:40,71,27
BW619,BW,2026-08-17,SEA,DEN,13:30,154,-3
BW205,BW,2026-08-22,MIA,JFK,17:05,174,-6
BW134,BW,2026-08-22,ORD,BOS,12:05,136,2
PR182,PR,2026-08-20,JFK ,LAX,16:05,335,97
SK392,SK,2026-08-18,ATL,PHX,09:10,233,9
PR655,PR,8/20/2026,IAH ,DEN,09:55,138,5
PR553,PR,8/18/2026,DFW, Ord,20:05,129,4
PR155,PR,2026-08-19,BOS,DTW,11:10,122,0
SK235,SK,2026-08-20,JFK,ORD,13:55,120,-8
BW190,BW,2026-08-21,JFK,mia,15:10,172,8
BW592,BW,2026-08-19,LAS,DEN,18:40,121,4
SK443,SK,2026-08-18,SFO,ORD,06:35,255,11
BW690,BW,2026-08-19,SFO,SEA,21:50,116,17
SK134,SK,2026-08-18,ATL,BOS,13:55,161,4
AU322,AU,2026-08-17,ATL,MIA,11:00,114,31
AU614,AU,8/20/2026,DEN,PHX ,21:25,105,5
SK183,SK,2026-08-17,LAX,JFK,08:25,341,5
BW133,BW,8/18/2026,ORD,BOS,17:30,136,4
PR422,PR,8/22/2026,ATL,SEA,16:45,306,2
SK567,SK,8/19/2026,PHX,DFW,11:10,147,7
SK633,SK,2026-08-22,DEN , Lax,16:35,133,14
BW413,BW,8/20/2026,DEN,ORD,20:20,135,2
PR533,PR,2026-08-17,ORD,DTW,21:40,61,-7
BW689,BW,2026-08-18,SFO,SEA,10:55,113,2
BW241,BW,8/19/2026,ORD,EWR,13:35,127,24
PR660,PR,2026-08-20,DEN,IAH,11:00,149,
BW164,BW,2026-08-19,JFK,LAX,19:55,337,13
AU312,AU,2026-08-21,ATL,DFW,11:20,116,-2
PR538,PR,2026-08-20,DTW,ORD,15:50,65,9
PR676,PR,2026-08-23,SLC,DEN,08:10,85,11
BW386,BW,8/17/2026,ORD,Charlotte Douglas International,10:50,97,10
BW560,BW,2026-08-22,DEN,IAH,12:50,143,8
BW512,BW,8/21/2026,SLC,MSP,07:00,151,
PR498,PR,2026-08-18,ORD,SEA,09:25,237,27
PR381,PR,2026-08-20,ATL,CLT,16:15,53,59
BW509,BW,8/18/2026,SEA,MSP,13:55,200,-7
PR456,PR,2026-08-18, Clt,DFW,15:35,142,0
PR769,PR,2026-08-18,SEA,SFO,06:45,121,
PR609,PR,2026-08-21,DEN,DFW,20:15,110,4
AU678,AU,2026-08-17, Lax,PHX,16:55,72,153
AU682,AU,8/17/2026,SEA ,PHX,05:45,168,-5
PR237,PR,8/20/2026,ORD,JFK,08:00,121,0
BW276,BW,2026-08-23, Phl,ATL,08:35,111,-6
SK623,SK,2026-08-22,DEN,LAS,11:35,111,47
SK319,SK,8/18/2026,ATL,ORD,14:00,107,-1
PR236,PR,2026-08-18,ORD,JFK,17:30,120,8
SK211,SK,2026-08-23,JFK,MIA,13:10,160,18
AU280,AU,8/17/2026,IAD,DEN,09:50,211,-3
PR575,PR,2026-08-19,DTW,MSP,15:05,105,2
AU507,AU,2026-08-19,ORD,SLC,20:50,187,13
PR524,PR,2026-08-17,ORD,MSP,13:10,65,18
BW156,BW,2026-08-18,DFW,BOS,19:00,222,-2
PR509,PR,2026-08-19,SFO,ORD,20:45,264,29
PR370,PR,2026-08-17,MIA,ATL,15:15,114,-2
AU190,AU,2026-08-21,SFO,JFK,20:45,343,40
AU191,AU,8/23/2026,SFO,JFK,15:50,349,-5
SK551,SK,8/23/2026,DFW,sea,19:30,233,4
SK199,SK,2026-08-17,John F. Kennedy International,SFO,12:35,348,-1
PR267,PR,2026-08-22,EWR,SFO,21:45,351,9
SK731,SK,2026-08-17,SEA,LAX,06:00,152,1
SK300,SK,2026-08-22,CLT ,PHL,21:00,80,-1
SK725,SK,2026-08-22,SFO,LAX,11:25,77,-5
SK409,SK,2026-08-19,MIA,DFW,19:55,177,8
AU265,AU,2026-08-19,PHL,ORD,14:50,112,-1
BW545,BW,8/18/2026,dfw,LAS ,19:15,151,98
PR717,PR,2026-08-18,DEN,SEA,12:50,154,-6
SK308,SK,2026-08-20,IAD ,ATL,11:15,101,-1
AU411,AU,2026-08-23,MIA,LAX,14:35,324,51
PR322,PR,2026-08-18,ATL,IAD,18:55,103,39
PR102,PR,2026-08-18,BOS,JFK,20:35,53,11
SK609,SK,2026-08-17,SLC,DEN,17:40,85,7
PR196,PR,8/19/2026,LAX,JFK ,15:10,348,28
SK534,SK,2026-08-19,DFW,LAX,16:10,187,27
PR479,PR,8/20/2026,LAX,MIA,05:25,320,-6
AU454,AU,2026-08-20,ORD,LAX ,19:15,252,1
BW424,BW,8/19/2026,ORD,SFO,15:30,263,-8
AU552,AU,8/17/2026,DFW,LAX,07:05,200,-7
BW655,BW,2026-08-18,lax,LAS,11:55,63,37
SK180,SK,2026-08-23,JFK,LAX ,21:05,342,-5
SK743,SK,2026-08-19,SEA,SFO,13:40,107,-4
BW607,BW,2026-08-22,DEN,SFO,20:05,150,18
AU686,AU,2026-08-20,lax,LAS,05:20,56,103
BW494,BW,2026-08-20,DTW,MSP,07:35,87,-1
BW474,BW,8/17/2026,DFW,ORD,20:25,127,97
PR264,PR,2026-08-20,EWR,SFO,06:50,352,4
AU468,AU,2026-08-20,ORD,MSP,10:25,70,11
BW459,BW,2026-08-18,ORD,DTW,11:50,55,10
AU543,AU,2026-08-18,DEN,DFW,05:50,109,13
SK309,SK,2026-08-23,IAD,ATL,06:40,92,-7
BW563,BW,2026-08-17,DEN,IAH,14:30,148,-6
SK548,SK,2026-08-18,DFW,sea,13:35,219,-5
SK627,SK,2026-08-22,LAS,DEN,14:55,104,-7
BW609,BW,2026-08-19,SFO,DEN,19:25,147,21
SK132,SK,2026-08-22,ATL,BOS,05:05,145,4
PR290,PR,2026-08-19,ORD,phl,05:40,112,4
BW314,BW,2026-08-18,DFW,ATL,13:30,119,13
AU596,AU,2026-08-22,IAH,DEN,16:05,138,6
PR214,PR,2026-08-19,MIA,JFK,05:20,159,-5
AU346,AU,2026-08-20,DEN,ATL,11:05,175,-2
PR423,PR,8/17/2026,ATL,SEA,08:55,305,75
SK580,SK,8/19/2026,LAS,DFW,17:05,167,40
AU252,AU,2026-08-18,EWR,DEN,13:40,246,47
AU502,AU,2026-08-22,LAS,ORD,05:40,222,24
SK126,SK,2026-08-22,BOS,ATL,17:50,164,23
AU532,AU,2026-08-23,SEA,MSP,11:45,210,-8
AU634,AU,2026-08-17,LAX,DEN,14:15,138,10
PR221,PR,2026-08-17,MIA,JFK,18:10,169,2
BW677,BW,8/21/2026,LAX ,SEA,06:55,139,-6
PR450,PR,2026-08-19,ORD,CLT,14:10,100,-1
AU194,AU,2026-08-22,JFK,MIA,14:50,168,11
AU255,AU,2026-08-17,DEN,EWR,18:00,220,-3
PR662,PR,2026-08-18,DEN,IAH,12:30,139,42
AU483,AU,2026-08-23,DTW,ORD ,08:50,54,-7
PR713,PR,2026-08-21,DEN,SFO ,19:35,146,-3
AU206,AU,2026-08-20, Jfk, Jfk,19:25,115,19
AU606,AU,8/17/2026,DEN,SLC,09:15,83,14
BW396,BW,2026-08-17,DFW,MIA,11:30,177,8
BW147,BW,2026-08-21,BOS,DEN,15:40,256,128
SK698,SK,2026-08-18,LAX,LAS,19:40,69,-8
AU192,AU,8/19/2026,JFK,MIA,08:55,166,n/a
SK342,SK,2026-08-20,atl,MIA,07:10,93,10
AU511,AU,2026-08-19,DTW,MSP,08:00,96,-3
PR433,PR,2026-08-20,IAH,ATL,10:30,112,99
SK128,SK,2026-08-20,BOS,atl,12:50,136,
SK657,SK,2026-08-21,SFO,DEN,12:55,152,3
AU271,AU,8/18/2026,PHL,ATL,07:00,113,13
BW526,BW,2026-08-20,DEN,DFW,15:35,104,-4
BW471,BW,2026-08-22,ORD,DFW ,07:10,124,-4
AU202,AU,2026-08-18,MIA,JFK,10:20,166,6
PR308,PR,8/20/2026,CLT,PHL,18:40,77,12
PR156,PR,8/21/2026,DTW,BOS,10:55,109,-4
SK651,SK,2026-08-20,DEN,SFO,12:30,145,100
SK225,SK,2026-08-18,MIA,JFK,14:05,157,26
AU290,AU,2026-08-22,Hartsfield-Jackson Atlanta International,IAD,14:30,94,-6
SK575,SK,2026-08-20,DFW,LAS,14:00,157,6
AU245,AU,2026-08-18,EWR,SFO,19:40,350,-7
PR512,PR,2026-08-21,ORD,LAX,20:55,237,23
PR136,PR,2026-08-22,BOS,ORD,11:50,141,-4
BW263,BW,2026-08-17,PHL,ORD,05:40,119,-1
PR557,PR,8/21/2026,DFW,ord,09:55,128,2
BW359,BW,2026-08-20,LAX,ATL,08:30,268,20
BW221,BW,2026-08-18,JFK,ORD,20:40,117,-3
PR268,PR,2026-08-20, Sfo,EWR,14:20,354,-3
SK596,SK,2026-08-23,IAH,LAX,17:15,191,-4
AU204,AU,2026-08-20,JFK,ATL,20:00,132,-8
PR459,PR,2026-08-20,dfw,CLT,19:25,145,11
PR590,PR,2026-08-19,DEN,MSP,21:55,114,-2
SK708,SK,2026-08-23,LAX,SFO,14:55,70,0
SK152,SK,2026-08-18,DTW,BOS,09:20,106,-4
SK519,SK,2026-08-22,MSP,SLC ,16:00,153,-8
BW462,BW,2026-08-18,ORD ,DTW,09:30,56,30
SK734,SK,2026-08-23,SEA,LAX,17:55,153,7
BW613,BW,8/20/2026,SFO,DEN,16:05,160,16
BW177,BW,2026-08-17,LAX,JFK,12:15,340,6
BW249,BW,2026-08-20,SFO,EWR,20:30,341,34
PR123,PR,2026-08-18,IAD,bos,18:55,87,2
AU372,AU,2026-08-20,ATL,IAH,13:30,110,59
SK464,SK,2026-08-17,ORD,MSP,12:25,75,1
PR439,PR,8/20/2026,ATL,PHX,15:25,225,4
BW501,BW,8/21/2026,MSP,DEN,07:55,128,12
AU545,AU,2026-08-22,DEN,DFW,07:30,116,26
SK434,SK,8/22/2026,SEA,ORD,20:45,246,57
AU260,AU,2026-08-18,EWR,IAH,20:55,205,-1
AU626,AU,2026-08-23,LAS,DEN,06:00,110,0
AU633,AU,2026-08-17,DEN,LAX,20:50,143,-7
PR286,PR,2026-08-17,ORD,phl,15:20,110,-6
BW388,BW,2026-08-22,CLT,dfw,08:10,145,-2
PR499,PR,2026-08-19,ORD,SEA,12:00,252,-5
BW433,BW,2026-08-19,ORD,LAX,19:10,251,6
PR604,PR,2026-08-21,DFW,DEN,06:30,112,45
AU350,AU,2026-08-19,atl,LAX,16:40,272,14
SK609,SK,2026-08-17,SLC,DEN,17:40,85,7
PR408,PR,2026-08-19,ATL,LAX,09:45,272,11
PR505,PR,2026-08-20,ORD ,SFO,18:00,249,6
PR467,PR,2026-08-21,MIA,DFW,06:10,169,-2
PR520,PR,2026-08-17,lax,ORD,06:25,254,-5
PR157,PR,2026-08-22,DTW,BOS,13:30,105,-4
PR605,PR,2026-08-17,dfw,DEN,11:40,103,6
AU128,AU,2026-08-19,BOS,ATL,19:40,141,-2
PR342,PR,2026-08-18,ATL,DFW,13:35,122,0
PR447,PR,2026-08-20,clt,ORD,13:05,123,36
PR293,PR,8/22/2026,PHL,ATL,12:35,115,
PR722,PR,2026-08-20,SEA,DEN,10:45,159,-6
BW678,BW,2026-08-17,LAX,SEA,13:45,152,6
AU356,AU,2026-08-21, Lax,ATL,13:45,281,11
BW110,BW,2026-08-17,JFK,BOS,17:35,54,-1
SK102,SK,2026-08-21,BOS,JFK,14:50,58,12
SK419,SK,2026-08-22,LAX,MIA,19:35,326,10
BW623,BW,2026-08-19,SLC,SEA,11:45,108,17
PR495,PR,2026-08-17,DEN,ORD,11:35,142,7
PR573,PR,8/23/2026,DTW,MSP,09:30,92,9
BW265,BW,2026-08-19,PHL,ORD,10:20,115,30
AU428,AU,2026-08-17, Den,ORD,07:30,142,73
PR765,PR,2026-08-22,SFO,SEA,19:05,115,5
BW183,BW,2026-08-20,JFK,SFO,10:50,360,165
AU379,AU,8/18/2026,IAH,ATL,09:10,119,6
SK446,SK,2026-08-18,SFO,ORD,21:15,257,2
SK221,SK,2026-08-17,JFK,MIA,17:30,163,-8
AU118,AU,2026-08-23,JFK,BOS,20:00,58,-3
PR242,PR,2026-08-18,ORD,JFK,10:10,130,-1
PR443,PR,2026-08-17,PHX,ATL,17:25,228,2
PR225,PR,8/17/2026,JFK,ATL,13:30,126,-5
BW275,BW,2026-08-22,PHL,ATL,11:10,115,38
AU135,AU,8/20/2026,BOS,ORD,19:15,139,5
SK612,SK,2026-08-23,SLC,DEN,17:30,74,3
AU311,AU,2026-08-20,ATL,DFW,15:05,132,10
PR241,PR,8/22/2026,ORD,JFK,13:05,116,6
AU138,AU,2026-08-21,ORD,BOS,05:15,145,209
AU124,AU,2026-08-19,IAD,BOS,17:30,77,-6
PR436,PR,2026-08-21,IAH,ATL,20:50,110,-1
AU226,AU,2026-08-20,JFK,SEA,20:00,332,0
SK541,SK,2026-08-23,DFW,lax,19:05,173,-5
AU112,AU,2026-08-21,JFK, Bos,12:30,49,12
SK444,SK,8/21/2026,SFO,ORD,09:15,258,10
SK648,SK,2026-08-23,LAX,DEN,06:10,138,-6
AU301,AU,2026-08-19,ORD,ATL,12:05,102,20
SK133,SK,2026-08-23,ATL,BOS,13:35,141,-8
AU150,AU,2026-08-22,MSP,BOS,14:30,162,11
AU410,AU,2026-08-21,MIA,LAX,08:50,328,46
AU353,AU,2026-08-21, Atl,LAX,08:10,268,3
BW382,BW,2026-08-23, Clt,ORD,09:25,98,9
SK478,SK,8/23/2026,ORD,dfw,06:50,125,-3
AU282,AU,2026-08-17,IAD,DEN,11:00,200,-2
BW377,BW,2026-08-19,ATL,PHX,16:25,231,4
AU456,AU,2026-08-19,LAX,ORD,21:40,254,-6
PR108,PR,2026-08-22,BOS,JFK,09:40,52,3
SK660,SK,2026-08-18,SFO,DEN,14:50,149,-8
BW175,BW,2026-08-19,LAX,JFK,16:00,342,n/a
BW600,BW,2026-08-17,DEN,SFO,20:15,149,
BW381,BW,2026-08-19,CLT,ORD,19:45,106,8
SK407,SK,2026-08-20,DFW,CLT,06:15,146,-7
BW452,BW,2026-08-18,MSP,ORD,15:05,67,14
PR162,PR,2026-08-19,MSP,BOS,11:15,169,-1
BW338,BW,2026-08-17,CLT,ATL,08:15,45,-5
AU418,AU,2026-08-18,ORD,DEN,12:50,138,31
SK259,SK,2026-08-17,EWR,SFO,06:50,348,11
PR376,PR,2026-08-22,MIA, Atl,06:10,104,-7
PR259,PR,2026-08-18,ORD,EWR,19:25,106,
BW500,BW,2026-08-20,MSP,den,06:40,117,21
SK164,SK,2026-08-17,BOS, Dfw,09:35,224,-6
PR302,PR,2026-08-20,phl,CLT,18:20,79,4
AU426,AU,2026-08-19,DEN,ORD,16:35,134,4
AU627,AU,2026-08-21,LAS,DEN,14:50,116,12
AU129,AU,2026-08-18,ATL,BOS,12:00,147,-4
AU548,AU,2026-08-23,DEN,DFW,21:10,116,5
AU500,AU,2026-08-19,ORD,LAS,20:30,206,24
BW421,BW,8/21/2026,ORD,SFO,14:00,261,86
BW267,BW,2026-08-23,PHL,ORD,06:45,116,2
AU693,AU,2026-08-21,LAX,SFO,09:25,70,
SK115,SK,2026-08-17,BOS,IAD,21:20,86,11
BW611,BW,2026-08-21,SFO,DEN,05:25,163,-2
AU145,AU,2026-08-20,BOS,DTW,19:10,103,27
BW647,BW,2026-08-21,LAS,LAX,18:15,60,59
SK636,SK,2026-08-22,DEN,LAX,08:50,146,45
PR570,PR,2026-08-17,LAS,ORD,19:55,225,6
PR390,PR,2026-08-18,ATL,DEN,07:55,178,0
AU140,AU,2026-08-19,ORD,BOS,06:45,132,-3
BW648,BW,2026-08-22,LAS,LAX,17:45,66,8
AU440,AU,8/17/2026,ORD,SFO,07:50,265,-5
AU620,AU,2026-08-22,PHX,DEN,18:00,112,-5
PR636,PR,2026-08-20,PHX,DFW,17:05,134,-5
SK680,SK,2026-08-20,LAX,PHX,05:10,76,-7
BW228,BW,2026-08-19,ORD,jfk,06:15,129,4
SK169,SK,2026-08-17,DFW,BOS,19:10,229,-1
SK462,SK,2026-08-20,LAX,ORD,11:20,248,8
BW601,BW,2026-08-21,DEN,SFO,05:05,151,72
SK262,SK,2026-08-23,SFO,EWR,18:15,352,12
SK629,SK,2026-08-22,LAS,DEN,09:40,108,8
PR446,PR,2026-08-22,phx,ATL,19:35,226,-2
SK147,SK,2026-08-17,ORD,BOS,05:55,135,
PR101,PR,8/17/2026,BOS,JFK,17:50,58,14
PR723,PR,2026-08-21,SEA,DEN,07:45,155,1
SK333,SK,2026-08-20,ATL,DFW,17:40,114,16
SK559,SK,2026-08-21,DFW,PHX,05:40,138,19
AU485,AU,2026-08-18,DTW,ORD,21:40,69,-8
SK145,SK,2026-08-21,ORD,BOS,17:00,134,37
BW608,BW,2026-08-18,SFO,DEN,16:55,147,14
BW260,BW,2026-08-21,IAH,EWR,08:45,194,-1
AU424,AU,2026-08-17,DEN,ORD,18:50,139,9
AU668,AU,8/20/2026,SEA,SLC,15:50,111,13
SK229,SK,2026-08-19,ATL,JFK,16:20,119,3
SK471,SK,2026-08-17,MSP,ord,11:45,64,0
PR565,PR,2026-08-17,LAS,ORD,16:30,217,5
PR258,PR,2026-08-23,ORD,EWR,07:15,116,14
BW345,BW,8/23/2026,ATL,DEN,19:35,180,9
SK423,SK,2026-08-17,ORD,DEN,07:10,140,111
PR496,PR,8/18/2026,DEN,ORD,06:35,146,47
PR743,PR,2026-08-17,LAX,LAS,11:00,59,83
AU442,AU,2026-08-17,ORD,SFO,06:15,266,22
BW154,BW,2026-08-17,DFW,BOS,18:55,228,0
BW548,BW,2026-08-23,LAS,DFW,10:30,166,-7
BW480,BW,2026-08-20,ORD,LAS,10:55,220,4
PR615,PR,2026-08-20,DFW,LAX,18:50,185,11
AU127,AU,2026-08-18,BOS,ATL,14:00,142,-1
AU662,AU,8/17/2026,SEA,DEN,16:30,158,6
SK139,SK,2026-08-17,BOS,ORD,06:35,138,12
SK313,SK,2026-08-19,IAD,ATL,09:10,94,10
SK314,SK,2026-08-18,ATL,IAD,17:00,91,0
BW375,BW,2026-08-20,ATL,IAH,18:45,119,3
AU699,AU,8/23/2026,SFO,LAX,11:10,71,10
PR403,PR,2026-08-22, Atl,LAX,09:00,270,
PR206,PR,2026-08-22,SFO,JFK,15:20,345,14
AU250,AU,2026-08-22,SFO,EWR,06:55,358,8
PR635,PR,2026-08-17,DFW,PHX,14:40,145,-5
BW385,BW,8/23/2026,ORD,CLT,19:35,103,-2
PR335,PR,2026-08-23,ORD,ATL,21:20,108,-2
PR442,PR,2026-08-21,ATL,PHX,16:25,223,-8
PR285,PR,2026-08-17,PHL,ORD,13:30,123,1
PR620,PR,2026-08-19,DFW,LAX,20:55,187,
PR567,PR,2026-08-20,LAS,ORD,16:30,214,130
PR228,PR,8/19/2026,JFK,ATL,11:20,133,180
BW591,BW,2026-08-18,LAS,DEN,09:40,104,10
AU430,AU,8/17/2026,ORD,SEA,20:35,242,15
BW485,BW,2026-08-19,ORD ,SLC,10:45,183,12
PR751,PR,2026-08-18,SFO,LAX,21:45,68,18
AU414,AU,2026-08-17,LAX,MIA,09:10,331,0
SK140,SK,2026-08-18,BOS, Ord,19:45,129,-1
PR729,PR,8/18/2026,PHX,LAX,07:00,77,49
PR652,PR,2026-08-20,SLC,DFW,11:25,157,-5
AU409,AU,2026-08-18, Dfw,MIA,15:45,171,38
BW697,BW,2026-08-23,SEA,SFO,10:05,117,9
BW158,BW,8/20/2026,BOS ,SFO,06:35,369,23
SK119,SK,2026-08-19,IAD,BOS,21:25,82,6
PR295,PR,2026-08-17,ATL,PHL,19:45,116,37
AU113,AU,2026-08-23, Jfk,BOS,12:15,58,13
AU644,AU,2026-08-21,DEN,SFO,20:40,156,13
PR227,PR,2026-08-17,JFK,ATL,11:00,124,30
SK371,SK,2026-08-19,LAX,ATL,12:00,278,7
SK242,SK,2026-08-21, Ord,JFK,09:15,125,9
BW259,BW,2026-08-19,IAH,EWR,08:25,202,6
PR476,PR,2026-08-23,mia,LAX,08:25,323,3
AU155,AU,8/23/2026,DEN,BOS,13:55,243,6
SK672,SK,2026-08-21,PHX,LAX,20:05,71,-6
AU439,AU,2026-08-20,SEA,ORD,17:05,238,2
PR699,PR,8/20/2026,DEN ,LAX,17:50,139,
SK713,SK,2026-08-18,LAX,SFO,08:30,76,-8
BW518,BW,2026-08-18,DFW,DEN,11:20,120,10
AU515,AU,2026-08-21,DTW,LAX,09:30,282,0
SK473,SK,8/23/2026,MSP,ORD,07:00,72,-2
PR175,PR,2026-08-18,BOS,SFO,21:30,366,-8
BW449,BW,2026-08-19,ORD,MSP,20:15,67,2
BW562,BW,2026-08-21,DEN,IAH,12:55,136,-8
SK402,SK,2026-08-21,CLT,DFW,18:25,152,-7
AU303,AU,2026-08-20,ORD,ATL ,08:50,111,12
AU525,AU,2026-08-20,DEN,MSP,13:55,121,-7
SK608,SK,2026-08-19,DEN,SLC,10:50,93,-4
PR187,PR,2026-08-17,JFK,LAX,11:35,342,41
SK243,SK,2026-08-18,JFK,SEA,19:05,330,20
SK700,SK,2026-08-21,LAX,LAS,18:35,61,14
PR526,PR,2026-08-22,ORD,MSP,07:20,78,92
BW657,BW,2026-08-23,LAX,LAS ,13:15,66,31
PR503,PR,2026-08-17,SEA,ORD,12:00,250,-7
AU646,AU,8/17/2026,SFO,DEN,09:10,144,2
BW357,BW,2026-08-18,ATL,LAX,09:10,277,30
BW219,BW,2026-08-19,JFK,ORD,14:10,111,5
AU676,AU,2026-08-21,LAX ,PHX,06:05,72,3
SK153,SK,2026-08-17,MSP,BOS,21:00,165,0
PR720,PR,2026-08-17,DEN,SEA,06:20,147,1
AU218,AU,2026-08-23,JFK,ORD,10:40,129,-2
AU461,AU,2026-08-19,lax,ORD,09:10,239,14
SK328,SK,2026-08-23,ORD,ATL,20:10,112,-5
PR468,PR,2026-08-17,DFW,MIA,08:10,168,
BW672,BW,2026-08-23,SFO,LAX,21:45,84,3
PR317,PR,2026-08-23,IAD,ATL,17:15,97,-7
AU104,AU,8/19/2026,BOS,JFK,21:50,56,0
AU200,AU,8/18/2026,MIA,jfk,18:25,163,-6
SK440,SK,2026-08-22,ORD,SFO,13:20,260,-5
AU611,AU,2026-08-19,SLC,DEN,14:25,68,7
SK693,SK,2026-08-21,LAS,LAX,16:35,57,-1
AU115,AU,2026-08-19,JFK,BOS,14:30,62,14
PR419,PR,8/18/2026,ATL,SEA,15:15,299,-7
AU310,AU,2026-08-21,ATL,DFW,11:15,127,13
SK730,SK,8/19/2026,LAX,SEA ,19:55,141,10
BW644,BW,2026-08-20,SEA,PHX,09:30,161,4
BW216,BW,8/21/2026,ATL,JFK,18:00,131,25
PR593,PR,2026-08-21,DEN,MSP,11:35,129,-7
AU354,AU,2026-08-17,LAX,ATL,08:45,279,0
BW599,BW,2026-08-19, Lax,DEN,08:35,130,-8
AU289,AU,2026-08-20,ATL,IAD ,05:20,99,0
SK426,SK,2026-08-18,DEN,ORD,18:00,134,18
PR638,PR,2026-08-23,PHX,DFW,09:05,144,10
PR771,PR,8/22/2026,SEA,SFO,07:05,118,4
PR173,PR,2026-08-22,DFW,BOS,08:55,214,-5
AU517,AU,8/19/2026,LAX,DTW,19:10,285,19
SK645,SK,2026-08-18,LAX,DEN ,14:40,135,11
AU725,AU,8/17/2026,SEA,SFO,08:05,115,-7
PR574,PR,2026-08-18,DTW,MSP,18:10,99,7
SK258,SK,2026-08-18,EWR,sfo,15:25,349,87
SK393,SK,2026-08-17,PHX,ATL,11:15,224,13
SK247,SK,8/17/2026,EWR,ORD,16:35,119,46
SK202,SK,2026-08-17,JFK,SFO,18:50,360,11
BW194,BW,2026-08-21,JFK ,MIA,15:45,151,39
PR305,PR,2026-08-21,CLT,PHL,17:15,84,-7
BW555,BW,2026-08-17,SLC,DFW,08:15,149,-3
SK335,SK,2026-08-21,atl,DFW,18:10,122,12
AU229,AU,2026-08-18,EWR,ORD,09:25,117,10
PR458,PR,2026-08-18,CLT,DFW,13:20,134,0
BW558,BW,8/18/2026,DEN,IAH,12:00,142,9
SK148,SK,2026-08-18,ORD,BOS,16:20,131,40
PR230,PR,2026-08-22,JFK,ATL,20:55,133,5
AU455,AU,2026-08-18,LAX,ORD,20:10,252,11
PR701,PR,2026-08-17,DEN,lax,14:50,130,-5
SK536,SK,2026-08-18,DFW,LAX,08:40,193,-4
BW629,BW,8/22/2026,PHX,LAX,10:10,69,10
BW304,BW,2026-08-17,ATL,DFW,20:00,124,27
PR148,PR,2026-08-20,ORD ,BOS,15:45,144,3
AU484,AU,8/17/2026,DTW,ORD,19:20,55,14
SK212,SK,2026-08-17,JFK,MIA,11:55,157,13
PR775,PR,2026-08-17,SEA,SFO,05:05,126,11
PR234,PR,2026-08-17,JFK,ORD,14:40,129,17
AU105,AU,8/17/2026,BOS,JFK,17:15,63,10
AU575,AU,2026-08-21, Sea,DFW,20:50,232,27
BW636,BW,2026-08-22,LAX,PHX,09:25,79,-7
PR289,PR,2026-08-18,ORD,PHL ,19:25,119,84
PR728,PR,2026-08-20,PHX,LAX,11:25,74,5
PR161,PR,2026-08-22,BOS,MSP,10:00,177,-2
PR292,PR,8/21/2026,ORD, Phl,09:25,122,2
SK394,SK,2026-08-18,PHX,ATL,15:15,219,-5
BW180,BW,2026-08-23,JFK,SFO,19:10,353,-3
PR375,PR,2026-08-21,MIA,ATL,13:25,108,13
BW315,BW,8/22/2026,dfw,ATL,20:35,115,1
SK353,SK,2026-08-18,ATL,CLT,15:20,64,4
BW686,BW,2026-08-18,SEA,LAX,20:45,156,-7
AU196,AU,2026-08-23,JFK,MIA,18:45,162,11
AU386,AU,2026-08-18,phx,atl,05:25,221,1
AU352,AU,8/19/2026,ATL,LAX,13:20,274,6
SK716,SK,2026-08-19,SFO,LAX,07:45,81,13
BW442,BW,2026-08-18,LAX,ORD,07:45,232,13
BW569,BW,8/18/2026,LAX,IAH,11:05,205,18
PR149,PR,2026-08-22,ORD,BOS,15:35,135,1
SK181,SK,2026-08-19,JFK,LAX,18:25,330,-5
AU527,AU,2026-08-21,MSP ,SEA,08:40,197,-8
PR113,PR,2026-08-17,JFK,BOS,11:10,41,37
BW410,BW,2026-08-21,DEN, Ord,06:20,140,7
PR139,PR,2026-08-18,BOS,ORD,19:45,141,-7
BW161,BW,2026-08-21,JFK,LAX,08:10,331,-8
PR688,PR,2026-08-20,PHX,DEN,09:25,111,-7
AU708,AU,2026-08-17,LAX,SEA,08:15,152,30
SK143,SK,2026-08-17,BOS,ORD,19:20,134,12
SK642,SK,2026-08-18,LAX,DEN,13:55,143,10
AU275,AU,2026-08-18,PHL,CLT,09:35,89,4
BW478,BW,2026-08-17,DFW,ORD,07:55,140,-6
BW187,BW,2026-08-19,SFO,JFK,18:55,356,6
PR353,PR,2026-08-18,DFW,ATL,14:05,122,6
BW476,BW,8/21/2026,DFW,ORD,06:40,129,8
PR706,PR,2026-08-21,LAX,DEN,06:45,131,-1
PR194,PR,2026-08-19,LAX,JFK,08:25,334,9
AU168,AU,2026-08-21,SFO,BOS,05:05,362,-2
BW693,BW,2026-08-22,SEA,SFO,18:55,109,51
BW120,BW,8/18/2026,BOS,ATL,15:30,148,
PR298,PR,8/19/2026,ATL,PHL,11:35,109,10
PR299,PR,2026-08-17,ATL,PHL,20:35,115,4
BW440,BW,2026-08-21,LAX,ORD,07:25,249,14
PR748,PR,2026-08-20,SFO,LAX,08:35,74,78
PR741,PR,2026-08-17,LAX,LAS,14:15,59,12
BW688,BW,2026-08-19,SFO,SEA,17:45,129,-7
AU279,AU,2026-08-21,CLT,PHL,18:35,81,15
PR217,PR,2026-08-22,MIA,JFK,09:30,170,10
PR576,PR,2026-08-19,MSP,DTW,06:00,97,5
BW469,BW,8/23/2026,ORD,DFW,20:40,131,1
PR507,PR,8/21/2026,ORD,sfo,07:55,270,
PR687,PR,2026-08-17,PHX,DEN,06:30,104,-3
PR114,PR,2026-08-18,JFK,BOS,16:00,51,15
BW641,BW,2026-08-19,PHX,SEA,10:15,166,89
SK436,SK,8/17/2026,SEA,ORD,16:20,247,n/a
SK514,SK,2026-08-18,MSP,SEA,14:35,207,-6
PR429,PR,2026-08-17,IAH,ATL,11:35,120,3
BW564,BW,2026-08-22,IAH,LAX,11:20,201,0
PR313,PR,2026-08-19,IAD,ATL,19:45,101,0
AU563,AU,2026-08-21,DFW,SEA,06:15,238,6
PR421,PR,2026-08-21,atl,SEA,17:40,289,17
AU103,AU,2026-08-21,BOS,JFK,09:50,48,-3
BW576,BW,2026-08-18,SLC,DEN,14:00,78,
AU392,AU,2026-08-19,CLT,ORD,08:25,109,-4
BW674,BW,2026-08-20,SFO,LAX,16:45,78,3
SK673,SK,2026-08-21,PHX,LAX,06:55,82,33
AU561,AU,8/21/2026,LAX,DFW,19:25,175,86
AU281,AU,2026-08-23,IAD,DEN,07:20,207,-7
AU225,AU,2026-08-22,ord,JFK,05:25,132,-1
PR588,PR,2026-08-17,MSP,DEN,19:00,107,
AU399,AU,2026-08-19,DFW,CLT,21:55,149,-3
BW225,BW,2026-08-18,JFK,ORD,10:05,124,16
PR185,PR,8/21/2026,JFK,LAX,09:15,345,67
PR343,PR,2026-08-19, Atl,DFW,14:45,118,-6
PR608,PR,2026-08-18,DEN,DFW,14:50,115,13
AU476,AU,2026-08-23,MSP,ord,16:30,79,-1
AU417,AU,2026-08-17,ORD,DEN,06:55,137,13
AU568,AU,2026-08-21,DFW,SEA,10:05,240,1
PR569,PR,8/23/2026,LAS,ORD,14:55,218,13
SK256,SK,8/22/2026,ORD,EWR,16:05,113,14
PR345,PR,8/22/2026,ATL,DFW,21:35,130,7
SK274,SK,8/22/2026,IAH,EWR,06:20,205,30
SK295,SK,8/21/2026,PHL,CLT,11:25,89,11
SK441,SK,2026-08-23,ORD,SFO,21:40,265,49
AU613,AU,2026-08-17,SLC,DEN,21:00,83,6
SK206,SK,2026-08-18,SFO,JFK,06:30,354,30
PR464,PR,2026-08-20,MIA,DFW,05:00,172,14
PR510,PR,8/20/2026,SFO,ORD,14:15,272,3
SK228,SK,8/20/2026,ATL,JFK,08:40,129,-4
AU201,AU,2026-08-20,MIA,JFK,12:40,165,37
BW195,BW,8/22/2026,JFK,MIA,14:15,161,-5
BW302,BW,2026-08-20,ORD,ATL,18:25,113,51
PR294,PR,2026-08-18,PHL,ATL,13:25,118,17
BW372,BW,2026-08-18, Atl,IAH,17:15,121,-6
AU569,AU,8/22/2026,DFW,SEA,18:50,240,4
PR760,PR,2026-08-20,SEA,LAX,16:40,135,-4
PR104,PR,2026-08-21,BOS,JFK,13:45,55,3
SK707,SK,2026-08-22,LAX,SFO,07:40,64,7
BW529,BW,2026-08-20,DFW, Lax,09:25,190,-7
BW192,BW,2026-08-18,JFK,MIA ,20:20,164,34
SK186,SK,2026-08-22,LAX,JFK,07:25,344,-1
AU267,AU,2026-08-21,ORD,PHL,10:20,123,0
PR404,PR,2026-08-23,atl,LAX,05:50,268,7
BW687,BW,2026-08-19,SEA,LAX,12:30,152,-5
PR491,PR,8/18/2026,ORD,DEN,19:45,139,-5
PR144,PR,2026-08-21,BOS,ORD,12:05,140,9
SK572,SK,2026-08-17,DFW,LAS,18:15,165,7
AU700,AU,2026-08-17,SFO,LAX,11:00,73,5
BW112,BW,2026-08-19,BOS,IAD,18:50,77,94
PR387,PR,2026-08-18,clt,ATL,21:15,61,-6
SK437,SK,2026-08-17,SEA,ORD,11:45,243,4
PR572,PR,2026-08-22,dtw,MSP,20:35,89,4
BW624,BW,2026-08-21,SLC,SEA,15:55,112,6
SK543,SK,2026-08-23,LAX,DFW,19:25,185,31
BW191,BW,8/22/2026,JFK,MIA,14:55,168,5
SK450,SK,2026-08-20,SFO,ORD,07:10,267,6
BW178,BW,2026-08-20,LAX,JFK,17:45,341,51
PR391,PR,2026-08-22,ATL,DEN,07:50,178,4
AU382,AU,2026-08-23,ATL,PHX,15:45,236,5
SK270,SK,2026-08-21,EWR,IAH,07:45,201,4
AU326,AU,2026-08-22,MIA,ATL,14:30,104,121
BW637,BW,2026-08-23,LAX,PHX,10:15,81,7
SK678,SK,8/21/2026,LAX,PHX,19:10,70,47
PR483,PR,2026-08-21,ORD,DEN,13:10,147,8
SK238,SK,2026-08-17,JFK,ORD,09:20,120,62
AU166,AU,2026-08-23,BOS,sfo,10:15,358,-1
PR379,PR,2026-08-22,ATL,CLT,19:05,57,6
BW414,BW,2026-08-20,ORD,SEA,17:50,246,
PR373,PR,2026-08-19,MIA,ATL,11:55,99,8
PR312,PR,8/18/2026,IAD,ATL,08:20,97,-7
PR401,PR,2026-08-18,ATL,LAX,10:05,262,3
BW193,BW,2026-08-20,JFK,MIA,16:45,164,5
PR678,PR,2026-08-18,DEN,PHX,08:00,115,-8
PR634,PR,2026-08-23,DFW,phx,14:25,141,-7
BW580,BW,2026-08-21,DEN,PHX ,20:20,93,0
PR274,PR,2026-08-18,DEN,EWR,21:20,228,23
PR492,PR,8/19/2026,DEN,ORD,13:50,139,4
SK692,SK,8/20/2026,LAS,LAX ,09:35,65,-4
BW443,BW,8/21/2026,LAX,ORD,16:35,249,11
PR301,PR,2026-08-18,PHL,CLT,05:30,84,-3
SK113,SK,2026-08-19,JFK,Boston Logan International,09:05,58,12
PR589,PR,8/20/2026,MSP,DEN,08:05,105,11
BW634,BW,2026-08-20,LAX,PHX,19:05,84,-7
SK217,SK,2026-08-18, Jfk,MIA,05:05,162,15
BW431,BW,2026-08-17,ORD,LAX,12:10,258,0
SK215,SK,8/19/2026,JFK,MIA,14:45,167,2
AU701,AU,2026-08-18,SFO,LAX,20:45,69,51
SK285,SK,2026-08-21,PHL,ATL,11:15,104,33
AU567,AU,2026-08-19,DFW,SEA,08:40,233,7
AU559,AU,8/23/2026,LAX,DFW,13:20,198,55
BW237,BW,2026-08-17,EWR,ORD,05:55,117,7
AU587,AU,2026-08-21,DFW,LAS,21:05,156,10
SK135,SK,2026-08-20,ATL,BOS,17:00,150,-7
AU547,AU,8/22/2026,DEN,DFW,11:05,106,7
AU687,AU,2026-08-21,LAX,LAS,15:55,55,-4
SK111,SK,2026-08-18, Jfk,BOS,14:30,50,12
AU171,AU,2026-08-20,JFK,LAX,19:10,345,42
AU457,AU,2026-08-20,LAX,ORD,20:30,250,6
AU408,AU,8/23/2026,DFW,MIA,17:15,176,14
AU711,AU,2026-08-23,LAX,SEA,20:25,151,31
BW497,BW,2026-08-17,LAX,DTW,06:05,279,8
AU359,AU,2026-08-18,LAX,ATL,20:45,284,-1
BW262,BW,8/22/2026,PHL,ORD,14:10,107,29
AU667,AU,2026-08-19, Sea,SLC,17:05,134,-6
BW329,BW,8/18/2026,MIA,ATL,18:05,107,-4
AU320,AU,2026-08-19,ATL,MIA,13:20,108,33
BW551,BW,8/20/2026,DFW,slc,06:40,152,10
PR690,PR,2026-08-19, Den,LAS,09:40,108,8
SK488,SK,8/18/2026,LAS,ORD,10:05,218,8
PR712,PR,2026-08-23,DEN,SFO,12:35,147,-6
SK170,SK,2026-08-19,BOS,SFO ,14:00,371,0
SK339,SK,2026-08-17,DFW,ATL,17:00,118,10
SK583,SK,8/20/2026,DFW,SLC,16:30,142,71
BW519,BW,8/20/2026,DFW,DEN,15:45,109,43
PR501,PR,2026-08-18,ORD,SEA,17:30,244,-7
AU176,AU,2026-08-20,LAX,JFK,05:00,344,6
PR598,PR,2026-08-17,MSP,SLC,21:05,163,-3
PR382,PR,2026-08-22,ATL,CLT,16:55,59,-7
BW308,BW,2026-08-17,ATL,DFW,18:35,125,0
AU331,AU,2026-08-19,CLT,ATL,09:35,64,-5
PR535,PR,2026-08-20,ORD,DTW,19:40,61,79
SK406,SK,2026-08-17,DFW,clt,11:30,142,-3
BW242,BW,2026-08-20,ORD,EWR,09:40,107,12
PR528,PR,8/22/2026,ORD,MSP,19:10,71,-2
AU257,AU,2026-08-21,DEN,EWR,12:45,228,13
BW364,BW,2026-08-18,ATL,SEA,19:10,292,-8
SK719,SK,2026-08-20,SFO,LAX,21:50,75,7
SK715,SK,2026-08-17,SFO,LAX,08:50,80,-6
PR514,PR,8/18/2026,ORD,LAX,05:25,254,-8
PR437,PR,8/18/2026,ATL,PHX,11:30,219,-4
BW696,BW,2026-08-21,SEA,SFO,16:45,122,14
AU602,AU,2026-08-18,iah,LAX,13:35,207,78
PR684,PR,2026-08-17,DEN,phx,07:05,102,-4
SK144,SK,2026-08-23,ORD,bos,05:00,140,19
BW141,BW,8/18/2026,DTW,BOS,21:35,108,2
PR367,PR,2026-08-18,MIA,ATL,10:50,92,7
AU419,AU,2026-08-22,ORD,DEN,06:35,153,17
SK501,SK,8/17/2026,MSP,DTW,07:50,99,3
AU688,AU,8/20/2026,LAX,LAS,08:50,50,-2
AU110,AU,2026-08-17,JFK,BOS,06:35,51,0
PR327,PR,8/23/2026,ATL,ORD,08:05,92,29
PR356,PR,2026-08-21,DFW,ATL,13:30,113,14
SK568,SK,2026-08-21,PHX,DFW,07:40,144,13
AU666,AU,2026-08-23,SLC,sea,05:40,113,47
BW256,BW,2026-08-19,EWR,IAH,09:30,200,24
SK358,SK,2026-08-23,CLT,ATL,11:05,51,3
PR661,PR,2026-08-23,DEN,IAH ,10:35,133,12
BW430,BW,2026-08-23,SFO, Ord,07:15,256,7
BW341,BW,2026-08-21,ATL,DEN,11:00,188,5
PR774,PR,2026-08-21,SEA,SFO,09:25,115,-5
BW418,BW,2026-08-21,SEA,ORD,16:05,245,7
SK340,SK,2026-08-17,ATL,MIA,08:50,104,13
AU258,AU,2026-08-17,EWR,IAH,06:20,206,11
BW680,BW,2026-08-21,LAX,SEA,05:10,149,-2
BW669,BW,2026-08-17,LAX,SFO,12:35,71,
SK363,SK,2026-08-22,DEN ,ATL,13:25,184,-5
BW658,BW,2026-08-18,LAX,SFO,09:35,71,69
AU572,AU,2026-08-23,SEA,DFW ,09:00,242,5
AU685,AU,2026-08-17,LAS,LAX,13:00,67,7
AU284,AU,2026-08-21,DEN,IAD,09:35,212,-1
BW282,BW,2026-08-22,ATL,PHL,13:40,119,20
AU412,AU,2026-08-17,mia,LAX,14:00,321,5
AU473,AU,8/21/2026,MSP,ORD,09:15,63,-6
BW617,BW,2026-08-21,DEN,SEA,16:40,161,13
PR163,PR,2026-08-21,MSP,BOS,14:05,168,1
BW451,BW,8/18/2026,ORD,MSP,05:15,71,74
BW546,BW,2026-08-18,LAS,DFW,10:20,160,6
SK410,SK,2026-08-20,MIA,DFW,10:10,167,0
BW491,BW,2026-08-21,SLC,ORD,18:25,188,13
SK266,SK,2026-08-19,SFO,EWR ,15:40,349,115
SK400,SK,2026-08-18,ORD,CLT,13:10,104,-7
BW235,BW,2026-08-19,EWR,ORD,06:15,122,12
AU364,AU,2026-08-21,ATL,SEA,10:15,294,-7
BW331,BW,2026-08-18,MIA,ATL,14:35,101,38
BW525,BW,2026-08-18,DEN,DFW,08:35,103,-1
PR558,PR,2026-08-22,DFW,ORD,17:10,135,19
BW299,BW,2026-08-20, Atl,ORD,18:45,109,n/a
PR127,PR,2026-08-18,BOS ,ATL,19:45,140,16
BW590,BW,2026-08-17,LAS,DEN,21:50,107,8
PR621,PR,2026-08-21,DFW,LAX ,20:40,179,12
BW279,BW,8/19/2026,ATL,PHL,05:05,114,-6
PR396,PR,2026-08-17,DEN,ATL,12:55,187,-3
PR135,PR,2026-08-19,BOS,ORD,13:55,135,10
PR218,PR,8/23/2026,MIA,JFK,06:30,159,8
BW117,BW,2026-08-17,IAD,BOS,13:45,76,0
PR721,PR,2026-08-18,SEA,den,14:25,155,-4
SK558,SK,2026-08-19,DFW,PHX,09:00,146,-3
SK740,SK,2026-08-21,SFO,SEA,19:05,114,14
SK439,SK,2026-08-19,ORD,SFO,13:05,259,9
PR215,PR,2026-08-20, Mia,JFK,05:25,175,4
SK223,SK,2026-08-19,MIA,JFK,17:55,173,8
AU689,AU,2026-08-21,LAX,LAS,19:55,62,10
PR673,PR,2026-08-19,DEN,SLC,05:55,77,-3
AU165,AU,2026-08-22,BOS,SFO,11:30,368,6
AU521,AU,2026-08-19,MSP,DEN,20:15,116,7
AU669,AU,8/17/2026,PHX,LAX,14:05,83,-1
PR164,PR,2026-08-19,BOS,DEN ,19:15,250,-3
AU300,AU,2026-08-18,ORD,ATL,18:40,108,1
AU213,AU,2026-08-17,ATL,JFK,07:20,126,3
AU288,AU,2026-08-20, Iad,ATL,19:40,101,22
AU519,AU,2026-08-21,lax,DTW,17:00,281,-7
PR203,PR,2026-08-20,JFK,SFO,14:40,354,10
SK390,SK,8/19/2026,IAH,ATL,08:10,110,13
SK395,SK,8/21/2026,PHX,ATL,08:50,229,25
AU593,AU,2026-08-23,SLC,DFW,18:50,160,13
SK474,SK,8/22/2026,MSP,ORD,20:15,68,3
PR691,PR,2026-08-20,DEN,LAS,14:25,116,8
AU451,AU,8/21/2026,ORD,LAX,12:05,247,0
PR205,PR,2026-08-21,SFO,JFK,08:50,356,11
AU183,AU,2026-08-19,JFK,SFO,09:00,358,8
SK586,SK,2026-08-18,IAH,DEN,17:40,136,6
SK453,SK,2026-08-17,SFO,ORD,09:25,269,-4
BW139,BW,2026-08-19,DTW ,BOS,18:35,120,2
PR716,PR,2026-08-22,SFO,DEN,09:00,149,-3
PR474,PR,2026-08-22,MIA,LAX,07:50,314,-8
AU665,AU,2026-08-20,SLC,SEA,05:55,114,66
PR350,PR,8/21/2026,DFW,ATL,10:50,126,5
AU163,AU,2026-08-17,BOS,SFO,16:55,373,
AU390,AU,2026-08-23,PHX,ATL,14:00,222,13
AU495,AU,2026-08-21,ORD,LAS,17:55,214,-4
SK411,SK,2026-08-20,DFW,MIA,13:55,171,41
SK373,SK,2026-08-23, Lax,ATL,20:15,278,1
PR431,PR,2026-08-19, Iah,ATL,14:35,115,-6
AU724,AU,2026-08-20,SEA,SFO,15:50,120,12
PR527,PR,2026-08-23,ORD,MSP,14:10,79,20
SK306,SK,2026-08-17,DEN,IAD,13:35,209,-2
PR211,PR,8/21/2026,JFK,MIA,18:55,165,94
PR174,PR,8/23/2026,DFW,BOS,08:55,221,1
SK504,SK,2026-08-20,MSP,DTW,17:00,99,75
BW397,BW,2026-08-18,MIA ,LAX,18:20,323,13
BW490,BW,2026-08-20,slc,ORD,06:00,191,32
SK282,SK,2026-08-23,ORD,PHL,07:25,116,21
PR480,PR,2026-08-22,LAX,MIA,09:25,317,-2
AU210,AU,2026-08-21,ATL ,JFK,16:00,134,0
PR402,PR,2026-08-20,ATL,LAX,20:35,263,8
PR339,PR,2026-08-22,ATL,DFW,11:00,132,14
PR219,PR,2026-08-17,MIA,JFK,12:50,165,5
BW492,BW,8/17/2026, Slc,ORD,21:05,188,4
SK683,SK,2026-08-22,PHX,sea,18:45,169,0
AU208,AU,2026-08-23,JFK,ATL,15:55,124,11
PR297,PR,2026-08-17,ATL,PHL,16:25,121,-2
AU361,AU,2026-08-21,LAX,ATL,19:10,270,17
SK535,SK,2026-08-22,DFW,LAX,13:50,165,5
BW280,BW,8/18/2026,ATL,PHL,18:25,104,5
PR607,PR,2026-08-22,DFW,DEN,11:30,117,12
SK320,SK,8/18/2026,ATL,ORD,13:25,107,-2
SK302,SK,2026-08-20,iad, Den,05:25,222,-6
AU546,AU,2026-08-19,Denver International,DFW,21:55,113,-1
SK597,SK,2026-08-19,LAX ,IAH,06:00,201,-4
PR471,PR,2026-08-21,DFW,MIA,15:55,170,60
AU432,AU,2026-08-20,ORD,SEA,18:35,248,13
SK163,SK,2026-08-22,BOS,DFW,12:55,218,-5
BW253,BW,8/19/2026,EWR,IAH,16:05,202,8
BW534,BW,2026-08-17,LAX,DFW,14:45,183,41
SK552,SK,2026-08-19,SEA,DFW,13:30,227,13
AU526,AU,2026-08-21,DEN,MSP,17:30,109,3
SK702,SK,2026-08-22,LAX,LAS,15:40,62,13
BW684,BW,2026-08-19,SEA,LAX,13:10,150,-5
BW594,BW,2026-08-18,DEN,LAX,09:05,127,7
BW227,BW,2026-08-19,ORD,JFK,09:40,121,14
PR719,PR,2026-08-21,DEN,SEA,20:35,155,-1
PR197,PR,2026-08-21,LAX,JFK,12:10,340,5
AU493,AU,2026-08-23,DFW,ORD,19:05,134,-4
SK600,SK,2026-08-22,LAX,IAH,12:55,198,13
BW541,BW,8/18/2026,DFW,LAS,14:35,162,10
BW550,BW,8/19/2026,DFW,SLC,09:50,143,-5
SK637,SK,8/19/2026,DEN,LAX,15:45,144,12
SK157,SK,2026-08-22,BOS,DEN,14:55,252,1
AU509,AU,2026-08-23,SLC ,ORD,15:50,188,-6
AU324,AU,2026-08-22,MIA,ATL,16:55,104,12
BW559,BW,2026-08-19,DEN,IAH,17:55,135,
AU577,AU,2026-08-17,dfw,PHX,16:20,134,-7
BW692,BW,2026-08-23,SFO,SEA,17:05,122,111
PR201,PR,2026-08-19,JFK,SFO,19:35,351,-8
BW278,BW,2026-08-18,phl,ATL,15:15,115,14
SK232,SK,8/23/2026,ATL,JFK,18:10,128,33
SK449,SK,8/19/2026,SFO,ORD,19:10,272,12
SK620,SK,2026-08-19,PHX,DEN,19:05,93,14
SK322,SK,2026-08-19,ATL, Ord,06:40,105,9
PR703,PR,2026-08-23,DEN,LAX,21:55,137,-1
BW535,BW,2026-08-20,DFW,SEA,14:00,240,11
BW391,BW,2026-08-18,DFW,CLT,05:15,133,-1
BW483,BW,2026-08-23,ORD,LAS,08:45,222,28
AU600,AU,2026-08-17,IAH,LAX,18:40,199,-7
PR324,PR,2026-08-17,ATL,ORD,09:35,117,-1
AU422,AU,2026-08-21,ORD,DEN,14:45,147,63
PR330,PR,2026-08-23,ATL,ORD,09:40,101,
AU173,AU,2026-08-18,JFK,LAX,05:45,337,-2
PR365,PR,2026-08-23,ATL,MIA,18:30,99,16
PR669,PR,2026-08-17,LAX, Iah,08:25,195,-4
PR550,PR,2026-08-19,ORD,DFW,12:25,135,14
AU679,AU,2026-08-20,PHX,SEA,09:10,156,43
SK269,SK,8/18/2026,EWR,IAH,16:25,205,42
SK647,SK,2026-08-21,LAX,DEN,16:30,136,58
SK137,SK,2026-08-21,BOS,ORD ,19:10,144,-2
AU117,AU,2026-08-22,JFK,BOS,16:40,49,10
PR555,PR,8/23/2026,DFW,ORD,05:05,132,3
PR755,PR,8/20/2026,LAX,sea,12:35,152,-7
AU172,AU,8/22/2026,JFK,LAX,05:30,338,-2
BW250,BW,2026-08-19,DEN,EWR,08:20,235,8
SK150,SK,8/17/2026,BOS,DTW,20:00,110,10
PR209,PR,8/17/2026,SFO,JFK,18:10,357,10
AU384,AU,2026-08-23,ATL,PHX,09:00,227,13
BW445,BW,2026-08-23,LAX,ORD,19:10,258,2
SK260,SK,2026-08-17,SFO,EWR,05:45,355,9
AU449,AU,2026-08-23,SFO,ORD,15:30,256,11
PR522,PR,2026-08-18,LAX,ORD,08:45,237,28
SK252,SK,2026-08-17,EWR,ord,13:40,111,-6
BW537,BW,2026-08-22,dfw,PHX,07:50,136,15
PR560,PR,2026-08-18,ORD,LAS,06:25,227,16
PR473,PR,2026-08-19,MIA,LAX,19:15,322,-6
AU147,AU,8/23/2026,DTW,BOS,10:45,110,-8
PR355,PR,2026-08-20, Dfw,ATL,09:10,109,-8
AU184,AU,2026-08-18,JFK,SFO,19:25,359,5
AU523,AU,8/17/2026,den,MSP,14:15,117,12
PR681,PR,2026-08-17,DEN,PHX,08:05,103,11
BW503,BW,2026-08-21,MSP,DEN,14:00,125,6
BW137,BW,8/21/2026,BOS,DTW,15:05,108,
SK571,SK,2026-08-18,PHX,DFW,17:40,136,13
PR333,PR,2026-08-22,ORD,ATL,07:25,109,7
AU349,AU,2026-08-18,ATL,LAX,12:30,274,0
PR644,PR,2026-08-22,LAS,DFW,14:50,157,11
BW405,BW,8/22/2026,ORD,DEN,10:10,128,33
SK190,SK,2026-08-21,LAX,JFK,08:50,337,50
BW224,BW,2026-08-23,JFK,ORD ,15:00,117,83
SK108,SK,2026-08-23,bos,JFK,07:35,60,64
SK712,SK,2026-08-21,LAX,SFO,19:10,67,12
PR233,PR,8/17/2026,jfk,ORD,16:35,125,-1
BW502,BW,2026-08-19,MSP,DEN,13:45,110,2
AU636,AU,2026-08-17,LAX,den,21:00,139,54
AU652,AU,2026-08-23,DEN,SEA,12:10,160,3
SK383,SK,2026-08-19,ATL,IAH,12:05,123,-1
AU681,AU,2026-08-23,SEA,PHX,08:50,178,11
BW585,BW,2026-08-17,PHX,DEN,10:35,111,84
BW251,BW,2026-08-23,DEN,EWR,09:00,222,3
PR177,PR,2026-08-21,BOS,SFO,07:45,370,28
PR654,PR,2026-08-17,IAH,DEN,06:15,148,5
SK151,SK,2026-08-18,BOS,DTW,07:15,116,8
AU659,AU,8/19/2026, Sea,DEN,20:20,157,41
PR323,PR,8/21/2026,ATL,IAD,16:40,95,-4
AU714,AU,2026-08-21,SEA,LAX ,20:00,154,6
PR116,PR,2026-08-23,JFK,BOS,19:40,46,47
BW182,BW,2026-08-18,JFK,SFO,19:50,352,-8
AU169,AU,2026-08-17,SFO,BOS,08:05,368,27
PR702,PR,2026-08-19,DEN,LAX,20:40,136,-2
BW565,BW,2026-08-17,IAH,LAX ,15:45,213,-3
AU660,AU,2026-08-22,SEA,DEN,13:30,166,-2
BW416,BW,8/19/2026,ORD,SEA,13:05,250,3
AU514,AU,2026-08-18,DTW,LAX,15:25,272,29
BW429,BW,2026-08-22,SFO,ORD,10:30,255,6
SK298,SK,2026-08-21,PHL,CLT,08:15,92,10
AU211,AU,2026-08-22,ATL,JFK,07:10,114,12
PR392,PR,2026-08-23,ATL,DEN,16:10,187,-3
AU462,AU,2026-08-19,LAX,ORD,05:45,249,7
PR394,PR,2026-08-17,ATL,DEN,10:05,189,-4
AU141,AU,2026-08-19,ORD,BOS,08:35,129,19
PR455,PR,2026-08-17,CLT,DFW,12:15,139,17
SK196,SK,8/18/2026,JFK,SFO,16:00,357,-6
BW454,BW,2026-08-19,MSP,ORD,14:55,61,-4
AU629,AU,8/21/2026,DEN,LAX,16:05,128,8
SK404,SK,2026-08-19,CLT,DFW,20:20,150,14
BW229,BW,2026-08-19, Ord,JFK,13:20,130,33
PR141,PR,2026-08-23,BOS,ORD,20:40,137,-4
PR645,PR,2026-08-22,LAS,DFW,20:20,162,117
AU605,AU,2026-08-18,LAX,IAH,05:30,203,2
AU278,AU,8/19/2026,CLT,PHL,20:55,78,-3
PR212,PR,2026-08-23,JFK,MIA,12:50,156,-2
AU160,AU,2026-08-18,DFW,BOS,05:45,218,9
BW378,BW,2026-08-18,ATL,PHX,12:00,221,-8
SK345,SK,2026-08-18,MIA,ATL,15:00,103,2
AU555,AU,2026-08-18,LAX,DFW,08:20,178,-7
PR744,PR,2026-08-19,lax,SFO ,09:15,73,-4
AU232,AU,2026-08-19,EWR,ORD,21:00,125,89
SK540,SK,2026-08-19,DFW,LAX,14:50,182,28
BW116,BW,2026-08-23,BOS,IAD,11:45,93,-2
AU448,AU,2026-08-18,SFO,ORD,09:25,265,10
SK415,SK,2026-08-19,MIA,LAX,08:45,321,5
PR631,PR,8/18/2026,SEA,DFW,14:00,241,-4
BW394,BW,2026-08-22,MIA ,DFW,21:30,162,2
BW577,BW,2026-08-19,SLC,DEN,05:15,83,3
BW309,BW,2026-08-17,DFW,ATL,16:55,119,-1
AU579,AU,2026-08-20,DFW,PHX,09:25,139,-4
BW587,BW,8/20/2026,DEN,LAS,06:10,119,4
BW475,BW,2026-08-20,DFW,ORD,20:05,138,14
SK430,SK,2026-08-22,DEN,ORD,08:55,138,12
BW489,BW,8/18/2026,ORD,SLC,16:45,190,5
SK303,SK,2026-08-18,DEN,IAD,06:20,211,-5
SK592,SK,2026-08-17,DEN,IAH,16:15,145,35
BW553,BW,2026-08-18,SLC,dfw,17:20,151,-7
PR395,PR,2026-08-20,ATL,DEN,20:45,176,-8
SK744,SK,2026-08-20,SEA,SFO,17:15,112,-2
BW455,BW,2026-08-18,MSP,ORD,19:25,76,10
AU583,AU,2026-08-19,PHX,DFW,16:15,137,2
PR193,PR,2026-08-21,LAX,JFK,18:20,346,42
BW208,BW,2026-08-19,JFK, Atl,11:20,119,10
BW283,BW,2026-08-19,PHL,CLT,07:45,85,0
PR518,PR,2026-08-19,ORD, Lax,20:25,244,12
BW320,BW,2026-08-18,ATL,MIA,20:15,105,14
PR704,PR,2026-08-19,LAX,DEN,10:30,143,14
BW532,BW,2026-08-21,LAX,DFW,16:35,182,13
BW217,BW,2026-08-18,ATL,JFK,21:50,120,10
BW102,BW,2026-08-20,BOS,jfk,16:05,54,5
BW521,BW,2026-08-20,DEN,DFW,10:05,107,45
AU534,AU,8/19/2026,SEA,MSP,07:00,208,-6
BW441,BW,2026-08-23,LAX,ORD ,17:00,243,14
PR511,PR,2026-08-18, Sfo,ORD,18:55,250,22
SK271,SK,2026-08-17,IAH,EWR,06:55,200,-7
AU664,AU,2026-08-17,SLC,SEA,07:55,111,10
AU470,AU,2026-08-22,MSP,ORD,20:50,74,10
BW683,BW,2026-08-22,SEA ,LAX,13:05,144,8
PR525,PR,2026-08-20,ORD,MSP,21:35,68,6
AU246,AU,8/18/2026,SFO,EWR,21:30,348,20
SK291,SK,8/18/2026,ATL,PHL,21:50,110,-8
PR731,PR,8/19/2026,LAX,PHX,08:25,85,-5
BW651,BW,8/23/2026,LAS,LAX,11:45,61,-5
SK687,SK,2026-08-21,SEA,PHX,15:35,165,5
AU148,AU,2026-08-19,DTW,BOS,12:00,103,-3
BW122,BW,2026-08-21,BOS,ATL,06:20,159,n/a
BW142,BW,2026-08-18,BOS,MSP,08:15,171,11
PR451,PR,2026-08-20,ORD,CLT,14:35,113,n/a
PR735,PR,8/19/2026,PHX,SEA,09:05,163,-4
BW198,BW,2026-08-23,mia,jfk,21:25,164,0
SK255,SK,2026-08-23,ORD,EWR,07:20,111,12
BW128,BW,2026-08-20,BOS,ORD,15:05,136,36
AU306,AU,2026-08-17,ORD,ATL,08:55,101,-5
AU581,AU,2026-08-17,PHX,DFW,06:15,139,13
BW438,BW,2026-08-20,ORD,LAX,07:45,254,-1
PR119,PR,2026-08-19,BOS,IAD,21:00,80,-8
BW125,BW,2026-08-22, Bos,ATL,10:30,144,12
PR296,PR,8/22/2026,ATL,PHL,13:10,120,-5
AU261,AU,2026-08-23,IAH,EWR,09:05,204,2
AU327,AU,2026-08-17,ATL,clt,07:15,54,5
PR199,PR,2026-08-17,JFK,SFO,10:50,355,89
SK331,SK,8/19/2026,ORD,ATL,17:55,98,1
BW458,BW,2026-08-17,ORD,DTW,13:45,65,56
BW650,BW,2026-08-22,LAS,LAX,14:45,67,13
SK499,SK,2026-08-17,DTW,MSP,21:25,89,
PR192,PR,2026-08-19,LAX,JFK,21:45,333,3
BW111,BW,2026-08-18,JFK,BOS,16:10,48,10
AU610,AU,2026-08-17,SLC,DEN,14:00,79,-8
SK632,SK,2026-08-19,DEN,LAX,19:50,131,9
SK254,SK,2026-08-22,ORD,EWR ,19:15,116,2
AU554,AU,2026-08-17,LAX,DFW,14:00,184,10
SK466,SK,2026-08-23,ORD,MSP,20:55,71,-1
BW603,BW,2026-08-18,DEN,SFO,09:00,149,9
AU632,AU,2026-08-22,DEN,LAX,11:30,132,-1
AU628,AU,8/18/2026,LAS,DEN,19:40,110,1
SK615,SK,2026-08-23,DEN,PHX,07:05,106,6
AU180,AU,8/20/2026,LAX,jfk,05:45,335,3
AU513,AU,2026-08-18,MSP,DTW,08:50,94,12
SK579,SK,2026-08-17,LAS,DFW,13:10,161,14
AU355,AU,2026-08-22,lax,ATL,11:50,277,122
SK304,SK,2026-08-19,DEN,IAD,05:50,204,13
SK485,SK,2026-08-21,DFW,ORD,05:05,123,-7
AU156,AU,2026-08-18,BOS,DFW,18:25,216,40
PR184,PR,2026-08-19,JFK,LAX,13:55,339,1
BW295,BW,2026-08-17,atl,IAD,19:30,100,6
SK593,SK,2026-08-22,DEN,IAH,09:45,143,10
PR383,PR,2026-08-17,CLT,ATL,11:25,64,22
SK214,SK,8/17/2026,JFK,MIA,07:45,175,-2
BW556,BW,2026-08-19,IAH,DEN,16:50,139,-4
SK156,SK,2026-08-17,BOS,DEN,18:40,248,42
AU262,AU,2026-08-17,IAH,EWR,19:10,201,-4
SK507,SK,2026-08-18,LAX,DTW,06:55,277,8
BW169,BW,2026-08-22,JFK,LAX,05:50,348,21
BW346,BW,2026-08-19,ATL,DEN,12:15,185,14
PR277,PR,2026-08-20,EWR, Iah,14:50,205,2
PR672,PR,2026-08-20,DEN,SLC,19:05,78,-3
BW207,BW,2026-08-18,JFK,ATL,20:00,126,-7
SK200,SK,8/21/2026,JFK,SFO,16:20,353,-1
BW209,BW,2026-08-22,JFK ,ATL,17:20,120,0
BW136,BW,2026-08-19,BOS,DTW,20:45,100,68
BW695,BW,2026-08-19,SEA,SFO,20:20,116,4
BW352,BW,2026-08-21,DEN,ATL,11:50,184,6
SK114,SK,2026-08-21,JFK,BOS,09:10,46,13
BW496,BW,2026-08-19,DTW,LAX,21:30,283,14
PR740,PR,2026-08-20,LAS,LAX,08:35,58,22
SK728,SK,2026-08-18,LAX,SEA,12:05,144,8
PR600,PR,2026-08-17,MSP,SLC,07:10,159,3
AU259,AU,2026-08-17,EWR,IAH,19:50,198,127
BW201,BW,2026-08-19,mia,JFK,16:45,167,7
SK723,SK,8/22/2026,SFO,LAX,08:55,73,17
PR432,PR,2026-08-19,IAH,ATL,09:45,113,18
SK401,SK,2026-08-21,ORD,CLT,08:20,92,8
AU719,AU,2026-08-17,SFO,SEA,21:25,107,1
SK658,SK,2026-08-23,SFO,DEN,15:45,158,3
BW505,BW,8/23/2026,DEN,MSP,08:55,120,3
SK613,SK,8/20/2026,SLC,DEN,21:50,78,-8
SK726,SK,2026-08-17,LAX,SEA,13:35,149,11
SK639,SK,2026-08-21,den,LAX,07:35,130,9
BW104,BW,8/23/2026,BOS,JFK,15:00,59,9
SK599,SK,8/19/2026,LAX,IAH,08:30,208,10
AU270,AU,2026-08-17,phl,ATL,09:55,116,-4
SK131,SK,2026-08-21,ATL,BOS,10:55,154,1
BW188,BW,2026-08-19,SFO,JFK,08:20,357,11
PR763,PR,8/22/2026,SFO,SEA,10:10,119,4
BW343,BW,2026-08-21,ATL,den,05:10,179,-2
PR753,PR,2026-08-22,LAX,SEA,17:05,149,10
SK564,SK,2026-08-21,PHX,DFW,19:50,134,10
PR412,PR,2026-08-18,LAX,ATL,06:20,265,5
AU645,AU,8/23/2026,DEN ,SFO,07:10,151,-3
PR143,PR,2026-08-18,BOS,ORD,11:45,145,17
AU313,AU,2026-08-23,ATL,DFW,06:10,120,-4
PR727,PR,2026-08-21,SEA,SLC ,16:35,109,14
AU594,AU,8/18/2026,SLC,DFW,14:15,157,14
PR223,PR,2026-08-17,JFK,ATL,15:05,118,8
BW661,BW,8/20/2026,LAX,SFO,20:10,64,7
SK547,SK,2026-08-17,DFW,SEA,08:05,228,15
SK550,SK,2026-08-20,DFW,SEA,19:05,222,42
AU477,AU,2026-08-17,MSP,ORD,10:40,77,0
SK116,SK,2026-08-18,BOS,IAD,14:15,77,10
AU263,AU,2026-08-23,IAH,EWR,13:25,203,1
SK257,SK,2026-08-17,EWR,SFO,07:40,333,46
AU325,AU,8/23/2026,MIA,ATL,17:05,101,7
PR733,PR,8/22/2026, Lax,PHX,09:50,79,20
AU650,AU,2026-08-23,SFO,DEN,07:35,141,27
PR537,PR,2026-08-19,DTW,ORD,18:20,54,-5
SK718,SK,2026-08-19,SFO,lax,06:05,74,-2
BW540,BW,2026-08-19,PHX,DFW,19:35,140,9
PR767,PR,2026-08-21,SFO,SEA,21:25,108,2
AU597,AU,2026-08-17,IAH,DEN,13:05,133,26
SK523,SK,2026-08-19,DFW,DEN,21:25,94,12
SK227,SK,8/21/2026,JFK,ATL,21:40,124,16
SK533,SK,2026-08-18,DFW,LAX,13:10,182,-6
AU704,AU,2026-08-23,SFO,LAX,20:00,77,17
BW640,BW,2026-08-18,PHX,SEA,16:40,175,11
SK188,SK,8/17/2026,LAX,JFK,14:45,331,25
AU302,AU,2026-08-23,ORD,ATL,10:15,113,-3
PR310,PR,2026-08-17,DEN,IAD,13:40,213,-2
AU574,AU,2026-08-19, Sea,DFW,11:10,250,3
AU309,AU,2026-08-18,ATL,DFW,12:10,118,13
SK487,SK,2026-08-20,ORD,LAS,17:45,219,9
PR232,PR,2026-08-22,JFK,ORD,15:30,132,39
BW316,BW,8/18/2026,ATL,MIA,18:00,104,11
SK187,SK,2026-08-23,LAX,JFK,17:40,333,4
SK671,SK,2026-08-18,PHX,LAX,20:55,92,-3
PR200,PR,2026-08-18,JFK,SFO,10:55,351,-8
PR300,PR,2026-08-17,PHL,CLT,11:05,101,1
SK520,SK,2026-08-20,SLC,MSP,16:35,153,-7
AU721,AU,2026-08-22,SFO,SEA,05:25,107,-6
BW539,BW,2026-08-18,PHX,DFW,20:00,129,2
PR601,PR,2026-08-18,MSP,SLC,07:45,157,10
AU317,AU,2026-08-23,DFW,ATL,13:05,119,-7
AU391,AU,2026-08-18,CLT,ORD,21:50,105,-2
SK421,SK,2026-08-19,ORD,DEN,08:55,141,7
SK198,SK,2026-08-22,JFK,SFO,17:00,363,4
BW538,BW,2026-08-18,DFW,PHX,18:05,138,-6
AU674,AU,2026-08-21,PHX,LAX,21:15,74,-6
AU588,AU,2026-08-19,LAS ,DFW,21:55,170,12
SK595,SK,8/21/2026,IAH,LAX,14:20,198,-7
AU624,AU,2026-08-23,DEN,LAS,08:10,109,-7
AU501,AU,2026-08-20,ORD,LAS,08:25,213,34
AU405,AU,2026-08-19,MIA,DFW,05:00,168,41
PR372,PR,2026-08-17,mia,ATL,21:40,111,-5
AU718,AU,2026-08-18,SFO,SEA,16:35,122,-4
AU533,AU,2026-08-17,SEA,MSP,06:50,198,35
AU589,AU,8/21/2026,LAS,DFW,05:15,154,2
BW115,BW,2026-08-23,BOS,IAD,05:30,95,2
SK717,SK,2026-08-18,SFO,LAX,05:20,73,12
PR714,PR,2026-08-17,SFO,DEN ,13:20,155,10
BW305,BW,2026-08-20,ATL,DFW,18:45,134,11
PR481,PR,8/23/2026,LAX,MIA,18:50,316,14
PR204,PR,2026-08-22, Jfk,SFO,16:45,355,24
BW631,BW,8/19/2026,phx,LAX ,06:35,78,14
AU397,AU,8/20/2026,CLT,DFW,13:30,160,-6
PR472,PR,2026-08-17,MIA,LAX,18:15,319,41
PR776,PR,2026-08-20,SEA,SFO,11:00,117,6
BW290,BW,2026-08-22,IAD,DEN,09:55,208,-3
PR737,PR,2026-08-22,SEA,PHX,08:50,163,0
BW268,BW,8/19/2026,PHL,ORD,15:10,120,7
PR630,PR,2026-08-20,SEA,DFW,11:15,232,-8
AU694,AU,8/22/2026,LAX,SFO,08:05,69,13
BW363,BW,2026-08-19,LAX,ATL,16:35,270,5
AU338,AU,8/17/2026,ATL,DEN,07:30,173,56
AU573,AU,2026-08-17,SEA,DFW,09:00,230,8
BW162,BW,2026-08-23,JFK,LAX,20:55,340,6
PR176,PR,8/18/2026,BOS,SFO,06:35,364,
SK175,SK,8/21/2026,JFK, Lax,12:55,330,14
SK739,SK,2026-08-20,SFO,SEA,13:15,115,-5
PR552,PR,2026-08-23,DFW,ORD,15:15,123,5
BW266,BW,8/22/2026,PHL,ORD,17:45,121,8
BW584,BW,2026-08-20, Phx,DEN,18:35,113,1
PR686,PR,2026-08-23,phx,DEN,07:35,106,-2
BW428,BW,2026-08-17,SFO,ORD,17:50,250,
BW632,BW,2026-08-22,PHX,LAX,12:15,66,8
AU403,AU,2026-08-23,MIA,DFW,06:30,171,46
PR618,PR,8/18/2026,DFW,LAX,14:00,188,-5
BW402,BW,2026-08-17,ORD,DEN,15:30,135,1
AU599,AU,2026-08-21,IAH,DEN,17:55,146,1
AU420,AU,2026-08-19,ORD,DEN,05:15,149,23
SK538,SK,8/21/2026,DFW,LAX,05:25,181,4
BW307,BW,8/23/2026,ATL,DFW,20:30,122,-8
AU434,AU,2026-08-22,ORD,SEA,07:35,239,7
SK555,SK,2026-08-17,DFW,PHX,21:25,139,4
PR582,PR,2026-08-22,DTW,LAX,21:10,275,18
BW384,BW,2026-08-21,CLT,ORD,18:15,110,1
SK312,SK,2026-08-18,IAD,ATL,08:10,105,47
AU179,AU,2026-08-20,LAX,JFK,21:15,328,-7
PR728,PR,2026-08-20,PHX,LAX,11:25,74,5
AU709,AU,2026-08-20,LAX,SEA,19:25,152,-3
PR485,PR,2026-08-18,ORD,DEN,18:40,135,11
BW575,BW,2026-08-20,DEN,SLC,13:30,74,-8
AU299,AU,2026-08-17,ORD,ATL,10:15,113,9
SK239,SK,8/21/2026,ORD,JFK,16:20,131,129
SK455,SK,2026-08-18,ORD,LAX,20:15,241,-4
PR151,PR,2026-08-21,ORD,BOS,05:10,147,28
PR772,PR,8/23/2026,SEA,SFO,20:10,107,39
BW231,BW,8/23/2026,JFK,SEA,16:10,336,n/a
AU344,AU,2026-08-19,DEN,DEN,21:15,175,10
PR254,PR,2026-08-19,EWR,ORD,19:30,117,3
PR629,PR,2026-08-18,SEA,DFW,05:50,245,1
SK160,SK,8/17/2026,DEN,BOS,11:45,258,-1
AU373,AU,2026-08-17,ATL,IAH,06:50,114,16
SK412,SK,8/20/2026,DFW,MIA,19:00,175,5
SK155,SK,2026-08-23,MSP,BOS,13:40,168,11
BW211,BW,2026-08-22,JFK,ATL,12:55,133,144
PR257,PR,2026-08-17,ORD,EWR,18:25,118,18
AU209,AU,2026-08-18,ATL,JFK,11:40,126,12
PR639,PR,2026-08-19,DFW,LAS,10:10,158,221
SK621,SK,2026-08-21,PHX,den,19:40,105,6
BW379,BW,8/19/2026,PHX,ATL,05:35,227,12
PR626,PR,8/22/2026,LAX,DFW,17:45,180,14
AU223,AU,2026-08-18,ORD,JFK,11:15,117,-1
PR696,PR,2026-08-21,LAS,DEN,20:15,116,-6
SK458,SK,2026-08-17,LAX,ORD,18:30,234,11
SK641,SK,2026-08-19,DEN,LAX,15:40,138,-3
SK618,SK,2026-08-18,PHX,DEN,16:30,100,2
PR416,PR,2026-08-19,lax,ATL,08:55,270,-3
AU571,AU,2026-08-22,SEA,DFW,15:55,239,17
SK321,SK,2026-08-18,atl,ORD,11:55,98,-2
SK253,SK,2026-08-19,ORD,ewr,05:35,116,27
BW411,BW,2026-08-18,DEN,ORD,10:35,154,-1
BW547,BW,8/18/2026,LAS,DFW,11:25,163,11
SK268,SK,2026-08-23, Ewr,DEN,10:05,219,8
PR170,PR,2026-08-23,BOS,DFW,13:30,236,-8
AU705,AU,8/17/2026,SFO,LAX,05:05,76,5
SK224,SK,2026-08-21,MIA,JFK,11:20,174,30
SK123,SK,2026-08-17,BOS,ATL,15:00,146,
PR362,PR,2026-08-20,ATL ,MIA,12:10,111,49
AU371,AU,2026-08-19,ATL,IAH,12:15,116,1
BW300,BW,8/17/2026,ATL,ORD,09:05,103,3
SK481,SK,2026-08-18,ORD,DFW,11:50,122,46
AU377,AU,2026-08-18,IAH,ATL,18:15,118,3
AU653,AU,2026-08-17,DEN,SEA,05:25,159,-8
SK424,SK,2026-08-19,ORD,DEN,08:30,130,13
BW435,BW,2026-08-22,ORD, Lax,21:00,244,8
SK233,SK,2026-08-17,ATL,JFK,19:00,121,38
PR534,PR,2026-08-18,ORD,DTW ,15:55,54,-5
SK362,SK,2026-08-18,DEN,ATL,18:40,187,
AU565,AU,2026-08-17,DFW,SEA,08:15,240,9
AU508,AU,2026-08-20,ORD,SLC,18:00,186,242
PR278,PR,2026-08-21,EWR,IAH,21:25,204,13
PR329,PR,2026-08-19,ATL,ORD,08:10,107,1
SK305,SK,2026-08-23,DEN,IAD,13:35,220,-7
AU630,AU,8/17/2026,DEN,lax,09:20,144,10
PR747,PR,2026-08-18,SFO,LAX,14:30,74,
BW270,BW,2026-08-20,ORD,PHL ,16:45,114,6
BW425,BW,2026-08-22,ORD,SFO,14:05,265,10
SK337,SK,2026-08-20,DFW,ATL,18:30,113,-3
PR461,PR,2026-08-18,DFW,CLT,19:20,149,11
SK506,SK,2026-08-17,DTW,LAX,05:35,268,8
BW598,BW,8/20/2026,LAX,DEN,19:20,138,23
BW109,BW,2026-08-20,JFK,BOS,10:40,46,4
PR530,PR,8/21/2026,MSP,ORD,20:05,81,-2
SK682,SK,8/21/2026,PHX,SEA,05:25,167,-5
BW297,BW,2026-08-19,ATL,ORD,15:35,96,15
SK237,SK,2026-08-21,jfk,ORD,17:20,133,36
AU268,AU,2026-08-18,ORD,phl,21:00,113,-6
SK414,SK,2026-08-18,MIA,LAX,20:55,316,11
AU680,AU,2026-08-18,PHX,SEA,19:35,166,8
BW465,BW,8/18/2026,DTW,ORD,12:40,55,3
AU234,AU,8/18/2026,EWR,ORD,10:40,127,13
BW618,BW,2026-08-22,DEN,SEA,12:30,159,
SK396,SK,8/23/2026,PHX,ATL,21:50,241,14
BW570,BW,2026-08-21,LAX,IAH,16:45,209,-7
PR597,PR,2026-08-20,SEA,MSP,14:25,212,46
AU590,AU,2026-08-20,LAS,DFW,14:20,167,
AU143,AU,2026-08-23,ORD,BOS,07:30,140,-6
PR325,PR,2026-08-20,ATL,ORD,17:45,92,3
PR202,PR,8/17/2026,JFK,SFO,05:30,358,23
SK646,SK,2026-08-20,LAX, Den,19:30,143,14
PR711,PR,2026-08-19,DEN,SFO,06:40,145,11
SK522,SK,8/18/2026,SLC,MSP,08:50,155,2
SK529,SK,2026-08-19,DFW,DEN,20:20,111,15
AU460,AU,8/22/2026,LAX,ORD,05:55,250,-4
AU242,AU,2026-08-22,EWR,sfo,12:20,350,4
PR270,PR,8/17/2026,Newark Liberty International,DEN,21:35,238,-3
SK553,SK,2026-08-22,SEA ,DFW,16:25,238,-4
AU720,AU,2026-08-20,SFO,SEA,08:40,106,33
PR165,PR,2026-08-20,BOS,DEN ,08:40,242,20
SK324,SK,8/17/2026,ATL,ORD,13:25,99,31
SK234,SK,2026-08-21,JFK,ORD,19:40,114,9
AU472,AU,2026-08-19,MSP ,ORD,08:25,72,-7
AU415,AU,2026-08-18,LAX,MIA,17:50,328,3
BW514,BW,2026-08-17,DFW,den,14:05,101,-1
PR420,PR,8/20/2026,ATL,SEA,20:05,307,0
PR120,PR,2026-08-22,IAD, Bos,20:00,87,-4
PR406,PR,2026-08-20,ATL,LAX,05:35,267,-8
AU658,AU,2026-08-23,SEA,DEN,18:10,148,-4
BW626,BW,2026-08-22,SEA,slc,12:40,114,-7
PR283,PR,8/18/2026, Iah,EWR,21:30,214,42
SK654,SK,2026-08-18,DEN,SFO,14:30,150,-6
PR380,PR,8/18/2026,ATL,CLT,16:00,59,-8
PR610,PR,2026-08-22,den,DFW,20:50,104,-7
AU522,AU,8/22/2026,MSP,DEN,16:55,113,8
AU130,AU,2026-08-22,ATL,BOS,17:55,147,8
SK721,SK,2026-08-17,SFO,LAX,06:30,63,-2
SK605,SK,2026-08-18,DEN,SLC,18:20,71,13
AU215,AU,2026-08-20,ATL, Jfk,19:55,127,9
BW131,BW,8/19/2026,BOS,ORD,09:35,132,24
PR181,PR,8/19/2026,JFK,LAX,15:00,334,6
SK644,SK,2026-08-17,LAX,DEN,12:05,133,56
SK483,SK,8/18/2026,ORD,DFW,07:20,132,8
PR288,PR,2026-08-22,ORD,PHL,19:30,104,7
PR281,PR,2026-08-18,IAH,EWR,09:05,202,14
BW330,BW,8/23/2026,MIA,ATL,08:00,100,-4
AU465,AU,2026-08-22,ORD,MSP,15:25,71,12
PR562,PR,2026-08-18,ORD,LAS,19:25,216,16
BW252,BW,8/17/2026,DEN,ewr,08:20,225,2
AU672,AU,2026-08-17,PHX,LAX,20:30,80,14
PR445,PR,2026-08-20,PHX,ATL,07:35,229,14
PR128,PR,2026-08-20,BOS,ATL,13:25,139,55
AU549,AU,2026-08-18, Den,DFW,14:10,106,-2
PR641,PR,2026-08-23,DFW,LAS,08:50,165,7
AU580,AU,2026-08-20, Dfw,PHX,15:40,129,14
BW432,BW,2026-08-18,ORD,LAX,20:40,250,11
PR663,PR,2026-08-20,DEN,IAH,10:35,135,56
AU598,AU,8/19/2026,IAH,DEN,12:00,139,47
PR348,PR,2026-08-21,DFW,ATL,21:50,116,0
BW126,BW,2026-08-20,ATL,BOS,19:30,155,-5
AU297,AU,2026-08-23,ATL,ORD,12:05,98,5
PR331,PR,2026-08-22,ORD,ATL,20:20,108,15
PR311,PR,2026-08-22,DEN,IAD,11:40,211,-6
BW274,BW,2026-08-19,PHL,ATL,17:10,118,7
SK562,SK,2026-08-21, Dfw,PHX,16:55,137,12
SK465,SK,2026-08-20,ORD,MSP,19:20,74,24
SK628,SK,2026-08-20,LAS,DEN,15:45,110,5
BW694,BW,2026-08-23,SEA,SFO,21:55,115,17
SK502,SK,8/18/2026,MSP,DTW,13:50,98,-1
BW132,BW,2026-08-20,BOS,ORD,18:15,142,-2
BW347,BW,8/21/2026,ATL,DEN,20:55,173,5
SK299,SK,8/22/2026,PHL,clt,07:45,89,50
PR770,PR,8/19/2026,SEA,SFO,16:10,116,3
SK729,SK,2026-08-23,LAX,sea,05:55,141,72
PR477,PR,8/20/2026,LAX,MIA,17:15,319,59
SK370,SK,2026-08-18,LAX,ATL,15:35,275,1
PR111,PR,2026-08-20,JFK,BOS,18:15,52,9
AU240,AU,2026-08-20,ORD,EWR,13:10,124,5
SK347,SK,8/19/2026,MIA,ATL,10:40,114,0
PR166,PR,2026-08-23,BOS,DEN,07:40,260,5
BW468,BW,2026-08-19,ORD,DFW,15:40,125,1
PR619,PR,8/22/2026,DFW,LAX,16:00,188,68
BW233,BW,2026-08-22,SEA,JFK,06:05,334,-7
BW152,BW,2026-08-20,DFW,BOS,09:30,214,2
BW199,BW,2026-08-17,MIA,JFK,06:50,166,12
SK213,SK,2026-08-18, Jfk,MIA,21:40,172,13
SK318,SK,2026-08-22,ATL,IAD,16:55,99,-5
BW439,BW,2026-08-21,ORD,LAX,07:30,249,1
